O,1645778249310939818
O,1645778249410926077
4,1645778249510988966
T,1645778249610900170
z,1645778249710900467
T,1645778249810958911
3,1645778249910887245
a,1645778250010896856
i,1645778250110888115
Y,1645778250210900170
3,1645778250310948429
8,1645778250410892651
h,1645778250510899632
W,1645778250610885798
r,1645778250710857428
w,1645778250810880372
L,1645778250910876501
T,1645778251010878926
K,1645778251110891555
5,1645778251210885739
O,1645778251310892794
H,1645778251410876663
D,1645778251510878310
G,1645778251610875661
b,1645778251710897530
P,1645778251810888307
X,1645778251910879547
9,1645778252010855954
o,1645778252110883582
A,1645778252210859876
a,1645778252310897597
A,1645778252410879669
Y,1645778252510895649
c,1645778252610885703
b,1645778252710864443
X,1645778252810877330
3,1645778252910874773
f,1645778253010852475
6,1645778253110881084
l,1645778253210856823
B,1645778253310882561
7,1645778253410877281
r,1645778253510870742
s,1645778253610872111
d,1645778253710870442
j,1645778253810871051
m,1645778253910902752
y,1645778254010858843
C,1645778254110879248
6,1645778254210875634
3,1645778254310912853
Y,1645778254410882888
L,1645778254510864348
E,1645778254610872734
m,1645778254710881917
w,1645778254810887266
d,1645778254910874411
K,1645778255010850705
3,1645778255110877942
P,1645778255210874291
U,1645778255310890658
c,1645778255410908840
Y,1645778255510873633
2,1645778255610868537
E,1645778255710880256
9,1645778255810868494
X,1645778255910865046
G,1645778256010846691
m,1645778256110874391
d,1645778256210872091
1,1645778256310916790
v,1645778256410875898
k,1645778256510868672
t,1645778256610850038
o,1645778256710879201
L,1645778256810868660
a,1645778256910873268
Y,1645778257010848634
K,1645778257110876908
k,1645778257210868866
d,1645778257310884010
L,1645778257410865561
I,1645778257510863964
y,1645778257610837219
Y,1645778257710882511
5,1645778257810882970
t,1645778257910861465
9,1645778258010842813
N,1645778258110874771
w,1645778258210867506
Z,1645778258310877279
r,1645778258410863867
W,1645778258510861936
7,1645778258610836302
r,1645778258710842686
l,1645778258810877051
E,1645778258910862842
O,1645778259010837837
1,1645778259110868109
z,1645778259210839178
0,1645778259310857913
0,1645778259410857463
u,1645778259510858347
i,1645778259610832286
r,1645778259710855465
g,1645778259810872330
4,1645778259910855510
P,1645778260010834616
F,1645778260110859961
M,1645778260210861122
9,1645778260310855190
s,1645778260410878721
h,1645778260510857567
Q,1645778260610855672
q,1645778260710899110
D,1645778260810869697
T,1645778260910904894
h,1645778261010872222
N,1645778261110869900
q,1645778261210877134
e,1645778261310885331
w,1645778261410867306
h,1645778261510864003
8,1645778261610840960
1,1645778261710856898
W,1645778261810870428
t,1645778261910864440
D,1645778262010838896
u,1645778262110864000
s,1645778262210856660
C,1645778262310860597
u,1645778262410856830
r,1645778262510863749
7,1645778262610839260
d,1645778262710856124
i,1645778262810871653
n,1645778262910847257
f,1645778263010838472
8,1645778263110860705
2,1645778263210856809
1,1645778263310905579
F,1645778263410883071
s,1645778263510843156
g,1645778263610839796
f,1645778263710871659
j,1645778263810866225
u,1645778263910881273
8,1645778264010837210
O,1645778264110860276
H,1645778264210852952
w,1645778264310867740
0,1645778264410863084
B,1645778264510859909
d,1645778264610844993
9,1645778264710866504
A,1645778264810859217
9,1645778264910857413
2,1645778265010834979
N,1645778265110876118
2,1645778265210856887
t,1645778265310857952
a,1645778265410859962
u,1645778265510859768
k,1645778265610831315
h,1645778265710848621
X,1645778265810873593
Q,1645778265910855381
U,1645778266010830909
A,1645778266110855029
Y,1645778266210846297
V,1645778266310851566
B,1645778266410853926
m,1645778266510851361
N,1645778266610830037
s,1645778266710867120
R,1645778266810855833
4,1645778266910847972
k,1645778267010827037
Y,1645778267110846434
T,1645778267210847109
1,1645778267310859692
U,1645778267410893460
T,1645778267510860635
A,1645778267610833551
6,1645778267710838930
c,1645778267810856883
K,1645778267910849373
D,1645778268010825585
d,1645778268110849093
h,1645778268210844342
F,1645778268310848072
U,1645778268410843580
H,1645778268510847940
A,1645778268610845874
C,1645778268710853308
w,1645778268810846909
f,1645778268910844621
c,1645778269010846406
P,1645778269110845358
q,1645778269210825754
9,1645778269310847262
u,1645778269410874714
z,1645778269510851203
v,1645778269610827155
F,1645778269710856755
r,1645778269810853262
K,1645778269910876936
K,1645778270010830925
b,1645778270110848043
s,1645778270210844624
l,1645778270310863538
a,1645778270410842953
L,1645778270510845052
E,1645778270610818781
k,1645778270710909603
R,1645778270810842091
p,1645778270910851284
4,1645778271010819901
e,1645778271110841945
Q,1645778271210835136
k,1645778271310838939
u,1645778271410837001
u,1645778271510815748
z,1645778271610816329
2,1645778271710834853
6,1645778271810838804
w,1645778271910848810
h,1645778272010818650
g,1645778272110843989
J,1645778272210834514
V,1645778272310838853
p,1645778272410834840
B,1645778272510836605
V,1645778272610836759
i,1645778272710869802
Q,1645778272810842141
K,1645778272910881591
3,1645778273010817005
i,1645778273110842769
u,1645778273210813274
t,1645778273310846446
T,1645778273410834322
U,1645778273510836401
E,1645778273610834684
g,1645778273710825671
F,1645778273810837713
f,1645778273910871867
T,1645778274010820779
H,1645778274110839173
I,1645778274210833641
t,1645778274310844312
1,1645778274410831354
A,1645778274510832914
l,1645778274610833215
1,1645778274710814220
C,1645778274810834280
p,1645778274910830526
v,1645778275010806808
r,1645778275110832701
V,1645778275210833761
E,1645778275310834339
L,1645778275410827195
J,1645778275510829662
P,1645778275610831703
q,1645778275710841467
1,1645778275810833064
n,1645778275910877197
8,1645778276010814165
2,1645778276110832724
W,1645778276210826838
2,1645778276310848879
w,1645778276410862697
z,1645778276510844108
X,1645778276610832186
A,1645778276710829745
d,1645778276810865749
k,1645778276910832327
o,1645778277010806201
6,1645778277110827259
z,1645778277210821096
6,1645778277310826321
z,1645778277410831398
z,1645778277510827679
E,1645778277610824682
k,1645778277710822611
0,1645778277810828262
Q,1645778277910849728
Z,1645778278010846620
t,1645778278110840382
F,1645778278210834348
3,1645778278310808387
5,1645778278410839168
a,1645778278510924948
M,1645778278610825858
S,1645778278710805416
O,1645778278810807974
L,1645778278910824477
F,1645778279010800813
V,1645778279110826315
O,1645778279210818613
l,1645778279310836689
X,1645778279410828561
K,1645778279510824397
j,1645778279610820880
2,1645778279710833364
S,1645778279810822532
M,1645778279910828071
k,1645778280010801055
G,1645778280110820001
T,1645778280210821687
k,1645778280310822059
K,1645778280410869301
S,1645778280510835377
j,1645778280610827286
Y,1645778280710859954
B,1645778280810851511
h,1645778280910852660
w,1645778281010801514
i,1645778281110824311
a,1645778281210821145
A,1645778281310819702
l,1645778281410818536
d,1645778281510816981
i,1645778281610815668
5,1645778281710821798
5,1645778281810819836
5,1645778281910819411
R,1645778282010793153
K,1645778282110814838
a,1645778282210812042
p,1645778282310824654
4,1645778282410967172
5,1645778282510802729
9,1645778282610816896
n,1645778282710804600
8,1645778282810822267
b,1645778282911015433
7,1645778283010842823
s,1645778283110802286
q,1645778283210811378
a,1645778283310824730
c,1645778283410818359
A,1645778283510812915
1,1645778283610811155
J,1645778283710809915
h,1645778283810787396
A,1645778283910815692
0,1645778284010799340
b,1645778284110814802
s,1645778284210805542
Y,1645778284310784727
l,1645778284410809912
c,1645778284510809170
B,1645778284610831503
U,1645778284710826761
h,1645778284810826575
E,1645778284910815982
Z,1645778285010797333
8,1645778285110806332
X,1645778285210787831
7,1645778285310817404
v,1645778285410810217
b,1645778285510807883
C,1645778285610804585
4,1645778285710794029
M,1645778285810822379
I,1645778285910806693
e,1645778286010808488
T,1645778286110868819
B,1645778286210805892
S,1645778286310807112
2,1645778286410802592
l,1645778286510804109
c,1645778286610802903
1,1645778286710804698
3,1645778286810787640
H,1645778286910806139
B,1645778287010848896
3,1645778287110820375
t,1645778287210805817
1,1645778287310814019
a,1645778287410808054
e,1645778287510776144
d,1645778287610800994
j,1645778287710819176
6,1645778287810804267
J,1645778287910800246
y,1645778288010777448
d,1645778288110803445
P,1645778288210796627
V,1645778288310780995
k,1645778288410802084
L,1645778288510814952
4,1645778288610798708
v,1645778288710864372
P,1645778288810799795
Q,1645778288910815163
D,1645778289010819919
1,1645778289110810916
r,1645778289210794357
M,1645778289310801150
T,1645778289410797165
r,1645778289510852699
8,1645778289610802955
4,1645778289710801118
s,1645778289810802448
B,1645778289910773389
J,1645778290010776719
1,1645778290110799715
C,1645778290210777378
C,1645778290310794745
1,1645778290410795741
m,1645778290510802348
p,1645778290610794696
e,1645778290710811470
U,1645778290810776003
t,1645778290910792555
v,1645778291010770403
S,1645778291110796880
X,1645778291210787783
L,1645778291310800945
v,1645778291410795922
F,1645778291510775195
g,1645778291610793821
z,1645778291710781501
A,1645778291810795515
3,1645778291910801252
N,1645778292010769840
O,1645778292110794502
5,1645778292210786701
C,1645778292310765010
k,1645778292410804376
W,1645778292510801519
4,1645778292610789644
q,1645778292710790991
Y,1645778292810786504
u,1645778292910805536
z,1645778293010766920
s,1645778293110791304
u,1645778293210789558
A,1645778293310789941
2,1645778293410787861
v,1645778293510823486
u,1645778293610797999
p,1645778293710809345
Z,1645778293810796988
O,1645778293910808982
j,1645778294010765125
T,1645778294110790526
q,1645778294210786780
E,1645778294310794829
o,1645778294410788046
l,1645778294510785540
T,1645778294610782367
U,1645778294710851176
i,1645778294810765374
e,1645778294910788071
X,1645778295010758028
3,1645778295110786337
0,1645778295210765830
a,1645778295310780953
G,1645778295410781484
i,1645778295510798755
5,1645778295610789841
I,1645778295710785057
Z,1645778295810788328
d,1645778295910779488
C,1645778296010882907
W,1645778296110796438
T,1645778296210791005
6,1645778296310804683
g,1645778296410782639
U,1645778296510780706
1,1645778296610779829
b,1645778296710775340
J,1645778296810783851
Z,1645778296910796196
z,1645778297010766115
0,1645778297110758756
2,1645778297210774063
q,1645778297310788629
E,1645778297410866196
o,1645778297510782263
Z,1645778297610775570
i,1645778297710840377
I,1645778297810777666
G,1645778297910777381
K,1645778298010763762
n,1645778298110779569
J,1645778298210771838
K,1645778298310778219
O,1645778298410775026
Z,1645778298510773592
2,1645778298610767658
R,1645778298710772076
r,1645778298810769179
Z,1645778298910774560
2,1645778299010759755
2,1645778299110775969
6,1645778299210768183
U,1645778299310774192
6,1645778299410772721
m,1645778299510746768
y,1645778299610766611
6,1645778299710787751
N,1645778299810775835
F,1645778299910769697
d,1645778300010759410
L,1645778300110789364
G,1645778300210800281
f,1645778300310767290
9,1645778300410777522
U,1645778300510771346
R,1645778300610770226
g,1645778300710761624
A,1645778300810773059
j,1645778300910770476
w,1645778301010783412
U,1645778301110772106
W,1645778301210747578
G,1645778301310745679
m,1645778301410769577
s,1645778301510766715
n,1645778301610763206
n,1645778301710765733
H,1645778301810766186
d,1645778301910765288
M,1645778302010763945
K,1645778302110776027
d,1645778302210763554
Q,1645778302310773729
o,1645778302410773627
j,1645778302510764413
D,1645778302610800254
k,1645778302710789263
p,1645778302810771734
Y,1645778302910766446
z,1645778303010775843
S,1645778303110767333
t,1645778303210759489
F,1645778303310775886
5,1645778303410766875
0,1645778303510763420
i,1645778303610764150
W,1645778303710755565
h,1645778303810768832
q,1645778303910780692
D,1645778304010739515
d,1645778304110791374
L,1645778304210757585
i,1645778304310735944
r,1645778304410738785
5,1645778304510761329
Y,1645778304610759744
d,1645778304710759677
s,1645778304810757573
q,1645778304910757359
E,1645778305010751977
D,1645778305110764947
A,1645778305210739880
r,1645778305310738683
d,1645778305410759245
w,1645778305510758585
a,1645778305610758666
o,1645778305710785840
g,1645778305810762235
O,1645778305910734372
L,1645778306010751434
f,1645778306110736941
o,1645778306210733577
C,1645778306310739046
t,1645778306410759163
u,1645778306510755892
D,1645778306610790269
Z,1645778306710756145
O,1645778306810766837
u,1645778306910731399
P,1645778307010762553
a,1645778307110759040
V,1645778307210751157
i,1645778307310752663
I,1645778307410752965
N,1645778307510761101
o,1645778307610750680
o,1645778307710752020
y,1645778307810746618
e,1645778307910725180
e,1645778308010766537
C,1645778308110749524
r,1645778308210747400
m,1645778308310726627
3,1645778308410753188
V,1645778308510730712
g,1645778308610786995
b,1645778308710770222
H,1645778308810754968
M,1645778308910730696
x,1645778309010769424
c,1645778309110786947
0,1645778309210751970
m,1645778309310739327
p,1645778309410747498
t,1645778309510763669
e,1645778309610750045
2,1645778309710738975
Q,1645778309810750573
0,1645778309910728374
u,1645778310010723638
p,1645778310110758883
a,1645778310210748646
P,1645778310310742336
Y,1645778310410746562
q,1645778310510745030
k,1645778310610744404
K,1645778310710744816
f,1645778310810743598
i,1645778310910720584
y,1645778311010720607
H,1645778311110753703
s,1645778311210737762
q,1645778311310742581
2,1645778311410742807
t,1645778311510741959
J,1645778311610741166
i,1645778311710760485
V,1645778311810744155
a,1645778311910773048
3,1645778312010718737
Q,1645778312110752092
D,1645778312210739780
3,1645778312310723450
C,1645778312410742435
0,1645778312510738716
u,1645778312610740090
o,1645778312710727075
2,1645778312810745337
I,1645778312910718192
p,1645778313010716325
w,1645778313110773920
7,1645778313210741701
P,1645778313310718982
L,1645778313410741929
d,1645778313510751709
E,1645778313610735620
4,1645778313710738048
x,1645778313810736570
r,1645778313910728406
m,1645778314010714723
u,1645778314110735614
6,1645778314210734876
d,1645778314310730396
k,1645778314410733899
6,1645778314510733864
W,1645778314610733570
1,1645778314710716257
n,1645778314810801241
z,1645778314910722540
b,1645778315010713931
q,1645778315110773784
Q,1645778315210715083
m,1645778315310745936
r,1645778315410737308
a,1645778315510742051
m,1645778315610750182
j,1645778315710720647
P,1645778315810774778
m,1645778315910711613
1,1645778316010740633
E,1645778316110734061
i,1645778316210728117
6,1645778316310731952
b,1645778316410729601
2,1645778316510729103
k,1645778316610737511
p,1645778316710734327
6,1645778316810737440
f,1645778316910709515
e,1645778317010706479
q,1645778317110744036
Z,1645778317210725648
l,1645778317310704574
T,1645778317410727668
H,1645778317510727224
r,1645778317610735150
y,1645778317710736540
I,1645778317810729763
e,1645778317910706745
x,1645778318010701894
s,1645778318110723024
S,1645778318210719969
L,1645778318310730173
c,1645778318410728358
H,1645778318510723858
w,1645778318610733414
P,1645778318710701711
0,1645778318810734711
L,1645778318910706156
B,1645778319010701193
z,1645778319110722470
Z,1645778319210715822
s,1645778319310723655
4,1645778319410721988
A,1645778319510721692
s,1645778319610727006
o,1645778319710780098
y,1645778319810726913
w,1645778319910722542
R,1645778320010728042
c,1645778320110724356
k,1645778320210694189
z,1645778320310718170
L,1645778320410720947
C,1645778320510721520
E,1645778320610717890
B,1645778320710733778
A,1645778320810721407
V,1645778320910720017
p,1645778321010696831
5,1645778321110717348
L,1645778321210736773
G,1645778321310714235
R,1645778321410722844
x,1645778321510720176
X,1645778321610711009
N,1645778321710715304
K,1645778321810725043
W,1645778321910721505
i,1645778322010724207
W,1645778322110728650
V,1645778322210743611
F,1645778322310724795
M,1645778322410723663
Z,1645778322510724180
P,1645778322610715327
C,1645778322710691140
L,1645778322810715008
L,1645778322910710655
8,1645778323010691542
l,1645778323110712132
w,1645778323210713870
s,1645778323310713868
i,1645778323410714774
H,1645778323510710808
4,1645778323610743047
w,1645778323710724322
S,1645778323810715116
C,1645778323910733429
P,1645778324010690427
G,1645778324110711720
I,1645778324210711569
k,1645778324310713085
W,1645778324410711434
j,1645778324510706876
i,1645778324610705151
1,1645778324710704722
4,1645778324810710609
2,1645778324910710347
X,1645778325010686696
m,1645778325110705822
W,1645778325210724263
1,1645778325310710667
1,1645778325410707979
q,1645778325510705587
Y,1645778325610701047
O,1645778325710704451
2,1645778325810703651
s,1645778325910682370
k,1645778326010681274
8,1645778326110702882
d,1645778326210749674
e,1645778326310716856
1,1645778326410708889
J,1645778326510715497
v,1645778326610700900
3,1645778326710684304
F,1645778326810688559
M,1645778326910705352
G,1645778327010681200
d,1645778327110679659
c,1645778327210698229
W,1645778327310711132
N,1645778327410703980
6,1645778327510736957
D,1645778327610698916
3,1645778327710684948
7,1645778327810704592
H,1645778327910700162
6,1645778328010680343
d,1645778328110675876
3,1645778328210732445
a,1645778328310678644
c,1645778328410701435
2,1645778328510708134
P,1645778328610700037
A,1645778328710735847
Q,1645778328810702954
R,1645778328910703912
2,1645778329010709777
8,1645778329110677476
a,1645778329210715119
d,1645778329310695002
m,1645778329410695664
Z,1645778329510695251
w,1645778329610695154
g,1645778329710724056
a,1645778329810697903
A,1645778329910694934
2,1645778330010676207
o,1645778330110675738
n,1645778330210693955
c,1645778330310706042
K,1645778330410699721
A,1645778330510691901
i,1645778330610686728
X,1645778330710683149
E,1645778330810694698
n,1645778330910693637
m,1645778331010670632
I,1645778331110668829
O,1645778331210684675
p,1645778331310686391
q,1645778331410729440
0,1645778331510689175
p,1645778331610689354
F,1645778331710690940
9,1645778331810702563
E,1645778331910667965
f,1645778332010667792
B,1645778332110662933
K,1645778332210684779
F,1645778332310683883
p,1645778332410666488
5,1645778332510687573
m,1645778332610686456
j,1645778332710708079
l,1645778332810694553
M,1645778332910689362
t,1645778333010679170
l,1645778333110679348
B,1645778333210687563
g,1645778333310737389
N,1645778333410691826
T,1645778333510687023
p,1645778333610681497
3,1645778333710672361
z,1645778333810664779
3,1645778333910669439
o,1645778334010661876
l,1645778334110659313
J,1645778334210680490
B,1645778334310682390
Z,1645778334410661920
9,1645778334510683430
B,1645778334610676071
O,1645778334710718137
N,1645778334810687241
K,1645778334910661511
c,1645778335010689152
2,1645778335110656329
U,1645778335210697135
x,1645778335310738108
H,1645778335410682434
H,1645778335510688926
2,1645778335610656936
1,1645778335710697687
0,1645778335810684994
n,1645778335910676097
L,1645778336010655607
s,1645778336110678673
W,1645778336210703386
W,1645778336310686582
Y,1645778336410661462
r,1645778336510676712
y,1645778336610674333
N,1645778336710661325
u,1645778336810680261
x,1645778336910678585
O,1645778337010653892
g,1645778337110674623
i,1645778337210680985
f,1645778337310687568
r,1645778337410677411
F,1645778337510672457
n,1645778337610673596
1,1645778337710675661
e,1645778337810671967
A,1645778337910647384
J,1645778338010650208
G,1645778338110671995
C,1645778338210674782
l,1645778338310672198
B,1645778338410671207
R,1645778338510674012
2,1645778338610668299
D,1645778338710673345
S,1645778338810679317
1,1645778338910651104
y,1645778339010649927
n,1645778339110669880
t,1645778339210739407
U,1645778339310693990
I,1645778339410673406
P,1645778339510679729
L,1645778339610645552
G,1645778339710657431
l,1645778339810672199
D,1645778339910664392
B,1645778340010644642
9,1645778340110660927
s,1645778340210645750
r,1645778340310664795
n,1645778340410644933
j,1645778340510666145
7,1645778340610665856
a,1645778340710666531
i,1645778340810662854
l,1645778340910695288
k,1645778341010706721
0,1645778341110655599
z,1645778341210665922
w,1645778341310737577
l,1645778341410667937
B,1645778341510660574
L,1645778341610668193
m,1645778341710655367
O,1645778341810685985
n,1645778341910651493
n,1645778342010656241
L,1645778342110655508
Y,1645778342210650163
e,1645778342310658096
p,1645778342410648269
q,1645778342510646610
3,1645778342610665672
9,1645778342710654716
4,1645778342810663779
o,1645778342910639508
K,1645778343010639756
D,1645778343110667447
w,1645778343210658973
C,1645778343310659831
5,1645778343410657023
j,1645778343510634400
w,1645778343610635073
A,1645778343710673931
H,1645778343810733734
c,1645778343910675407
v,1645778344010640044
1,1645778344110657605
c,1645778344210662982
s,1645778344310659266
v,1645778344410635957
O,1645778344510657407
3,1645778344610668580
G,1645778344710643346
A,1645778344810657852
Q,1645778344910672024
1,1645778345010631123
v,1645778345110653758
l,1645778345210631931
Z,1645778345310656473
Z,1645778345410669905
Y,1645778345510654003
O,1645778345610654138
c,1645778345710662773
h,1645778345810707519
Q,1645778345910665840
P,1645778346010657531
2,1645778346110652629
e,1645778346210656041
L,1645778346310651528
E,1645778346410651311
h,1645778346510654538
2,1645778346610652877
8,1645778346710648308
r,1645778346810653776
J,1645778346910627336
j,1645778347010626897
m,1645778347110643865
I,1645778347210649480
L,1645778347310642818
e,1645778347410644379
D,1645778347510623902
h,1645778347610624444
g,1645778347710661059
R,1645778347810684231
r,1645778347910652569
6,1645778348010648610
S,1645778348110646263
m,1645778348210650360
r,1645778348310665178
1,1645778348410629997
J,1645778348510656835
P,1645778348610652098
N,1645778348710645862
w,1645778348810656736
7,1645778348910632481
o,1645778349010620189
J,1645778349110616674
7,1645778349210647641
S,1645778349310709311
