G,1655712724818335876
M,1655712724918307627
z,1655712725018281657
C,1655712725118290835
u,1655712725218290162
j,1655712725318283730
9,1655712725418278353
M,1655712725518277346
R,1655712725618259136
E,1655712725718282092
N,1655712725818286900
B,1655712725918277783
b,1655712726018270924
8,1655712726118269271
O,1655712726218269674
h,1655712726318269632
l,1655712726418268608
B,1655712726518265511
N,1655712726618268431
h,1655712726718264056
s,1655712726818262422
M,1655712726918261454
7,1655712727018257912
Y,1655712727118254445
G,1655712727218263460
X,1655712727318257549
S,1655712727418261157
P,1655712727518243469
a,1655712727618238354
P,1655712727718230351
K,1655712727818249755
q,1655712727918247344
j,1655712728018247322
H,1655712728118245413
0,1655712728218257744
b,1655712728318250353
1,1655712728418230185
9,1655712728518222257
y,1655712728618224385
S,1655712728718242198
L,1655712728818215715
L,1655712728918237064
d,1655712729018237729
w,1655712729118237062
T,1655712729218234636
z,1655712729318314672
c,1655712729418233136
C,1655712729518212506
9,1655712729618209487
z,1655712729718228209
s,1655712729818226227
1,1655712729918224338
J,1655712730018226615
z,1655712730118226690
X,1655712730218233414
X,1655712730318223489
U,1655712730418199102
z,1655712730518233436
w,1655712730618226975
4,1655712730718221254
M,1655712730818215088
H,1655712730918215571
s,1655712731018214406
3,1655712731118212798
W,1655712731218200115
s,1655712731318193303
f,1655712731418215324
V,1655712731518188846
z,1655712731618188312
d,1655712731718208944
x,1655712731818203280
K,1655712731918200079
y,1655712732018200638
Z,1655712732118200494
E,1655712732218198165
P,1655712732318176614
Y,1655712732418209803
q,1655712732518178123
a,1655712732618176701
f,1655712732718190890
q,1655712732818191487
S,1655712732918171807
g,1655712733018189403
7,1655712733118163594
P,1655712733218198174
B,1655712733318183384
f,1655712733418176760
t,1655712733518196322
8,1655712733618166920
b,1655712733718155426
v,1655712733818179173
S,1655712733918178456
q,1655712734018179592
n,1655712734118158322
W,1655712734218187884
N,1655712734318174762
f,1655712734418168159
B,1655712734518152629
q,1655712734618178248
e,1655712734718142200
o,1655712734818169725
o,1655712734918167047
w,1655712735018172148
k,1655712735118143360
L,1655712735218163795
A,1655712735318156490
9,1655712735418170609
r,1655712735518142081
1,1655712735618142275
j,1655712735718158266
X,1655712735818157886
p,1655712735918156210
9,1655712736018155163
B,1655712736118133229
u,1655712736218161017
W,1655712736318148472
L,1655712736418144797
Z,1655712736518162123
P,1655712736618132393
R,1655712736718143699
9,1655712736818147265
K,1655712736918144609
u,1655712737018145397
z,1655712737118121984
7,1655712737218129736
Q,1655712737318138526
K,1655712737418131186
k,1655712737518119161
b,1655712737618119284
B,1655712737718131759
M,1655712737818137697
N,1655712737918131913
x,1655712738018132147
I,1655712738118111698
7,1655712738218130266
G,1655712738318123169
T,1655712738418106942
E,1655712738518109418
7,1655712738618109969
S,1655712738718117500
w,1655712738818125773
c,1655712738918122676
F,1655712739018120948
5,1655712739118103464
m,1655712739218102849
9,1655712739318115808
a,1655712739418125675
7,1655712739518131338
h,1655712739618101242
z,1655712739718109794
Y,1655712739818110198
q,1655712739918108361
I,1655712740018115394
Q,1655712740118091800
n,1655712740218119816
N,1655712740318106703
q,1655712740418100701
8,1655712740518085014
8,1655712740618086327
P,1655712740718100843
H,1655712740818099693
U,1655712740918098691
m,1655712741018098652
C,1655712741118099762
n,1655712741218093540
r,1655712741318090057
S,1655712741418087464
E,1655712741518073075
6,1655712741618073760
X,1655712741718086148
e,1655712741818086870
0,1655712741918085573
A,1655712742018087498
t,1655712742118067351
5,1655712742218100000
u,1655712742318076316
2,1655712742418077279
f,1655712742518098725
1,1655712742618067374
j,1655712742718073338
d,1655712742818079746
X,1655712742918076117
Z,1655712743018077970
t,1655712743118056158
y,1655712743218085716
N,1655712743318071848
G,1655712743418080572
o,1655712743518053483
T,1655712743618053818
O,1655712743718066135
C,1655712743818065841
i,1655712743918063511
r,1655712744018052902
w,1655712744118045406
u,1655712744218065317
c,1655712744318057562
o,1655712744418057399
M,1655712744518038033
o,1655712744618039370
s,1655712744718060355
t,1655712744818056581
S,1655712744918053289
s,1655712745018059033
1,1655712745118034965
L,1655712745218060544
v,1655712745318049383
v,1655712745418042629
N,1655712745518040838
Z,1655712745618033936
u,1655712745718047441
5,1655712745818046076
A,1655712745918042619
S,1655712746018046624
c,1655712746118023001
3,1655712746218053841
Q,1655712746318039885
x,1655712746418032781
J,1655712746518018880
C,1655712746618016776
Q,1655712746718026523
g,1655712746818034123
M,1655712746918029852
8,1655712747018032729
V,1655712747118012478
J,1655712747218026338
2,1655712747318023217
5,1655712747418034817
5,1655712747518008122
M,1655712747618003816
t,1655712747718020194
x,1655712747818022591
G,1655712747918018914
L,1655712748018021737
n,1655712748118018210
F,1655712748218025535
e,1655712748318014896
i,1655712748417995147
B,1655712748518007045
1,1655712748617998407
F,1655712748718011120
5,1655712748818013871
4,1655712748917990492
P,1655712749018010483
X,1655712749118010290
h,1655712749218020097
S,1655712749318005331
v,1655712749417998046
e,1655712749517984594
k,1655712749617984050
6,1655712749717998579
3,1655712749817998275
O,1655712749917996639
S,1655712750018004187
9,1655712750117999440
t,1655712750217995804
j,1655712750317996836
A,1655712750417967367
y,1655712750517974694
o,1655712750617973818
W,1655712750717982886
r,1655712750817991732
j,1655712750917985911
k,1655712751017989275
A,1655712751117984475
W,1655712751217992803
0,1655712751317981336
o,1655712751417991591
D,1655712751517975975
B,1655712751617962582
n,1655712751717977911
S,1655712751817978573
E,1655712751917974902
s,1655712752017977879
s,1655712752117977394
k,1655712752217989243
X,1655712752317968499
I,1655712752417970033
f,1655712752517952123
9,1655712752617948435
2,1655712752717965691
j,1655712752817965225
C,1655712752917946592
Q,1655712753017965866
A,1655712753117964531
K,1655712753217961419
H,1655712753317958102
t,1655712753417952193
U,1655712753517941025
D,1655712753617937079
i,1655712753717954707
0,1655712753817956261
4,1655712753917953314
R,1655712754017956239
l,1655712754117952442
C,1655712754217959423
w,1655712754317949312
l,1655712754417922275
0,1655712754517942589
9,1655712754617947293
u,1655712754717951367
o,1655712754817949385
b,1655712754917941774
8,1655712755017946329
e,1655712755117944441
R,1655712755217933776
s,1655712755317939110
9,1655712755417949463
k,1655712755517940928
W,1655712755617917651
I,1655712755717936541
k,1655712755817936487
D,1655712755917939284
T,1655712756017935600
9,1655712756117931899
N,1655712756217929198
n,1655712756317926793
Q,1655712756417923814
F,1655712756517909076
H,1655712756617903931
e,1655712756717923526
x,1655712756817901158
F,1655712756917901975
g,1655712757017922255
M,1655712757117921519
0,1655712757217928263
t,1655712757317916379
G,1655712757417909512
j,1655712757517911497
r,1655712757617903502
P,1655712757717914079
d,1655712757817914306
d,1655712757917909124
1,1655712758017913591
m,1655712758117909671
F,1655712758217920287
S,1655712758317902330
c,1655712758417909557
O,1655712758517890322
A,1655712758617886068
8,1655712758717900740
h,1655712758817908597
v,1655712758917899547
M,1655712759017902219
8,1655712759117900318
4,1655712759217895436
h,1655712759317871240
t,1655712759417903617
S,1655712759517875920
w,1655712759617873260
A,1655712759717889433
4,1655712759817891051
r,1655712759917888224
N,1655712760017894564
j,1655712760117889109
C,1655712760217896951
O,1655712760317890089
c,1655712760417881338
S,1655712760517878679
5,1655712760617868576
R,1655712760717885918
s,1655712760817859556
j,1655712760917858342
5,1655712761017880535
r,1655712761117879211
T,1655712761217889868
K,1655712761317872341
H,1655712761417866629
5,1655712761517854379
j,1655712761617852611
Q,1655712761717867416
C,1655712761817867352
O,1655712761917865824
L,1655712762017867685
W,1655712762117866863
U,1655712762217864652
N,1655712762317862662
B,1655712762417856210
N,1655712762517842759
n,1655712762617862251
8,1655712762717857836
V,1655712762817859661
s,1655712762917856228
z,1655712763017857183
s,1655712763117857417
b,1655712763217866115
9,1655712763317852683
E,1655712763417861288
B,1655712763517844207
c,1655712763617834312
K,1655712763717850195
c,1655712763817849615
S,1655712763917844442
1,1655712764017848824
f,1655712764117843430
J,1655712764217854185
U,1655712764317840587
y,1655712764417833934
Y,1655712764517821818
X,1655712764617817073
f,1655712764717836493
y,1655712764817816063
h,1655712764917833947
3,1655712765017840460
H,1655712765117837216
B,1655712765217832527
V,1655712765317827413
e,1655712765417821668
N,1655712765517810721
s,1655712765617808810
Q,1655712765717826769
V,1655712765817825080
N,1655712765917823540
I,1655712766017825777
S,1655712766117823756
F,1655712766217829291
r,1655712766317817437
c,1655712766417815212
U,1655712766517811062
0,1655712766617825541
E,1655712766717816187
m,1655712766817816926
c,1655712766917813775
g,1655712767017816495
n,1655712767117811550
G,1655712767217823197
x,1655712767317811067
F,1655712767417816177
E,1655712767517810158
T,1655712767617787250
m,1655712767717801415
t,1655712767817806007
S,1655712767917802099
U,1655712768017804487
u,1655712768117800302
h,1655712768217799062
d,1655712768317794729
P,1655712768417777470
M,1655712768517777175
0,1655712768617774304
H,1655712768717793434
k,1655712768817772028
V,1655712768917791454
c,1655712769017793251
2,1655712769117793419
y,1655712769217800365
p,1655712769317786775
r,1655712769417780499
a,1655712769517780408
H,1655712769617768466
r,1655712769717781652
m,1655712769817784765
3,1655712769917781119
R,1655712770017786658
Q,1655712770117782494
o,1655712770217789071
h,1655712770317782278
L,1655712770417750930
3,1655712770517757285
v,1655712770617753084
o,1655712770717776772
q,1655712770817779794
o,1655712770917774112
E,1655712771017774078
I,1655712771117770472
g,1655712771217766550
w,1655712771317762740
v,1655712771417772874
5,1655712771517747712
G,1655712771617745846
w,1655712771717759776
K,1655712771817759984
0,1655712771917758767
P,1655712772017762012
u,1655712772117760369
2,1655712772217766597
N,1655712772317756233
k,1655712772417747442
r,1655712772517747337
v,1655712772617735547
z,1655712772717749497
i,1655712772817728484
f,1655712772917748953
3,1655712773017749699
9,1655712773117747225
5,1655712773217759047
r,1655712773317745832
r,1655712773417736691
Q,1655712773517725883
v,1655712773617721798
k,1655712773717738656
F,1655712773817740608
j,1655712773917740374
X,1655712774017741974
R,1655712774117739075
z,1655712774217734306
D,1655712774317729925
N,1655712774417729582
s,1655712774517709942
H,1655712774617712117
d,1655712774717724459
o,1655712774817726930
b,1655712774917727716
d,1655712775017734354
C,1655712775117726753
U,1655712775217733096
d,1655712775317720661
Z,1655712775417727189
E,1655712775517715866
U,1655712775617702820
T,1655712775717722126
B,1655712775817719765
C,1655712775917720923
8,1655712776017719396
E,1655712776117717388
K,1655712776217729269
C,1655712776317712411
4,1655712776417706921
9,1655712776517693007
a,1655712776617690129
x,1655712776717705584
t,1655712776817706002
n,1655712776917705958
e,1655712777017708136
O,1655712777117706870
F,1655712777217701493
d,1655712777317697284
c,1655712777417695963
c,1655712777517680993
V,1655712777617680136
r,1655712777717694888
G,1655712777817696956
I,1655712777917695098
Q,1655712778017699055
r,1655712778117695124
U,1655712778217717304
u,1655712778317692133
V,1655712778417671980
1,1655712778517685493
6,1655712778617671636
z,1655712778717688094
S,1655712778817688034
I,1655712778917685529
A,1655712779017688302
Z,1655712779117686150
U,1655712779217695183
S,1655712779317682050
l,1655712779417689750
W,1655712779517660765
b,1655712779617659521
L,1655712779717675369
T,1655712779817676347
S,1655712779917674028
9,1655712780017659580
5,1655712780117677948
p,1655712780217673613
O,1655712780317658036
g,1655712780417666515
R,1655712780517651846
y,1655712780617666214
C,1655712780717673619
G,1655712780817651932
C,1655712780917668485
S,1655712781017674020
g,1655712781117665759
4,1655712781217676591
w,1655712781317670479
b,1655712781417665256
Z,1655712781517651792
v,1655712781617671031
h,1655712781717642790
W,1655712781817664029
O,1655712781917657899
x,1655712782017657212
e,1655712782117659101
x,1655712782217672861
S,1655712782317659805
6,1655712782417632880
g,1655712782517634251
w,1655712782617648454
f,1655712782717650399
1,1655712782817651232
Q,1655712782917648232
6,1655712783017651770
8,1655712783117648790
T,1655712783217622939
v,1655712783317647144
U,1655712783417623053
A,1655712783517624333
K,1655712783617638501
T,1655712783717639057
K,1655712783817641096
a,1655712783917638208
f,1655712784017634303
m,1655712784117618231
G,1655712784217639808
h,1655712784317637922
g,1655712784417608517
p,1655712784517616057
G,1655712784617635171
b,1655712784717629636
V,1655712784817629213
l,1655712784917608086
z,1655712785017631293
S,1655712785117625982
P,1655712785217633189
u,1655712785317630082
s,1655712785417601346
U,1655712785517603164
a,1655712785617616779
p,1655712785717618617
7,1655712785817620195
a,1655712785917615884
D,1655712786017614443
B,1655712786117613133
g,1655712786217612750
g,1655712786317614625
6,1655712786417592205
B,1655712786517591599
o,1655712786617605789
Q,1655712786717604924
c,1655712786817608003
8,1655712786917603786
y,1655712787017609310
F,1655712787117600798
u,1655712787217611026
F,1655712787317607218
x,1655712787417585910
a,1655712787517585602
2,1655712787617588034
B,1655712787717597577
C,1655712787817597010
X,1655712787917596072
w,1655712788017572263
9,1655712788117594141
0,1655712788217585223
K,1655712788317595416
4,1655712788417578813
q,1655712788517574209
o,1655712788617588754
c,1655712788717585039
f,1655712788817587491
t,1655712788917584740
C,1655712789017587970
q,1655712789117584460
5,1655712789217579451
r,1655712789317584570
X,1655712789417561080
B,1655712789517559126
2,1655712789617576486
L,1655712789717575569
a,1655712789817575411
c,1655712789917573365
S,1655712790017574874
W,1655712790117575477
r,1655712790217578690
M,1655712790317578201
j,1655712790417548767
o,1655712790517553888
v,1655712790617556491
m,1655712790717567852
0,1655712790817568640
7,1655712790917563187
J,1655712791017569642
u,1655712791117562301
E,1655712791217569887
H,1655712791317566620
E,1655712791417542928
G,1655712791517563532
8,1655712791617555210
0,1655712791717553610
t,1655712791817554418
n,1655712791917551540
u,1655712792017529145
3,1655712792117552250
c,1655712792217547614
z,1655712792317553756
u,1655712792417548510
9,1655712792517532670
8,1655712792617544757
u,1655712792717544158
S,1655712792817544912
g,1655712792917541128
W,1655712793017544529
u,1655712793117543858
D,1655712793217545261
M,1655712793317541460
F,1655712793417520178
w,1655712793517523839
8,1655712793617525261
A,1655712793717534645
i,1655712793817537325
6,1655712793917534561
F,1655712794017536556
0,1655712794117529701
1,1655712794217518790
T,1655712794317532916
H,1655712794417510765
F,1655712794517505484
i,1655712794617525184
P,1655712794717524828
G,1655712794817523177
Z,1655712794917520729
B,1655712795017521614
A,1655712795117523760
c,1655712795217498202
n,1655712795317518885
7,1655712795417503309
V,1655712795517516806
u,1655712795617512619
D,1655712795717514802
P,1655712795817514170
K,1655712795917512279
u,1655712796017487517
u,1655712796117508275
F,1655712796217515478
5,1655712796317510773
G,1655712796417509549
S,1655712796517489197
1,1655712796617508770
M,1655712796717501824
a,1655712796817505212
i,1655712796917500229
T,1655712797017500969
p,1655712797117499247
i,1655712797217506173
U,1655712797317502747
G,1655712797417507469
z,1655712797517477692
j,1655712797617494432
y,1655712797717491266
N,1655712797817492044
x,1655712797917491081
X,1655712798017492063
Y,1655712798117488082
5,1655712798217487028
8,1655712798317486437
L,1655712798417473327
A,1655712798517467477
b,1655712798617483774
D,1655712798717481627
O,1655712798817482628
y,1655712798917479037
X,1655712799017481631
G,1655712799117477726
s,1655712799217488413
k,1655712799317480342
L,1655712799417481215
6,1655712799517464588
C,1655712799617477072
K,1655712799717471796
T,1655712799817472114
m,1655712799917468857
2,1655712800017448100
w,1655712800117467826
Z,1655712800217477330
i,1655712800317470037
O,1655712800417469485
q,1655712800517448174
g,1655712800617460604
7,1655712800717460959
m,1655712800817438167
3,1655712800917458466
3,1655712801017458729
I,1655712801117458253
b,1655712801217454665
8,1655712801317456096
O,1655712801417454693
u,1655712801517432920
J,1655712801617451795
z,1655712801717447819
7,1655712801817449768
f,1655712801917449292
x,1655712802017451315
c,1655712802117445802
v,1655712802217454734
o,1655712802317446536
N,1655712802417444024
G,1655712802517430086
s,1655712802617449240
X,1655712802717439338
Y,1655712802817443881
J,1655712802917437795
K,1655712803017440078
b,1655712803117436030
D,1655712803217443352
r,1655712803317439396
H,1655712803417439496
b,1655712803517435614
h,1655712803617432751
x,1655712803717429240
h,1655712803817428136
S,1655712803917429921
0,1655712804017430428
k,1655712804117425658
i,1655712804217425408
Z,1655712804317425527
s,1655712804417424609
6,1655712804517402581
R,1655712804617423145
9,1655712804717417338
3,1655712804817419180
W,1655712804917416151
o,1655712805017420067
y,1655712805117417613
9,1655712805217421530
j,1655712805317415280
k,1655712805417415753
W,1655712805517395707
x,1655712805617389069
d,1655712805717416355
3,1655712805817408828
W,1655712805917408726
w,1655712806017412532
L,1655712806117405765
5,1655712806217414794
A,1655712806317407990
D,1655712806417382297
M,1655712806517383437
j,1655712806617400689
s,1655712806717399607
I,1655712806817401302
Q,1655712806917397665
I,1655712807017398231
G,1655712807117400150
A,1655712807217394070
0,1655712807317394174
q,1655712807417392649
1,1655712807517373512
4,1655712807617389635
H,1655712807717388629
A,1655712807817391048
7,1655712807917386041
o,1655712808017390738
x,1655712808117384177
6,1655712808217392449
v,1655712808317386851
e,1655712808417370308
q,1655712808517371581
P,1655712808617386297
c,1655712808717377866
R,1655712808817381582
S,1655712808917359781
6,1655712809017377590
M,1655712809117374585
m,1655712809217382599
B,1655712809317376354
U,1655712809417375516
x,1655712809517353160
V,1655712809617371119
D,1655712809717352837
p,1655712809817370721
n,1655712809917366457
e,1655712810017371749
8,1655712810117363709
4,1655712810217363835
m,1655712810317364054
6,1655712810417342218
s,1655712810517343048
n,1655712810617358396
B,1655712810717360726
7,1655712810817361760
w,1655712810917356368
G,1655712811017358124
t,1655712811117352899
t,1655712811217363082
K,1655712811317355154
o,1655712811417355559
X,1655712811517336298
B,1655712811617356092
D,1655712811717348738
7,1655712811817349458
a,1655712811917345326
e,1655712812017348713
D,1655712812117345305
w,1655712812217350081
O,1655712812317347562
M,1655712812417341987
Q,1655712812517321671
L,1655712812617339318
q,1655712812717337613
c,1655712812817339908
8,1655712812917318445
b,1655712813017337536
G,1655712813117336129
E,1655712813217332296
f,1655712813317332536
0,1655712813417331277
L,1655712813517310648
V,1655712813617328740
o,1655712813717326129
U,1655712813817329000
d,1655712813917324759
i,1655712814017328055
k,1655712814117322501
W,1655712814217332835
b,1655712814317325670
5,1655712814417323023
J,1655712814517303599
6,1655712814617324359
E,1655712814717317712
U,1655712814817316583
C,1655712814917317344
o,1655712815017319012
8,1655712815117315847
N,1655712815217320831
j,1655712815317316871
U,1655712815417314280
k,1655712815517292857
7,1655712815617308433
p,1655712815717311324
a,1655712815817310326
j,1655712815917309551
y,1655712816017308868
B,1655712816117302705
x,1655712816217304486
C,1655712816317303378
p,1655712816417301197
y,1655712816517280386
V,1655712816617299481
I,1655712816717297003
k,1655712816817296748
z,1655712816917278510
v,1655712817017296662
S,1655712817117291240
k,1655712817217301782
Q,1655712817317294045
1,1655712817417290661
p,1655712817517274592
h,1655712817617294411
7,1655712817717288342
1,1655712817817307920
B,1655712817917289721
H,1655712818017288448
n,1655712818117283916
I,1655712818217293589
f,1655712818317285669
W,1655712818417268119
m,1655712818517261847
N,1655712818617276815
c,1655712818717277043
c,1655712818817277622
x,1655712818917275795
L,1655712819017277263
Y,1655712819117274733
6,1655712819217271684
H,1655712819317272265
k,1655712819417273661
t,1655712819517250834
F,1655712819617268933
G,1655712819717264922
C,1655712819817266410
z,1655712819917265861
D,1655712820017247664
5,1655712820117262690
P,1655712820217269661
x,1655712820317264169
T,1655712820417264084
Q,1655712820517243944
k,1655712820617263822
8,1655712820717258793
X,1655712820817259079
l,1655712820917238105
K,1655712821017258205
n,1655712821117252973
Z,1655712821217258260
a,1655712821317256158
S,1655712821417253204
3,1655712821517230213
K,1655712821617247814
p,1655712821717244490
f,1655712821817248165
w,1655712821917244322
k,1655712822017246683
z,1655712822117240767
S,1655712822217240888
o,1655712822317242380
G,1655712822417240019
B,1655712822517219141
i,1655712822617236947
T,1655712822717234809
P,1655712822817216745
s,1655712822917234181
Q,1655712823017240265
c,1655712823117235961
v,1655712823217240398
p,1655712823317234076
a,1655712823417232939
N,1655712823517214357
F,1655712823617232090
K,1655712823717227287
V,1655712823817229001
k,1655712823917225031
4,1655712824017227579
n,1655712824117223869
X,1655712824217229251
b,1655712824317226689
N,1655712824417218368
z,1655712824517199418
c,1655712824617218374
g,1655712824717214146
m,1655712824817302620
