W2,1655712842432955367
Ml,1655712842532653104
pN,1655712842632612136
cE,1655712842732627370
ex,1655712842832616586
WH,1655712842932551432
jo,1655712843032547759
kk,1655712843132514199
0w,1655712843232535731
Po,1655712843332715798
MJ,1655712843432620830
pj,1655712843532568307
pp,1655712843632529895
Bc,1655712843732616277
i9,1655712843832558884
SE,1655712843932503342
Bm,1655712844032513152
zy,1655712844132516629
7a,1655712844232616624
Ak,1655712844332602231
Xf,1655712844432556708
zE,1655712844532531519
Tj,1655712844632522719
yS,1655712844732504141
dL,1655712844832553951
Ez,1655712844932545891
c3,1655712845032529535
gS,1655712845132498643
rp,1655712845232514455
2Z,1655712845332576562
wS,1655712845432514022
n7,1655712845532531797
Dl,1655712845632526275
3K,1655712845732504383
JE,1655712845832610027
2q,1655712845932543265
r1,1655712846032495336
2I,1655712846132494001
jy,1655712846232515443
kM,1655712846332553218
Kx,1655712846432517049
Kw,1655712846532513306
y0,1655712846632518545
Mp,1655712846732478802
oP,1655712846832480800
Mk,1655712846932471242
rA,1655712847032490425
q2,1655712847132478498
tt,1655712847232474941
NC,1655712847332615975
5N,1655712847432543234
0w,1655712847532560658
P2,1655712847632522361
F8,1655712847732507027
0x,1655712847832575321
UI,1655712847932476339
sm,1655712848032464449
Dr,1655712848132479300
nZ,1655712848232488411
gZ,1655712848332535355
w3,1655712848432583225
Jm,1655712848532498058
B9,1655712848632480762
o2,1655712848732449447
39,1655712848832549039
E6,1655712848932483891
XC,1655712849032481668
3w,1655712849132458002
CG,1655712849232474818
2C,1655712849332486189
DW,1655712849432443745
V6,1655712849532479005
Jg,1655712849632485413
v4,1655712849732456303
Fb,1655712849832469433
dA,1655712849932439897
cu,1655712850032455416
wl,1655712850132483584
4k,1655712850232546344
n5,1655712850332518309
s1,1655712850432473682
BP,1655712850532469220
BE,1655712850632445556
JN,1655712850732443798
UL,1655712850832539928
Yg,1655712850932452079
p3,1655712851032455766
k6,1655712851132439602
hf,1655712851232443382
8w,1655712851332478699
Ej,1655712851432475535
6r,1655712851532465445
e0,1655712851632445615
ci,1655712851732444543
jQ,1655712851832529230
nb,1655712851932449493
Py,1655712852032441051
yZ,1655712852132412888
BH,1655712852232444484
wd,1655712852332614653
aU,1655712852432468250
JP,1655712852532457754
V1,1655712852632451906
UC,1655712852732424039
gc,1655712852832436080
7v,1655712852932426658
MB,1655712853032423272
k0,1655712853132699904
CM,1655712853232492003
gv,1655712853332475452
kT,1655712853432425031
U8,1655712853532432480
PS,1655712853632446522
hY,1655712853732415693
hd,1655712853832509623
CH,1655712853932437739
8T,1655712854032588650
eb,1655712854132480823
V8,1655712854232416588
oB,1655712854332462816
lv,1655712854432424303
45,1655712854532425401
6o,1655712854632414907
5G,1655712854732414708
Bl,1655712854832520917
9t,1655712854932443386
Cb,1655712855032424225
1Z,1655712855132414583
3i,1655712855232392497
8i,1655712855332434262
KK,1655712855432435102
xQ,1655712855532545385
na,1655712855632424615
1I,1655712855732401196
in,1655712855832423073
SR,1655712855932388209
gW,1655712856032395753
Wl,1655712856132406352
LZ,1655712856232418304
1U,1655712856332427645
I9,1655712856432385097
LS,1655712856532393456
kN,1655712856632395019
2m,1655712856732386064
38,1655712856832491885
UL,1655712856932396689
SQ,1655712857032399419
lD,1655712857132383502
0l,1655712857232387362
Ug,1655712857332414685
Yw,1655712857432356490
8F,1655712857532370776
Qc,1655712857632403618
0l,1655712857732365182
Az,1655712857832428615
DQ,1655712857932408142
8Z,1655712858032368947
tt,1655712858132384216
ut,1655712858232400373
fv,1655712858332426567
17,1655712858432477076
HR,1655712858532388679
X2,1655712858632382799
eV,1655712858732369809
n8,1655712858832391947
CK,1655712858932349050
2K,1655712859032412299
XT,1655712859132390143
uX,1655712859232349246
C4,1655712859332404145
UQ,1655712859432391155
Vd,1655712859532391610
xM,1655712859632359731
Ur,1655712859732353482
F7,1655712859832443547
kE,1655712859932375558
C1,1655712860032347865
fk,1655712860132360469
4H,1655712860232431516
Fp,1655712860332431750
QP,1655712860432380891
7Q,1655712860532360235
je,1655712860632425394
tc,1655712860732365258
B6,1655712860832446898
ge,1655712860932367595
U9,1655712861032358106
HR,1655712861132363637
Vj,1655712861232365556
Gi,1655712861332465901
o0,1655712861432358229
w0,1655712861532360278
2Z,1655712861632376642
i4,1655712861732326913
rw,1655712861832349536
rH,1655712861932333474
Lz,1655712862032336098
h3,1655712862132358333
dZ,1655712862232320254
fn,1655712862332449062
fJ,1655712862432376149
R9,1655712862532344403
Tg,1655712862632330435
Yw,1655712862732367670
No,1655712862832416590
fB,1655712862932330882
oZ,1655712863032335135
Bo,1655712863132331760
9u,1655712863232308775
s0,1655712863332367455
qk,1655712863432347802
F9,1655712863532347038
hu,1655712863632333960
CK,1655712863732316900
Tr,1655712863832355987
56,1655712863932347612
BU,1655712864032342145
Fc,1655712864132310494
8n,1655712864232327916
YV,1655712864332342134
ZB,1655712864432380593
gO,1655712864532339775
lq,1655712864632315883
Cu,1655712864732299175
i3,1655712864832324134
sW,1655712864932443407
l7,1655712865032365127
fS,1655712865132310384
zs,1655712865232314400
kT,1655712865332334712
ho,1655712865432285135
Xs,1655712865532313706
Il,1655712865632305870
SR,1655712865732289460
W1,1655712865832387234
w6,1655712865932310677
Cb,1655712866032283693
Sv,1655712866132278673
Re,1655712866232284837
n7,1655712866332330872
ff,1655712866432284112
dQ,1655712866532316276
kI,1655712866632301367
qi,1655712866732284513
8b,1655712866832375196
Bo,1655712866932291750
Ng,1655712867032286878
gf,1655712867132298174
R7,1655712867232285654
4y,1655712867332317227
81,1655712867432322041
4I,1655712867532302929
aW,1655712867632289762
Ez,1655712867732276761
8z,1655712867832291223
6o,1655712867932281185
dj,1655712868032280517
CL,1655712868132267073
z3,1655712868232282221
36,1655712868332310998
cE,1655712868432391331
uz,1655712868532323128
vY,1655712868632306202
cM,1655712868732295739
fh,1655712868832346572
Il,1655712868932291517
gM,1655712869032289091
4G,1655712869132260537
sG,1655712869232258927
Fz,1655712869332292705
FJ,1655712869432247614
ls,1655712869532276985
0x,1655712869632262727
Ex,1655712869732270079
yH,1655712869832348302
3Y,1655712869932347080
Ux,1655712870032311933
VN,1655712870132286880
U8,1655712870232358973
h9,1655712870332302291
n0,1655712870432316552
vT,1655712870532337646
Kx,1655712870632294907
hB,1655712870732248613
Du,1655712870832264059
AQ,1655712870932229321
Dv,1655712871032230915
HB,1655712871132241751
sT,1655712871232265772
8p,1655712871332278997
iC,1655712871432282018
NA,1655712871532263039
7t,1655712871632255783
VZ,1655712871732240545
zD,1655712871832325028
jm,1655712871932249772
Bc,1655712872032255108
DV,1655712872132242241
Xu,1655712872232268504
gk,1655712872332268822
oo,1655712872432216530
8z,1655712872532262737
jP,1655712872632249167
Aa,1655712872732230856
qI,1655712872832271063
PZ,1655712872932287566
Sk,1655712873032258144
hY,1655712873132234926
bD,1655712873232244375
7a,1655712873332269416
Oo,1655712873432221477
KZ,1655712873532227463
QV,1655712873632236041
2x,1655712873732220713
Ph,1655712873832229513
fB,1655712873932232110
Vm,1655712874032218893
8D,1655712874132250842
9I,1655712874232206033
n0,1655712874332228742
ZC,1655712874432221136
Xz,1655712874532250697
uE,1655712874632242628
XW,1655712874732218263
Pf,1655712874832300527
4n,1655712874932230570
TP,1655712875032218261
Ks,1655712875132205453
uL,1655712875232205792
nI,1655712875332252076
2R,1655712875432245212
RV,1655712875532227625
Da,1655712875632207410
iK,1655712875732197379
qV,1655712875832237866
KN,1655712875932210799
fp,1655712876032191027
Na,1655712876132251256
2u,1655712876232225930
6R,1655712876332232752
XA,1655712876432199815
Fz,1655712876532235396
XX,1655712876632200403
pQ,1655712876732196540
sc,1655712876832192529
is,1655712876932176721
19,1655712877032181524
OC,1655712877132212551
h6,1655712877232188207
XY,1655712877332226844
ap,1655712877432168223
tF,1655712877532198527
dG,1655712877632219257
nf,1655712877732177525
9r,1655712877832247328
6e,1655712877932191540
2J,1655712878032227863
dX,1655712878132243353
pS,1655712878232200381
xh,1655712878332227815
3d,1655712878432277546
a2,1655712878532275814
nw,1655712878632195509
DS,1655712878732240350
2k,1655712878832202211
ya,1655712878932223035
Xs,1655712879032182415
qA,1655712879132211702
6b,1655712879232167175
pF,1655712879332216721
Tu,1655712879432212879
uT,1655712879532201945
BV,1655712879632213287
00,1655712879732188575
wy,1655712879832190270
ix,1655712879932188261
bG,1655712880032175345
zM,1655712880132195726
CC,1655712880232286088
pC,1655712880332203729
ul,1655712880432184277
nS,1655712880532203176
db,1655712880632205297
ak,1655712880732177697
CO,1655712880832256077
xd,1655712880932189015
Ip,1655712881032186562
6T,1655712881132163148
L7,1655712881232172937
SH,1655712881332190263
38,1655712881432179793
Cc,1655712881532175379
O9,1655712881632197464
zY,1655712881732163772
Mm,1655712881832192876
iE,1655712881932177702
XV,1655712882032169214
e9,1655712882132162282
4F,1655712882232161646
tF,1655712882332191510
do,1655712882432178744
st,1655712882532183664
ex,1655712882632221639
Kz,1655712882732172078
2m,1655712882832173423
E5,1655712882932137528
uQ,1655712883032148744
hG,1655712883132149461
Ze,1655712883232164493
mt,1655712883332185228
QV,1655712883432183797
6w,1655712883532186847
yi,1655712883632171508
53,1655712883732159725
xw,1655712883832209775
IY,1655712883932171455
k8,1655712884032135580
PO,1655712884132152612
5k,1655712884232180515
L7,1655712884332189584
WX,1655712884432140395
AP,1655712884532186186
xs,1655712884632179367
dV,1655712884732142826
WQ,1655712884832173117
Mv,1655712884932167520
vQ,1655712885032128849
rt,1655712885132133401
9w,1655712885232281377
u4,1655712885332227189
qA,1655712885432156742
ba,1655712885532158960
J0,1655712885632153438
xM,1655712885732146157
kI,1655712885832142875
SF,1655712885932126149
qa,1655712886032133331
cl,1655712886132109440
SF,1655712886232118214
Ex,1655712886332166952
dZ,1655712886432137820
qW,1655712886532138669
zh,1655712886632185073
O6,1655712886732131534
bI,1655712886832174734
BR,1655712886932130991
Rm,1655712887032122636
zi,1655712887132108653
kw,1655712887232125188
4T,1655712887332172056
DU,1655712887432145980
g1,1655712887532140052
5I,1655712887632139568
kV,1655712887732129604
Vz,1655712887832147342
Q7,1655712887932131803
WG,1655712888032134135
dT,1655712888132111245
xz,1655712888232124614
aW,1655712888332152242
Ij,1655712888432185889
xh,1655712888532148185
Vv,1655712888632168220
PD,1655712888732109757
rR,1655712888832111330
g2,1655712888932105477
wM,1655712889032102698
3z,1655712889132112160
eo,1655712889232157530
S8,1655712889332134530
lt,1655712889432100659
FF,1655712889532126677
7q,1655712889632116029
i3,1655712889732092362
qI,1655712889832180583
Z6,1655712889932124583
1V,1655712890032097583
nU,1655712890132089177
QC,1655712890232176473
iF,1655712890332148362
dO,1655712890432095437
IX,1655712890532124271
jJ,1655712890632117197
UN,1655712890732104457
7x,1655712890832216401
Tq,1655712890932117884
oi,1655712891032075756
5v,1655712891132086405
Xm,1655712891232083814
wN,1655712891332126481
2W,1655712891432111150
T4,1655712891532111577
zG,1655712891632102837
WP,1655712891732078024
SC,1655712891832084859
e3,1655712891932078101
Zw,1655712892032049936
bI,1655712892132131919
G5,1655712892232090384
dL,1655712892332109794
07,1655712892432068833
Am,1655712892532083557
nD,1655712892632091782
gK,1655712892732078395
zc,1655712892832154619
f2,1655712892932098029
68,1655712893032114846
45,1655712893132069886
Ma,1655712893232063223
Um,1655712893332112373
l9,1655712893432059099
qK,1655712893532076195
3P,1655712893632074198
cH,1655712893732069478
SD,1655712893832100463
bT,1655712893932086466
Kl,1655712894032051358
D6,1655712894132045084
yt,1655712894232010125
Oy,1655712894332095406
W4,1655712894432005225
yc,1655712894532082654
C2,1655712894632065418
iZ,1655712894732109106
aC,1655712894832065555
LL,1655712894932030892
J9,1655712895032055488
dL,1655712895132052697
YD,1655712895232043220
cz,1655712895332072150
RD,1655712895432061007
Qj,1655712895532089474
yd,1655712895632061572
pv,1655712895731995762
XE,1655712895832157543
r3,1655712895932066493
Ip,1655712896032031443
dS,1655712896132016707
rL,1655712896232060823
zP,1655712896332079032
WL,1655712896432009557
lp,1655712896532027951
SM,1655712896632052734
Az,1655712896732040758
al,1655712896832120281
y1,1655712896932056472
yO,1655712897032044515
kv,1655712897132052003
zY,1655712897232051435
oW,1655712897332069237
kf,1655712897432017892
X2,1655712897532046343
UB,1655712897632045349
SJ,1655712897732032078
WS,1655712897832055232
g2,1655712897932041312
lR,1655712898031999078
qD,1655712898131995752
oy,1655712898232011333
AM,1655712898332064043
h8,1655712898432101716
Ne,1655712898532051427
U5,1655712898632053472
ZU,1655712898732073867
bL,1655712898832114096
yL,1655712898932061678
0W,1655712899032035537
LS,1655712899132011490
ho,1655712899232027219
jD,1655712899332039394
GP,1655712899432028531
E1,1655712899532036632
p2,1655712899632042121
Cb,1655712899732022351
yN,1655712899832035785
xg,1655712899932054144
TI,1655712900031995542
Ky,1655712900131990532
Nr,1655712900232130669
Qz,1655712900332071734
CO,1655712900432060446
IA,1655712900532044862
ue,1655712900632062130
cb,1655712900732028528
SJ,1655712900832054925
ng,1655712900932040564
iz,1655712901032032313
fV,1655712901132016397
zp,1655712901232060758
6x,1655712901332045027
C1,1655712901431995407
dg,1655712901532008268
Jv,1655712901632012629
cf,1655712901732036064
m0,1655712901832076388
cw,1655712901932054917
Ou,1655712902032025204
6H,1655712902132035862
Yg,1655712902232026613
qy,1655712902332037938
zd,1655712902431987393
cg,1655712902532005014
aF,1655712902631993358
9Z,1655712902732029276
5E,1655712902832109100
VH,1655712902932049796
F8,1655712903031985233
vZ,1655712903131997910
2V,1655712903232048550
Cm,1655712903332064358
Vo,1655712903432034925
js,1655712903532035010
in,1655712903632155538
9F,1655712903732027384
Sz,1655712903832015839
BP,1655712903932005980
bo,1655712904031978436
5B,1655712904131971040
3D,1655712904231968367
j8,1655712904332010952
RE,1655712904431986705
Og,1655712904531993883
KH,1655712904631968784
DM,1655712904731972148
lN,1655712904832054492
7E,1655712904932019671
Bq,1655712905032013942
6s,1655712905131971066
bD,1655712905231980727
73,1655712905332030591
DI,1655712905431977697
Tm,1655712905531965765
4W,1655712905631961537
v8,1655712905731974531
je,1655712905832026839
EA,1655712905931988871
qa,1655712906031976958
p9,1655712906131971527
s0,1655712906231975318
Tb,1655712906331993627
Oa,1655712906431967437
pX,1655712906531960025
Qw,1655712906631957927
P2,1655712906732016532
9W,1655712906831979750
3K,1655712906931970097
nW,1655712907031948092
6r,1655712907131944106
30,1655712907231955546
zm,1655712907331988948
cC,1655712907431979074
vT,1655712907531960496
mi,1655712907631954843
cc,1655712907731932895
g3,1655712907832028852
D4,1655712907931981626
e3,1655712908031965029
a2,1655712908131926637
zz,1655712908231970374
26,1655712908331982426
W6,1655712908432055236
PH,1655712908531969215
cT,1655712908631947138
8f,1655712908731996615
T6,1655712908832027352
Q6,1655712908932022645
IJ,1655712909031963771
X4,1655712909131945732
17,1655712909231922970
hh,1655712909331978300
As,1655712909431946297
ko,1655712909531953035
vK,1655712909631943866
rs,1655712909731926715
Ht,1655712909831929860
zl,1655712909931928098
xM,1655712910031934021
2a,1655712910131935019
pB,1655712910232019127
DH,1655712910331977996
Hb,1655712910431928106
LX,1655712910531948122
us,1655712910631926398
Zt,1655712910731915452
xE,1655712910832000393
Z5,1655712910931962540
7H,1655712911031932630
u2,1655712911131945499
bj,1655712911231925017
vs,1655712911331953793
as,1655712911431975699
cY,1655712911531929106
Ce,1655712911631929697
61,1655712911731891233
pJ,1655712911831978842
G4,1655712911931944156
vb,1655712912032048005
Zn,1655712912131955876
R9,1655712912231947987
fM,1655712912332112077
NE,1655712912431968874
SS,1655712912531940911
VM,1655712912631930763
T4,1655712912731909022
3O,1655712912831929317
ub,1655712912931945224
EW,1655712913031939816
9Q,1655712913131902391
BF,1655712913231895910
Py,1655712913331950113
Xe,1655712913431914058
1Q,1655712913531909447
Fa,1655712913631902448
Bf,1655712913731890781
hq,1655712913831974429
13,1655712913931908948
4T,1655712914031878393
VX,1655712914131902672
ny,1655712914231887136
bo,1655712914331937840
KU,1655712914431907767
QW,1655712914531914379
0Z,1655712914631885436
u9,1655712914731896215
nK,1655712914831977993
6I,1655712914931909735
y7,1655712915031891514
iB,1655712915131912664
ft,1655712915231902980
qL,1655712915331913408
iq,1655712915431921465
Om,1655712915531952800
Jr,1655712915631898784
I5,1655712915731864619
ot,1655712915831908991
t6,1655712915931889844
LJ,1655712916031891717
dM,1655712916131866220
rX,1655712916231912610
Te,1655712916331908428
pZ,1655712916431889338
ul,1655712916531880618
ec,1655712916631869714
xK,1655712916731870586
Tl,1655712916831951625
dB,1655712916931903128
b1,1655712917031919723
wt,1655712917131861801
qE,1655712917231883601
ye,1655712917331930640
5r,1655712917431889662
lR,1655712917531900258
BM,1655712917631877428
l2,1655712917731855395
rE,1655712917831971193
eh,1655712917931892938
oY,1655712918031844071
QQ,1655712918131845668
8L,1655712918231851912
kZ,1655712918331900916
7N,1655712918431999493
jg,1655712918531885924
Mf,1655712918631862521
XD,1655712918731860062
rV,1655712918831863529
pw,1655712918931855940
LY,1655712919031870444
LW,1655712919131858819
s6,1655712919231865268
Wk,1655712919331882718
L8,1655712919431878352
P7,1655712919531861894
ep,1655712919631869343
Xk,1655712919731829663
BG,1655712919831921167
JG,1655712919931860431
b2,1655712920031833714
wy,1655712920131810275
fU,1655712920231865502
9W,1655712920331930785
xw,1655712920431856032
RI,1655712920531862649
Tm,1655712920631840210
mL,1655712920731829586
tG,1655712920831968608
5E,1655712920931874707
OS,1655712921031844750
J0,1655712921131834016
Iq,1655712921231827374
kR,1655712921331871954
62,1655712921431832053
hi,1655712921531834818
4b,1655712921631823158
ek,1655712921731830053
3l,1655712921831832355
E1,1655712921931823158
hf,1655712922031824275
HA,1655712922131808838
S2,1655712922231791271
UL,1655712922331850740
IX,1655712922431831859
Xf,1655712922531826421
0q,1655712922631818039
fG,1655712922731814250
eO,1655712922831860905
hl,1655712922931837060
QO,1655712923031823530
RS,1655712923131838204
x5,1655712923231823693
C1,1655712923331845960
qP,1655712923431850986
0V,1655712923531866864
4F,1655712923631825724
eU,1655712923731843361
H8,1655712923831864313
na,1655712923931835247
fI,1655712924031791033
Df,1655712924131787301
6q,1655712924231844771
tl,1655712924331868798
Ea,1655712924431825251
We,1655712924531822204
wv,1655712924631835860
7s,1655712924731799906
0H,1655712924831787396
to,1655712924931807479
er,1655712925031809043
Jj,1655712925131772441
6x,1655712925231790598
BM,1655712925331827663
5z,1655712925431791172
wj,1655712925531782700
H9,1655712925631783894
MO,1655712925731807421
zG,1655712925831855282
7C,1655712925931809217
ob,1655712926031772931
ol,1655712926131760237
Wv,1655712926231779284
dW,1655712926331813293
BU,1655712926431817840
Ip,1655712926531770813
JZ,1655712926631786564
WP,1655712926731770259
Xi,1655712926831837620
la,1655712926931807075
ff,1655712927031777177
Hu,1655712927131847539
me,1655712927231780272
Gk,1655712927331811264
sN,1655712927431821275
wg,1655712927531793397
yk,1655712927631772555
PU,1655712927731763270
e2,1655712927831798447
yn,1655712927931761624
UE,1655712928031757672
an,1655712928131748887
o7,1655712928231807101
BJ,1655712928331813131
nu,1655712928431881105
tQ,1655712928531766821
a9,1655712928631784702
KK,1655712928731742918
nb,1655712928831831391
4f,1655712928931753551
wy,1655712929031784470
Jv,1655712929131727260
hj,1655712929231767920
NJ,1655712929331807135
lK,1655712929431768314
6E,1655712929531766863
Yg,1655712929631747524
1M,1655712929731753202
lA,1655712929831870917
fW,1655712929931782763
5X,1655712930031751497
wd,1655712930131740899
gH,1655712930231843874
xR,1655712930331788461
q0,1655712930431785066
4m,1655712930531766949
wN,1655712930631755073
fd,1655712930731751660
61,1655712930831746284
wq,1655712930931744038
L0,1655712931031717421
4t,1655712931131725101
f3,1655712931231757781
EQ,1655712931331778479
Et,1655712931431783622
vH,1655712931531753691
Or,1655712931631745520
u4,1655712931731739700
6p,1655712931831812416
Tw,1655712931931750690
nX,1655712932031735074
hk,1655712932131702199
vK,1655712932231742324
N1,1655712932331755468
LI,1655712932431739797
re,1655712932531733829
Iv,1655712932631731825
Wx,1655712932731737598
xk,1655712932831788205
MB,1655712932931746182
bH,1655712933031724437
Qy,1655712933131691508
6I,1655712933231752522
2D,1655712933331787888
7W,1655712933431741941
9v,1655712933531760252
1o,1655712933631719822
dw,1655712933731733522
90,1655712933831808666
yS,1655712933931750626
Ip,1655712934031706530
5Z,1655712934131684990
jb,1655712934231685079
Ug,1655712934331761280
Jq,1655712934431718962
ps,1655712934531725163
5F,1655712934631702660
oA,1655712934731717731
Xr,1655712934831772635
Nc,1655712934931706855
LU,1655712935031679870
VM,1655712935131692646
J8,1655712935231751347
HQ,1655712935331729789
7F,1655712935431730435
qN,1655712935531721062
4v,1655712935631784615
wl,1655712935731721613
UP,1655712935831761592
Rl,1655712935931735960
FG,1655712936031694421
cJ,1655712936131680475
VQ,1655712936231727233
T0,1655712936331713916
Fo,1655712936431691100
dY,1655712936531709858
I6,1655712936631729430
tZ,1655712936731721151
FA,1655712936831717149
zM,1655712936931674963
No,1655712937031690831
hP,1655712937131668164
he,1655712937231679459
BA,1655712937331690607
1c,1655712937431655254
tG,1655712937531671679
rT,1655712937631678493
XK,1655712937731692177
uy,1655712937831744879
L7,1655712937931668861
mw,1655712938031657637
e3,1655712938131658785
2V,1655712938231654082
cF,1655712938331720451
da,1655712938431764469
Z0,1655712938531690636
OH,1655712938631693580
P3,1655712938731706098
ta,1655712938831742283
Du,1655712938931760097
B5,1655712939031659857
82,1655712939131640821
Ye,1655712939231655803
MQ,1655712939331693970
cf,1655712939431672470
WN,1655712939531686322
bA,1655712939631655527
Qc,1655712939731645324
d0,1655712939831666750
rG,1655712939931643362
aR,1655712940031612066
Gw,1655712940131614734
id,1655712940231669253
yZ,1655712940331689421
C9,1655712940431642941
TN,1655712940531645849
Eb,1655712940631651758
Nl,1655712940731620352
Dh,1655712940831726167
Bq,1655712940931659150
Lf,1655712941031652188
Bu,1655712941131622209
pZ,1655712941231636655
WQ,1655712941331668786
ZM,1655712941431624696
gA,1655712941531617864
nu,1655712941631632847
4T,1655712941731587979
W2,1655712941831705461
0i,1655712941931651760
CT,1655712942031615577
3Q,1655712942131621061
2O,1655712942231621823
BG,1655712942331644510
