kD8DsjtdcGFQtHuv,1655877172532875918
GDPW5ibyVgJfofdX,1655877172633010391
qmkiTdJ3tZUkqMf4,1655877172733178253
Y4Ybn9XGoqtaVX5J,1655877172833327060
HpziRJlIsF3iaik8,1655877172933509292
lIjWPGkB5eka9psO,1655877173033640191
fr66ArO25Pif6Qlr,1655877173133769758
iUL6i5FnjzMspCGS,1655877173233911417
3KWECsEHIvuOLfD2,1655877173334057151
7Y6ndLZLLtD85Sa8,1655877173434210458
m6KwwXBES3alinln,1655877173534383543
JrbxB8GW1Rc6tCCe,1655877173634513980
GXYC4kPUnzDUnzH4,1655877173734661232
oq1zwFVxh51aHECV,1655877173834803262
jlgnT3FE2SinRysG,1655877173934932625
mrFj7jeoogM4sXXb,1655877174035062896
IBMjEZxH1e2RcufM,1655877174135214630
ms3rZifMMzQEWvnm,1655877174235365994
57VJgRYf5b6fTl1D,1655877174335507932
c54BnhX7fvJBp6wu,1655877174435657036
BRDrqkWvJbamMcyw,1655877174535781530
f08QgfXLZqWOuQI5,1655877174635906375
qTugDQcW1AHMkDGP,1655877174736056406
DOpt2KEbAjx29F7z,1655877174836203992
gzeuQGOPOdj9q0Y2,1655877174936356948
MMvMg8vppsry5xwm,1655877175036481831
waeKo2iAeRJSPqUk,1655877175136633714
AQ6qW2fLuVHySDkM,1655877175236777968
lOhXOPg2ozVEnxyx,1655877175336922999
L2mr4PCxuUvKfdhP,1655877175437049401
1OuPnaQbYtnLqjHC,1655877175537172488
m31oSEjLgefLHMiG,1655877175637296871
kdeVB45jvs3laKvK,1655877175737448402
Lx8n9s6pUm8k8ryr,1655877175837622211
ScKdePLZGOJqiEA1,1655877175937770743
9GmI6t5ZfCJl1HaT,1655877176037896256
sv4WIP6YnPMTbUUj,1655877176138069140
jHzp83OnFfWGv7hn,1655877176238232690
0jJG9Nnuk9MKco3L,1655877176338378075
308B3VwI8TW3YDoW,1655877176438528255
v8m4TZwEhGYJ5bc8,1655877176538653306
ZiIdBEtKhQNDbAjW,1655877176638780338
IWYl3VxkjV1o4dve,1655877176738924333
KBHVPAp5YBIAL0gb,1655877176839071495
UFKXiIGRnHEqv7UF,1655877176939225286
IjihrYkQh3a01EbV,1655877177039351726
Rv09BGZzYlnRsHeA,1655877177139506666
yMppsaFZbnZc087R,1655877177239649791
25ZDM6AsrxJjCxrA,1655877177339795361
JgyCGDjrzHTxPYMR,1655877177439948469
cvdyznqqj9Xv4O4N,1655877177540074261
52XJDHBCWc7v9ULl,1655877177640205405
NyhNlXBUejOg7S3A,1655877177740351290
UZUhofsKFxDORY9p,1655877177840498730
WqAGLLix46dAWfK0,1655877177940648541
Eog0RWIhTV5t4Fga,1655877178040775944
3qqP9ZKCdyMAde8p,1655877178140920423
TmnuI5bkahdcuJBv,1655877178241069345
7zIEYdQAbkICPQ1s,1655877178341211898
DokTrKDRzo2t5DoC,1655877178441362635
C5RjiptJaBVzZUpk,1655877178541524150
GXE7rPWqEYjJlWUy,1655877178641655072
btfHiYaGh3DGX21l,1655877178741805754
aDsRcOGqvz8gTac2,1655877178841954436
THJ9nrQSsdhPegAC,1655877178942106396
t0bVNrKIpQwG0XHT,1655877179042233541
oYaaQ02IcjgENoOG,1655877179142384519
nzkAp2SeSMsSt9ti,1655877179242503850
iTG6SGM2y2ELpccc,1655877179342649051
ZKkOMC0oYtES258i,1655877179442800475
WMowcByaBCu0mUaM,1655877179542924954
oKkAUlw1c8RcDXLh,1655877179643054470
t9eTIc2UnwSZQ1tE,1655877179743196467
JeMoNGnxOEZZluGc,1655877179843343316
2u3KV5mGzDnNEhZX,1655877179943494925
JvJe96bXIA413Lb5,1655877180043621367
DfNik8wiLk5XRf2k,1655877180143763569
YMOiQzDh7IiAbKDo,1655877180243910418
zZVhfRN0BTVc6XKc,1655877180344051787
riIIfWxnmfvNz7Bw,1655877180444201415
egcJ6zJHQmsUJC7B,1655877180544326265
tPRYtOJf1D2zICvw,1655877180644456763
sVFwVWEvI4OZEVk7,1655877180744605724
s9ekXvPZ6QYOcRKS,1655877180844753407
xXPQ3bJJdhtrAbx3,1655877180944906090
lZlGU8nZYJx8jGZg,1655877181045033404
nw4pVN683zxDZuEK,1655877181145178069
TzYw8MVedQnMgM2S,1655877181245324809
I4FnQLtTJqesjtAA,1655877181345537140
qi6y2Zdg0O2ei340,1655877181445689750
5JlVdeywSdmBUuMK,1655877181545816823
aQHd0sHyGHayIfwO,1655877181645966359
wftZHqTjTDtv7FFg,1655877181746110524
fUHdMYZanAW6nSUj,1655877181846255541
5NHMDk4ewxZ1Cnhp,1655877181946411540
HyTeU0EIAlOxBshH,1655877182046541613
DybRgf3ccdcmOJcf,1655877182146701798
I3Hm3W2CFQ9OIofW,1655877182246849834
kFvPuyzVZbHxvrdB,1655877182346969519
suvuOy4dOD0f0d9i,1655877182447117074
s47l07GaiVXbL8mD,1655877182547261777
1g5Pe910L1fLem1X,1655877182647406036
o9IpEWNu1sWMzGY0,1655877182747546498
wbPYlOZ6PCP2xOXl,1655877182847694553
XnYjJteIm8dlO9jJ,1655877182947846997
k8pVXMZuXwuULRDq,1655877183047972719
EkaVdCmNKP6iWpzG,1655877183148099016
wpkR9HJgCE8VfMLs,1655877183248249553
6tLh553PS96yx3Ft,1655877183348397886
qzK0EdeQpnvV7FLB,1655877183448549830
6esAkvZC3dB0fOtV,1655877183548672942
LBTZm80ctt506OBD,1655877183648823979
21NkvuvwW6wBSngn,1655877183748970831
wAMiGKI9CN9IlITm,1655877183849119497
HqWClR8HV2Qxp6ij,1655877183949272997
E3SULkdX6mor2HdK,1655877184049401664
68UrXd63dWyTafAp,1655877184149554832
icJ3LvZRfNGics2i,1655877184249694999
0WXV7bWl5VCgAMTq,1655877184349842167
xktGfQhLnv3On36n,1655877184449993445
XeJdDnOJIYzQuQEp,1655877184550138742
A65qWkBIgCgTDkFk,1655877184650286558
OWNcJjtaHsyAGDzQ,1655877184750427299
J3GnnP5RbjvmU8Xq,1655877184850571522
esQxcJVr9U1Pfzqy,1655877184950720504
04jnUpD3W8q0ELps,1655877185050846005
DFnnXHfgle4QdsMd,1655877185150995414
w3POqaQNiGLuZAmk,1655877185251136582
OXYvoBZXndvPVF0Q,1655877185351289083
JPo9zEWfSsZz0JkO,1655877185451416825
pGJbPt9CU4b0KcOd,1655877185551565049
zAmxNHap78n7PXWE,1655877185651714142
lnqAgxM91w9JYVuV,1655877185751856033
ffS2w1q39d8YAelv,1655877185852003682
SZ56WPFXLMprrjLV,1655877185952152387
OlXKmNLt0UQ86B3W,1655877186052276703
k6bEUolnBYd0IyVe,1655877186152422390
h3zUOILPklXruZLe,1655877186252566929
dws7lcvu8YsQUO5B,1655877186352704691
P2dnIzA3kgsfFBHs,1655877186452855155
88yritlqRdFtzI4M,1655877186553000528
Ii8YhIZPyR2BbI2j,1655877186653152048
O0Y6tHuIs79sPDCf,1655877186753293087
vKEadnyZD0joIlVg,1655877186853438348
j3kaKfsCk12ACFn6,1655877186953673831
Z1gApei0dRovAJat,1655877187053800592
KITcvJmgIpoU2bYZ,1655877187153950243
dFiQrQQUpEQzVyqn,1655877187254092134
GJPAaBqqyeI0FrYq,1655877187354237841
6EGxegSRsqOLmE80,1655877187454364250
VXA5hytfcBeq2Cg6,1655877187554489568
Qx22bSRSGpn23u0Y,1655877187654689681
P9b67SmidOYeYEkw,1655877187754830424
9kyjCPBSEwSFqTlE,1655877187854956890
cMIho2PPQv3yAmuH,1655877187955082689
Wq0jDB9P6ceu5P8f,1655877188055229061
jRKVTktsfuqngj3D,1655877188155374101
Z3unD3CJdpDiCKLu,1655877188255522253
jgNAOG21Btnraq29,1655877188355662626
ruu2w5LZuXG4pbyY,1655877188455789333
FMibaldlcQbCEbJ5,1655877188555916743
WE8QJRzBwFFlpCH2,1655877188656065506
Y0e6jHsLfRVt2owW,1655877188756206064
22wJUuUQ7iAwuRzQ,1655877188856350400
PdW8sMRXnwOojKIj,1655877188956474922
LD3p7VDEDL97n8XA,1655877189056619295
j2JZOk4AfSyOkG55,1655877189156770373
R8sYe4lrPuxA0SLh,1655877189256912173
UcEtMI1zkzLSDRWf,1655877189357057510
ZOBBQu1qmwykOJRt,1655877189457185847
vfkGvlFfiZ6v0cYX,1655877189557312387
ykhPciDPeB90TZrM,1655877189657500261
Cbc8Kqn0PrwNRSuO,1655877189757644524
AblnHyCt7JuYslv5,1655877189857789731
LXDfLygiqa5F0ydB,1655877189957918661
XOwpK8iSPa0IMtNh,1655877190058040442
RaKkWyTMWWcXUDg2,1655877190158187687
ccpwiXM78LPSEk7d,1655877190258334506
KROrQpBwLlRoz7oZ,1655877190358474714
jdTP8qXEBugPfn1x,1655877190458601514
FPmdCwXVfzJe47Bm,1655877190558723870
kfBtTg7cZmzEZ09m,1655877190658886744
NwNZqv5VsO8wUJiC,1655877190759034378
ws5NYBz7xzJUzRHN,1655877190859175401
NeuBXzgPMoKq6220,1655877190959301608
s6OPFNUCMoeKFvfa,1655877191059424965
YZj5XPTrCnhInhIg,1655877191159567747
lg502ZAOLpgYiJ6G,1655877191259714955
tpKOFnFPauhLZx1J,1655877191359857793
c4HeeS0xFhWv0aAr,1655877191459987464
QUDdFS2nKh8ueABE,1655877191560113580
ESsqsto7YI3WsBOG,1655877191660262714
fZtu2thKapEDxPRA,1655877191760404663
qI0iBmoj4pFv0bBf,1655877191860550427
B3XBwCVVzigx555v,1655877191960702950
N5cYsQFuFTpF41uD,1655877192060848029
4POybsTYY9VdDaXa,1655877192160991626
e99WZMOmpE1sDt5H,1655877192261137446
ISDrKfPqmtRzTya5,1655877192361278748
5hZc3yOrCPjNImcY,1655877192461404956
EpPWUpMHioG9kqFo,1655877192561543572
VmOXknOuA7HRrtx6,1655877192661690892
hNaBAvQqhhzRVCD1,1655877192761829860
zaYhNuaVzpuqhsuO,1655877192861967365
DVXNQyD7dAW6Lk7I,1655877192962085667
KdxfVX8UN1L4rFQ4,1655877193062207339
ixP8taFWikd3SiLk,1655877193162402159
KJNpoVIBUdDLqbNZ,1655877193262540053
ZmfQKtv3dW65CQpW,1655877193362658966
hCKVfcfADsT1SrYz,1655877193462777564
bEPw7Kxkq1p3RcX8,1655877193562898459
opcTPHba75cZw8YV,1655877193663038501
KyPRGM95Ow6pYbwK,1655877193763176248
RYoonNPuSzSM70sS,1655877193863314179
wFrDc1G0vMnSvhmM,1655877193963432962
DY90wYtMXLheLX4G,1655877194063571950
mwROvhMo1AGwp3H3,1655877194163711419
ZQ1TwuqTFX5Z4Apq,1655877194263850295
4GDzvZnwh2qX35Yc,1655877194363989116
VZ6RSusfRyET61HA,1655877194464107603
FU782s4hutCxykYS,1655877194564228368
IetkWkPvicOmbdwr,1655877194664369652
61z8t2nmv0hrkFJ2,1655877194764515899
rDkLvAGdkcPLGJAM,1655877194864657794
I8SBAFv3FbuyqEyg,1655877194964787485
Pj1KrGvbsIu8b5St,1655877195064914658
Du2LAwONXGLLSIzr,1655877195165054646
1z9qF4R7MLEvOgmb,1655877195265200911
bnwjhI6EZQX1iXrh,1655877195365341529
U0Xj3woNF2Jej3FK,1655877195465499313
oA1VS5jzVFzBkqqE,1655877195565625986
oLvpHjDXmU9VXMnM,1655877195665769233
WopxtXuNmtWWhNiW,1655877195765912295
gdLyMWT60cbWyOsT,1655877195866053635
AhQ2CKNyCtStEANv,1655877195966179956
lhr6DKCEumkq8aJJ,1655877196066365999
FjJS2gOEXr5mzTfj,1655877196166527636
AUpLozZglHWupqB3,1655877196266684291
XUTXArlhgrReI4NS,1655877196366828446
YAnK7L0taXnOLwRs,1655877196466961582
QuQaj9FO0f0GjLiI,1655877196567095237
VUacnbTN6ElRAAHa,1655877196667255596
4h8mpM8n184iTmyy,1655877196767399640
EZY182PEE8dPJuxL,1655877196867546998
a47PQFCPNE7o16mD,1655877196967680005
dJFlJcxXiau1SsN0,1655877197067810105
wSPMgaj1oqqnua1X,1655877197167939056
rEIAoDgWnaYEStEM,1655877197268065841
JcixCPzyGnkANjiD,1655877197368192330
xyNjC3FxelB4cORw,1655877197468317041
07rAXq8nbqvxZbAU,1655877197568445141
YXDkZTfBCpFpDejD,1655877197668582704
maNHPT40KxvtZ5O5,1655877197768712896
bZn82SJDHW2SBjfv,1655877197868836293
J0CiSEhk9adigzlF,1655877197968961781
XYNX1ekG8mhHVKCn,1655877198069112641
LMTla8Vkj6QN4Acb,1655877198169258759
ix8hZtwhddz7x9uG,1655877198269407952
UL12UUkDbBYfJ8G1,1655877198369550201
5MjcDdHrGGwBOoSs,1655877198469675764
9RudwfoXoMA7UO6X,1655877198569803271
kn7yQPngdjq1XIrg,1655877198669946575
jmIfP4ABPKGrgMNR,1655877198770092972
AUNYtAFXr3YOLO22,1655877198870235424
8IgXNqim9ybpIyES,1655877198970359524
Tb1MjEtaHQyaozcw,1655877199070486125
HIRe77OE303LwGmP,1655877199170651336
rlmZxd9C36mp5MjM,1655877199270800714
dAziHLwKJxeGDQf3,1655877199370944074
9Pc63lI4r2uuMbHz,1655877199471071360
mEh3XbMrZ07mOknX,1655877199571196424
8PbB9rDyt5tDh8BT,1655877199671340858
MsUtSoi1mnl8YXfg,1655877199771466162
wGp5502y6vAl3LCN,1655877199871597763
BeEdTxcDkOMGtzup,1655877199971791622
EhtJivGmoQVrlhCw,1655877200071987741
JQamNCy6YKMRJFFX,1655877200172141713
w6rcz7MnVreGWqCq,1655877200272310888
EkacvWgRq0r8F6dA,1655877200372459174
ASm9Z7w2wYITMTHa,1655877200472591127
DpA8MqYArPG6TuGd,1655877200572720209
M1mu8gw4EFVaik8t,1655877200672872699
YJ0s9Y00vH5OBJzX,1655877200773069263
IjPQPMTbZw9FhH8D,1655877200873184993
a85ke5iZMlvV5u3N,1655877200973314057
dSm0mDbL9iao0h1a,1655877201073442992
n4ISAzzWkv2nn39P,1655877201173646667
TvPE6zZFf82fp3Ec,1655877201273767768
8W2GV2kEvk1ilA5F,1655877201373925666
3TT9Q0P58PlxQzYY,1655877201474073249
TamzaXBVHCC1NHGQ,1655877201574208943
khaAfxGoMzjmyFJR,1655877201674358729
q3OQaZuqk6r7N5V6,1655877201774488571
k3GPyUBKTt5P8Mpw,1655877201874612136
PBLyjFmTLbYge3mO,1655877201974742330
51l3VxMxoRMul9r8,1655877202074873857
LA64PqXiR5O569RB,1655877202175020607
ADDd8ZYwytoj2frN,1655877202275168246
pwRCmwuC1HH6QjFY,1655877202375315366
wS921iyzbmgdQYzD,1655877202475440449
SQQENIQMZgSzPgVJ,1655877202575567810
8fL8NH7w1mXPKWbm,1655877202675721467
x1yIHPer55oSjKjr,1655877202775872217
z4xKJ3GIpni9IJtD,1655877202876019263
IrVZE7OHADhtXQjU,1655877202976144698
Seojh22Wnid5zUIH,1655877203076275467
KloWtBm1OTttucNK,1655877203176423569
E94wB6Qwm42lWI2q,1655877203276571560
4oNvz9wLapESPZne,1655877203376717458
irYrvyoh0oQX6QL8,1655877203476842042
Eg3CnyXOlkqBJdn0,1655877203576988495
SLpLHb0IPQnUo8a3,1655877203677135783
peDcai0LSpUkQHkr,1655877203777281829
aXCq9B8WZtyO1ZPo,1655877203877429746
DcRnIP6lCbVdsDUR,1655877203977556033
ieHrnNMNGKjFt644,1655877204077703876
gTpyquj3VCgNP8m8,1655877204177851182
k1xYOHtcccsTguWM,1655877204277997988
LJKBD2EiEs4cyoij,1655877204378142442
qdHCvAnVkdwOXQks,1655877204478266897
i21v2GcF6ep5SXoG,1655877204578391629
83R1BEUvrRHMp1EX,1655877204678539935
1DT4T3JYh8d7dPOj,1655877204778685481
Spjd1DWscnESmQzl,1655877204878830176
dQp5T6b8CEGnbcV3,1655877204978954649
PEeQR8G4tSWdqVOR,1655877205079081418
uEWNI5WTJkGsKltj,1655877205179227947
zX7PdLTWnx7dQW4K,1655877205279378068
iZg0eCTwuioERgvP,1655877205379524949
B2opNFJ8ARlaxntf,1655877205479649829
KZdzj5tdlfrCLmbX,1655877205579775191
mNM7cdFm4yLzlEc6,1655877205679903053
nE3WJw74ZyEviqSS,1655877205780050804
DmZoNoYQmtPV50Zq,1655877205880199573
EcKVWRX6Nlz3bPVn,1655877205980324342
B4bYq9ya1M66MfxY,1655877206080472742
GH3khao4Ln8vCbiL,1655877206180620530
gHsUQq5RA9WUmT22,1655877206280770355
i5nPdZSxNYsZ9Ytn,1655877206380924532
plIDbLdkU9EGaHHG,1655877206481051080
K2gyb8tyejWnHPb4,1655877206581199312
ArFjCqTeziuXx9oH,1655877206681345545
BSDnY4jCnDz2cY4k,1655877206781509444
PKSZAvD8b8dWFRmR,1655877206881657602
rxCP2vZp9Zqj5uSV,1655877206981793168
Eu4NnGTPM6vbWf2N,1655877207081943549
dElf8KSFrIwxDOQP,1655877207182070652
ISm4iDT4KMgo2iBd,1655877207282193163
vuI1FiG4zC1AZRZp,1655877207382338489
uKtaXKfpfLdh1nIu,1655877207482463333
hYvuG9xFKyPtOxgG,1655877207582609992
FaqmsTaXoDCoyUge,1655877207682756928
2cWHjTU3Quuopb24,1655877207782923531
9qo1KOX6ajsWEZAE,1655877207883049950
9hVsA0wYsqMhPMjY,1655877207983174831
DVYVs5bSmUy017FA,1655877208083319749
oi2wiwValpF8AwhN,1655877208183456797
SDqKGRk2tg1unE4Z,1655877208283601753
w5UfzzDkmRtwNYHp,1655877208383764652
j77zXrzQW0JJELrB,1655877208483902830
QLqQK184Sz1qVIdE,1655877208584038415
OlBvaBJ6BcQQyFbM,1655877208684196537
aPksOtwrqxfMEIYc,1655877208784354159
1kXcvqi6R8UPL3lv,1655877208884556262
QWnpNkeDfJXtZ6Vb,1655877208984723144
q0DjpvpG2IdNLOHm,1655877209084867210
s4ZFmDRSUwL32peq,1655877209185022555
npZcjNqjfT60qNki,1655877209285166399
QJwCULcyHy2Ile6W,1655877209385320985
Sg7B3xugPyeFKPvk,1655877209485508940
gruBAX9STBiEooiG,1655877209585652637
SpPTlJ9AHmPbBKJp,1655877209685794537
AE0KlAkCJSO5F6Lf,1655877209785933455
wk9h1GrJ0EsBWA1g,1655877209886072726
Mz179lJRChWPls2h,1655877209986193682
a9McOBtOPjYwtXaF,1655877210086317434
WbKeLb5VGbs2Ruh0,1655877210186457575
44cSDTqdCOX4v7HS,1655877210286596846
hc62B9VQkNSAH7AL,1655877210386716098
BknNDc0P0VRuajKH,1655877210486836332
JOHSXmsF7KPPSZib,1655877210586978547
JUyU6wu4PJy02GHJ,1655877210687117374
eXmBHeRPxomPMSyf,1655877210787254996
wvA0r25HJ1FMIUdw,1655877210887393100
1P6J4VgzJQOfsKJp,1655877210987512779
FRp5RsKkuX4C1i63,1655877211087654642
5CK7fy6zOScGnv30,1655877211187801747
Kt3llLUdsYnsEuvI,1655877211287946944
4DPkBWjXwJlhFpgX,1655877211388086974
gjHP3l3tHqlWiemn,1655877211488208412
rBX0fEVcXHJk6xGk,1655877211588402979
fX7iIAZZzL3hxpSn,1655877211688542102
zxle9HEhYWPcTdK8,1655877211788679836
ARoQaOyZhzEcpfPm,1655877211888798218
cBOmQdRy7oYaSqhc,1655877211988949063
HT1rrzOWyb7lGWXs,1655877212089100982
fwc5X31eqXCINrsf,1655877212189244457
LtUAqtfpSmaiI6Yw,1655877212289391266
2BzXC190YLGuD9XW,1655877212389534870
01grsLeK7C0OIZIK,1655877212489681919
iHpsIytpI9hVGE1F,1655877212589830376
Df461iO6uPSBwkTc,1655877212689980518
2JSIHJ5ZRm2f01uE,1655877212790121029
hwIgcgkV3Dgxx9Xx,1655877212890249782
S0GiHLFi6IO6HGIw,1655877212990407331
DaapFLKGY0CTAjRa,1655877213090561732
hfIzyYf4o393KR0V,1655877213190706652
0aKDvdTRddvlNKM2,1655877213290854868
zc1x8h0ui9y0YyVW,1655877213390996307
WojQRBr2okm946C3,1655877213491141596
gBzpqxjZ4fXcb198,1655877213591273479
pqYEzNEo8yvC47El,1655877213691416695
JBY98FgCvCmWDte2,1655877213791563448
kAEhYQVgPPsTW4Cn,1655877213891704016
FkvL0ZXtlIPyB2yt,1655877213991849880
CAbib4M0TDRyHelX,1655877214091999800
MeqMEODzedypduhn,1655877214192143572
5IWgKsem55kNjVs6,1655877214292291066
AgQM2eLgFHUsCBfH,1655877214392433838
RBvl2ZX7eHSMlIQt,1655877214492555869
xqFzSYghqAZ2LFHk,1655877214592706492
OAVOj1ULGuhzD7q8,1655877214692848875
w57Oen4UvdUEqjyD,1655877214792995906
tSbaT5th0bfBgVJa,1655877214893115123
bQzDC3f7e7MToKgh,1655877214993261728
kFFBL8tJhWSM1lwa,1655877215093414333
9tnJuQRZXl2L3g0o,1655877215193565364
vDzEMqV1MxNOgIwq,1655877215293708896
Bk768YdgHdzLJy7C,1655877215393853797
B6PVvuXHssdY8aMI,1655877215493982699
IUOQ0z4Ic4bt2i5B,1655877215594109545
mUhhPCxF2al988RO,1655877215694231391
appaorqOtRHt9M5u,1655877215794357274
pkbCwYPw7A5DIWcs,1655877215894499861
JPR5GHTAjk3q56ku,1655877215994625411
qK4mqThvdk9uHjkY,1655877216094777257
8BeMT7UAqYyvehnV,1655877216194919159
1rFrIunvfupudaSj,1655877216295083357
j65ACaK26HviyiBz,1655877216395225129
XPopJZiwTYq46Jnn,1655877216495345661
PrybRIbVZWDXENUj,1655877216595498156
mJY5sH0KnqOr9CeX,1655877216695640817
1c6QtivSC6yPTQ8F,1655877216795785644
jfJawJuh9GYHQCoR,1655877216895927380
nsrgak6lp2AITIWA,1655877216996050041
xpir6aYDr4SFFEh2,1655877217096198054
7WifFoQ4raMItqSo,1655877217196352919
dBejjCvaFNqUcVWj,1655877217296512266
zEOE0pIpNd7ETY37,1655877217396657556
hfoQpjz45pYhI2OH,1655877217496787199
EkWFZm2vPA9rgAwN,1655877217596929990
pilfSkhVXGCpGa7V,1655877217697069096
IbkqNklluuaY3Wts,1655877217797207591
EfVePD9xRJkhrrCA,1655877217897357326
Qu0mflXXd56gZzXn,1655877217997518451
c0Q2DXxcphKgXUov,1655877218097669908
Poh4XCZ9HdnqdKcD,1655877218197816292
J0FWXA7MqR1LvpGI,1655877218297955509
cwK98uGQX4E8MqMf,1655877218398100949
qZAMkHgYghtZV7s5,1655877218498229221
3CCC4TaaXogtf2ZT,1655877218598377994
ahnIyUqe9jDco3hs,1655877218698527544
Eu4GNeqsQXj3XGX7,1655877218798650799
xIPvkDXuujUjmAby,1655877218898796016
4dFPH3FfYyj6FGBC,1655877218998923603
WZ6Hmb9hKdQ5n13p,1655877219099065950
cGCtKRWsQFwdT8p0,1655877219199204649
htHRVQ8n3YspXue9,1655877219299340922
8r0QIXHgkDJEJ7Ey,1655877219399478954
yVQTvYFw57lazOi6,1655877219499604968
DgWTBnAw1RAIYOHX,1655877219599728444
rhykDDgGJQrImXMz,1655877219699867625
DtSPgcLf2TwapD5g,1655877219800006083
s4Q3F4KYU9pGeBDr,1655877219900145541
2gEjGXMI0IrpTwVL,1655877220000270999
ytNCyhkSoXhShuHj,1655877220100424457
YWSp3n745wrXtNsp,1655877220200567545
GF1CukdgFK8wCQgl,1655877220300713818
u6YxtfzxarURCKGQ,1655877220400855666
YGdSyG9DYFAkdoTX,1655877220500980494
u1TmfShFHBgTTuu1,1655877220601130100
8XS6nZILoQ3QCXx6,1655877220701274337
WOqBrXQ8g4aAzUB5,1655877220801421609
zdAkCQ3zq6P2bK68,1655877220901562605
jxJYUigBkEJjiUnf,1655877221001690878
6xPGNSFBXcB8xHEg,1655877221101840373
CWEfEsoy77gnZRTf,1655877221201983165
MqwjH9som3ujI7NV,1655877221302129864
dZApRwlW3PKcqlGC,1655877221402271786
bAtqJle5oXm5e9aH,1655877221502398281
ii68erefHwF5fVIF,1655877221602546925
f95xvk0hHnmvuKAb,1655877221702687476
2Ehe5JHKGXOv0e8e,1655877221802831231
nEbgybODM86FTEoT,1655877221902953800
SV8XoNq2uCwtq4Xd,1655877222003084426
I6KEfgR2oVFHj3lB,1655877222103226421
YrhKCVN7hJyVNV8g,1655877222203366417
ZQuE4KEtnT8XWrg2,1655877222303504968
gNNtqi0X1w0MP72y,1655877222403642168
XvCaDRT0uZXPRCR7,1655877222503768848
Zm0OUytTuuqJ1qHW,1655877222603909307
lS6ytXxl7UAYgcdE,1655877222704055840
MecrcTKVNAmOz4tk,1655877222804197317
WzhNXe8e6JAltnxF,1655877222904330665
PZ400PVOXHkWJdFn,1655877223004479679
duA8YJkcasNTfKg3,1655877223104611026
rl3s8YGfnyA7cNsD,1655877223204729189
H3LnK5PuxlLa31dv,1655877223304876167
mglsCzWyxg3Z1vmG,1655877223405018829
y53GAQ859TeDTF6F,1655877223505162195
ur84qe2lI5LH15Xx,1655877223605308765
BYCJwKN6o1HHENU8,1655877223705451705
CaD2CFnSJ6jICEDN,1655877223805628849
mPejk1pW24lHRDNd,1655877223905769586
oadyoOR5V8NfNY29,1655877224005916711
weqegfAghtx86Jlu,1655877224106043393
rMtflIiGQ3vncvvY,1655877224206193092
ZlADPKu6BrFH8yA0,1655877224306335310
J1d4JMIhPDVz6OVd,1655877224406480343
9frYxld8asOjoYh7,1655877224506627747
ZKBqeTX2e01iOVKW,1655877224606774780
8B24ufCSXYBK4qPb,1655877224706916220
BZRp0xrdxrLKMfoU,1655877224807080809
oqYgWj91FILK9lvK,1655877224907200898
IN7IIzvDoFXAsLch,1655877225007347005
A9LgqUh5l1PukJC2,1655877225107496131
eJKwGG94VfENyp28,1655877225207638535
yMomqWrbXFTFYfHC,1655877225307783364
zb8DpFIIuUetJe1F,1655877225407923619
0q1pKtOp6s4eXLoU,1655877225508069171
uuii90y4SavmDwzD,1655877225608215112
k104sPtwFvakEMF7,1655877225708334497
GvpPtlRLMM5ZJ5k3,1655877225808458493
4l6w8xsNtQ57mKE0,1655877225908599656
F1P6npS7BXgScOUg,1655877226008744263
7aaFVQaOogUYygYC,1655877226108890815
iwITjkYuGCLsanXi,1655877226209032552
N5vqUUDI8hp4LNG1,1655877226309177697
HXU0F0tVCCMnztTK,1655877226409317323
wMAQqNhw2W1OrHP7,1655877226509488004
os54syX58tq7kJRh,1655877226609636649
fc5UzkQ2ERO4hnBT,1655877226709778534
fEXWB3bJwRRhksMN,1655877226809922530
SPrSAISMhqQObZsH,1655877226910062397
oNnzQMGNnh2VaOq2,1655877227010188708
liSvysIfgg4IGuX2,1655877227110337427
HKzieF3Px5sVRiVC,1655877227210479072
Ow6MoM0V24lIyIID,1655877227310624031
aHtEXwdUzTxOBSba,1655877227410764102
MfuB1ue1wPIsha6H,1655877227510892469
szTPu6rtXoGiEpGb,1655877227611037410
U9kT3OUylmoQLuhD,1655877227711179295
s8akERbjDrRPgg0A,1655877227811326569
pkbq66mpqbF9TuKL,1655877227911478233
2u3EJfxUWPuD3sLs,1655877228011608637
dvgh1TXp4mxXhHrj,1655877228111760207
AuwTXtw4GqFJiY9J,1655877228211902556
To1SHWGJGDqxSffc,1655877228312048460
ab47S09joM0Uv8oM,1655877228412189068
wnpBH3UXGITiy8JW,1655877228512335361
hNb7Njo95pdyvPLr,1655877228612481450
A80RBUzPkS7iYOCD,1655877228712630410
loK6X9FcwrZrGugP,1655877228812749073
0gqB8nasDfbj4lun,1655877228912892403
ZDu4K7fGyE5D6jc6,1655877229013041177
PQHXEpNPUw7Wi1KH,1655877229113188656
ECMYJ1mIDpVJY7Pv,1655877229213330504
VgQjTo7vkEQSDkiS,1655877229313505631
u2yD1jTEYyX53u0X,1655877229413648165
YRG1FLwxXMOl44By,1655877229513797291
69A5qdJNaoSbiS8G,1655877229613925714
rNH4gB2EWQzaSAXY,1655877229714047692
Hhd6IuTsivSONaeD,1655877229814195171
vtHc4Jqahn99vgfC,1655877229914326704
LGIdAlUqewE0UqDO,1655877230014474164
hU0mmoKTbRbW7GgQ,1655877230114630717
Vx2fgWULQgLsVWGC,1655877230214776380
0Gwk4HCdin9o1qEW,1655877230314925840
nEATkcm8I51lbHyc,1655877230415069504
WuKY9WCqJLeJ9qpu,1655877230515215001
5xMnZ8wqEvZpAXPg,1655877230615364257
QkDZEPNYi1rqqekt,1655877230715507272
a6g9DaxPVXEg2cKS,1655877230815653843
KV0YuL4bNtRBY946,1655877230915794952
EiDRJBomg0Qgcl7u,1655877231015940578
G7R9SVinP9wvGy1U,1655877231116088149
hEt0Nhk3iBiIwpDA,1655877231216229591
ueHK7z6W62PN1Qpi,1655877231316376940
djg0OQ26bkNVXaeR,1655877231416518566
CtlJtroxsDKtcAZD,1655877231516664638
rDDFdDKDvhgSFItP,1655877231616812616
Cfg3UU0MgJDGRmTG,1655877231716954484
zeTbsnmnSSGfj74v,1655877231817099166
klwFDwZrDn7eZYuX,1655877231917225441
DO859uqaK4F3CIyu,1655877232017381327
1s9Cph40U9f3iXYt,1655877232117533991
tgw3amdtpqwz6tt7,1655877232217676432
l1KYiMZCVCDBjm4d,1655877232317823670
Q0ezlFsY3oXAhOHR,1655877232417965816
PZz7vWHPiTaSFd3d,1655877232518114165
bfcMuSuvHP5woLND,1655877232618263773
uLJoraDa1l0EO1s0,1655877232718418067
gSKYvDTCcZ6QsScm,1655877232818569471
lvacTlAVX8jv9Ztp,1655877232918721468
2ELxPp71MDQEd2yO,1655877233018872725
vZzOI9rpIblPAcDA,1655877233119027111
oY7DLEFhQft3fsQa,1655877233219169775
PPwhWoXmNGCVqNgf,1655877233319315958
vnsH05yQiqRNgrv5,1655877233419475381
EsklgFV3TfYK2Czy,1655877233519621804
0pF0tBObzpxfhskv,1655877233619767876
iTeOiAPCnwWq8Tm6,1655877233719917169
G167ASh8IenzUWsD,1655877233820059481
zXZffzrSvLI1m483,1655877233920205534
3C8CfpKxR5wwbm7Y,1655877234020354624
JeEyd5RWPhYBkgCn,1655877234120506733
sLxV8FSaLMUw9ZVS,1655877234220650230
DhPpmoL9VrLDXVzO,1655877234320795543
owtxCKXXg1RpauGl,1655877234420937429
bfaMTwVwnoAJK9f6,1655877234521088797
3W3FqYkXXCK76arg,1655877234621239091
DR2gNXb9MjQeq5kt,1655877234721381866
Zm7QKpvszDx4ook1,1655877234821529252
GmgbJFkdyAHmD0fn,1655877234921650139
mkB6a4wZHud5iN5y,1655877235021817321
7jYRyI2uRKgcILN4,1655877235121977430
4Y8cc5Bsznvf80cG,1655877235222129631
hAffQhZrzFSHZpJb,1655877235322272240
OSDyVMqU9k9IklWQ,1655877235422418145
vB5MqdBoqd3NRNyn,1655877235522568754
nBlIWamfItv0dRQW,1655877235622721437
aWsR72DxdGL4dHrQ,1655877235722862379
Rbgx9QcRKWRxxsTW,1655877235822987599
MKvTK8OxOh00zpOO,1655877235923129115
Q5LXVvynROiNGAra,1655877236023278168
Sm3msPhG7hG4XdSv,1655877236123429684
ilTBgPz6nhR3rIbJ,1655877236223572311
2c3u2l87QNBv0bri,1655877236323719513
MIt0hq4VYTWNj8fl,1655877236423861418
kidkTmrs90n7bcpv,1655877236524010008
sguaVy33QZO9f3vO,1655877236624160099
mY8DIy3RypYYRLTI,1655877236724301911
0LsVKtWiQsr4wmSg,1655877236824448298
JYtbWv1TkX19rSRr,1655877236924588370
oHK6AooZgfdaQ5Gh,1655877237024737034
d8G83HZnnawe0MTo,1655877237124887810
dnsmZgLFKyoi14Pc,1655877237225029956
AdkDtJygrtKsFnes,1655877237325175324
YXc7DxKVt8DuBaXL,1655877237425297692
CHX5ZVlOO3GdovUM,1655877237525447060
Q6Rb2j7vqIq1rNK3,1655877237625636669
cr8BLtYjuoNihp27,1655877237725778908
tTjvAop06fzx0K0c,1655877237825925480
96mUxKCr6XZmMbtD,1655877237926077422
2a9DOwBTbBQbTPBa,1655877238026228031
Vv5RFHIKmq68PzLS,1655877238126378621
YSduOoNxxmWQ9izc,1655877238226520508
d23rHMB3AHBZEUzm,1655877238326666858
vahJN2FKoljvTiY5,1655877238426808078
kbu1v525MDdYfcLa,1655877238526953076
B0sY27spsZkKFINx,1655877238627102185
sHylKyrg9SCp2XND,1655877238727244424
VFlWKcLBB3VPKqMC,1655877238827390292
5JxPHm3REFGHnbSG,1655877238927532309
rEm9q5Kz9nOTdldi,1655877239027678381
4Y7LLAmXO0m9cDPR,1655877239127825416
RCaFFtCOgZpKKS0M,1655877239227976025
z6fKEQpcOal0n9PC,1655877239328116838
JyPYrbxXAmpSDomC,1655877239428260892
uQU6qHjCpSBcbamu,1655877239528409334
YBTNnOvv8iMJW8VQ,1655877239628535462
YxVMFEZ4ekfEIP6p,1655877239728656608
bZCMv5F4obNKirjG,1655877239828803940
oEb1QA42shGA6Nxf,1655877239928943123
uAzqFFs3qDMY23nr,1655877240029089028
HOqfWshMZwUeJSHB,1655877240129237823
cHzpWrrK3Dr5EeuV,1655877240229379395
0l8Ubno9jIn0k4CK,1655877240329526893
J98nzz82Ax7OZ0rZ,1655877240429668003
jz1KkpTU7ESqJe8a,1655877240529814223
oGOnDUnNRsj0sYXb,1655877240629964129
VYwGLNkQcCGtpNTb,1655877240730107127
brMpJ9AkzuksQHRw,1655877240830256310
nLC6juXL6lEt8fSi,1655877240930398827
XoXqvhZvZJl0ZCwK,1655877241030546029
Y6RH0wa4hoyoTQWy,1655877241130674749
D1n8gM1EdmCAx6VV,1655877241230797192
CumCoKGT8CFZdjYo,1655877241330920209
kJuRfwdGgpRdvu87,1655877241431061855
msHaCX3IkJsL2O7l,1655877241531208539
f1AKvnYcczFVtMcf,1655877241631365907
CtDNOHf6YVPYtWJY,1655877241731511720
WTqREP3qMHJEdvrn,1655877241831657015
m5A9KqFsLdQD7kjd,1655877241931824513
BY5Qv6EFNYTyRLmC,1655877242031978808
OwLikYY4ByHJgyuq,1655877242132128658
UzEP6QfRw6QOPAan,1655877242232271712
6tTpR1tby8uc6mQb,1655877242332417932
meyq5bH1ifN7pvtu,1655877242432559764
oMjEMapIihsoTJND,1655877242532707133
xM30vJ0dyNjmJcg5,1655877242632857205
wNJGx6WfnPRFgnSb,1655877242733008389
7Uc2ncgjxNVEx9Kt,1655877242833149146
Wb8Rie4T1UihH9JO,1655877242933293311
dtQOT47QRdfOkxGF,1655877243033446254
YMgE0ji0DOhUVys6,1655877243133632975
rGUKLcjkDM7xJLCp,1655877243233775196
ht4fakdn6JHcH7i7,1655877243333921213
NDPgn8P0UUxlpAbU,1655877243434061971
1d7bNlOT4d3LkkQ5,1655877243534190987
xqkiw9iPdfAQnjum,1655877243634319338
M1NjmjBqKCA2wa8r,1655877243734467762
OqZLzFiats0gauTw,1655877243834609483
voegWnUqzerwDxnb,1655877243934754685
nLumacMTTKA3Ebz7,1655877244034884035
NbltOGiOsZK3W5fH,1655877244135036367
OX3zANSbfaet9byV,1655877244235179255
DkOb04xqbFu5JXMh,1655877244335323698
4NgCi7nNhPGp1DKC,1655877244435464659
xglvljlKwdQFAkxD,1655877244535610010
8dPqiBEOYSDXdXja,1655877244635757453
DTTwADF6qdMzNHCV,1655877244735898266
sbKbkWzJyCqchYAs,1655877244836041024
1cnBp2FdfZc2qoWh,1655877244936180134
OqI8MFPIPGs6m1wn,1655877245036307095
djwSj95MjiNXUtEs,1655877245136461631
hUz1jOJ8cACOB79o,1655877245236604259
o3EYDHsuxFRS6eKn,1655877245336751054
8Hoqg6wGG9dREkD2,1655877245436890738
oRYzgRtegK6lwOY5,1655877245537038496
eLvIRrYfy96AuHDi,1655877245637187494
glhMCY0rs4anR8s5,1655877245737328493
RlNsavXX3bhxqufW,1655877245837451899
eKtosrfiwDVLMLQl,1655877245937623879
6nehg9EjjvgZoJ6S,1655877246037751082
dxGTouCi7f3R1RD7,1655877246137899118
Cpmtw0afuFDiWH88,1655877246238040135
EOb0GlhORinSA0ZM,1655877246338188059
pMDmKmPEzcuVt2d5,1655877246438330392
PF6f0n1PVprdpPyd,1655877246538474965
l9N3vmGuNAOEB1KY,1655877246638602926
EQBDBDce0UGntEQc,1655877246738743518
NlfHWv9t4X7DZRln,1655877246838888387
pu0y5dd55try5FaS,1655877246939029274
1DhX9rOBOVOxv7jk,1655877247039156144
zjh5KK8PBzNGDvgE,1655877247139304902
9OjGF7PdclZVqIEp,1655877247239454345
zvsKF1hOy3cByIN5,1655877247339596825
e4JrBiTmT2HJIV7H,1655877247439742676
QzZdyHzxKb6GsSMU,1655877247539891323
UfMgMnQppf759EKX,1655877247640040488
Du9A985Rk9hab144,1655877247740186450
fOk1B8oynv3u7MSJ,1655877247840328708
GbTNhYoPfTzFT4J8,1655877247940477781
Q17c9vaupcpwyFDC,1655877248040609243
ogZVCLvsms7FuQNL,1655877248140761390
PUxYOVQD7F75SLFG,1655877248240902722
zokA7d0sV57QTTls,1655877248341048777
vgQJBqUJ4aMUtcjs,1655877248441188609
OT0U40MZ5RxYugQq,1655877248541333978
Ko7WfanhA9B3jut8,1655877248641513607
LuaPswxyNsUIXv6r,1655877248741655698
jBNMj81rGBuz3m5P,1655877248841801493
efmWbhSxYxD5sHwZ,1655877248941942122
QIuAQv1g6ueAgjXI,1655877249042071102
NHowxHtVE6Y4NUdo,1655877249142220120
kVwBRxpVrRdV98nW,1655877249242367470
QaSLpMq3QO5mqgab,1655877249342507729
CUkdRX6Hxkk6sWcG,1655877249442652024
62btOPunlzZaf79r,1655877249542803115
brS0OXHJH0P7WzMa,1655877249642930392
2vTOJNB4MkczplpQ,1655877249743071595
cHRzmgI3gg9CfVmf,1655877249843198335
OF4haFkwyMun6jCg,1655877249943337389
ybflHwmwav8DOttn,1655877250043463426
6xUhACb6ZVsfC4LB,1655877250143614628
fzwutiqTcxg0qZlu,1655877250243762146
UEZdQ9jzcbcpfw0I,1655877250343903756
vuDma3FC0tBoRuht,1655877250444068885
8EWXNGWyp7nV3llw,1655877250544217532
dyiD0vO0mZnBRS5a,1655877250644341902
gb74pb2fgn8hYtd9,1655877250744482493
sJMsCkqxHb8j3DHk,1655877250844628140
nMmcxmFcXNJ5FvE5,1655877250944768769
CYxPHlMYNSFOgW6T,1655877251044914046
ss3ocHO9chCraOwn,1655877251145061434
xrAEdUkyw0KaUR1L,1655877251245202637
J37uKV3wAGmleiWZ,1655877251345349414
aenB8W72WRdyscJA,1655877251445520653
fQ2zt5u4JgnyOHVw,1655877251545665801
vH53nC3JceFSHZaw,1655877251645794652
xcupimr1SexovTjq,1655877251745934929
korXzuobX33oaeiW,1655877251846078872
EcLwOCwoorbjIKX0,1655877251946223945
8MX5EJglLiZtKIPY,1655877252046375889
siTHuP3iEePXyuX5,1655877252146523592
G38VKpGdVoXp4uLw,1655877252246664110
doBVBFCQrbvoUSrk,1655877252346808479
VzDooSRHGw6KrSES,1655877252446950330
EQxQd7oUhjIBB9tf,1655877252547094811
97TvZsBnpH5ghJ6w,1655877252647222125
j3KMB8rsr710HufO,1655877252747369143
16HYzSLmiQQNkWJT,1655877252847511161
ZboijdYYkZZzUCLT,1655877252947658419
Jd2G3N2lmQ9WwQxT,1655877253047808159
2jCjMiG7Ip6kzSDI,1655877253147956232
3FW6bWqNwztsNoKN,1655877253248102380
YW7uCLzUA4C9UQQX,1655877253348247601
dubEPRbLQSCoHWBp,1655877253448391230
0GhCbhfjlrrFFFkt,1655877253548539563
9L7YnjsBB2zQY9FW,1655877253648669247
NvixcLgLDXYSmILu,1655877253748813783
bRQOAIaJKXkqgxM2,1655877253848959875
q3zQOflZBH0vZLpB,1655877253949083227
kGXsW7CrfufJp2Jg,1655877254049232467
3I6Pwqz77z0hIoq3,1655877254149378355
2NvYT5N6z3Nn3hT6,1655877254249524002
xXVtNSyVRzAinyln,1655877254349668687
LeJmkhqhiEUltvpq,1655877254449792279
TIkqliLAfTsQRdDl,1655877254549939019
IXX0COhuaCdT7SJY,1655877254650069148
i1PTkiePCWod81OO,1655877254750216444
YuOkG5cqFFJLfatO,1655877254850363776
cIrKzThByVm6X9U3,1655877254950489350
1smHvO7BcOUHwNdY,1655877255050637997
eVqdwYmu1WyWfSag,1655877255150785793
IKvEg0NIOraJCDpq,1655877255250933552
ggRbCDTDkSiNuI4B,1655877255351078866
axNGykZKZ7dlITax,1655877255451205217
71YJD1UxTCKMSMV2,1655877255551358402
KsHGaqa9vEsDfQAm,1655877255651487994
Sg3fgXa7isTAFwBX,1655877255751632530
oSnOGLVBXMMCmVwC,1655877255851756697
BzprXNxDGQLTNWy9,1655877255951882455
wjWA4zLcLgm6BjGK,1655877256052030621
i4ADR7QhXm8sG60B,1655877256152177917
pWLuVfUpLGtWz9qg,1655877256252324824
D0td7IKd2RTGXTRN,1655877256352469398
xlFTQjGlx9FvG3bU,1655877256452592138
4S59iNkioEzMfOhd,1655877256552740952
9w4ZdIIaRXVhZ49d,1655877256652888377
VEkDcTwQhtkKHRvP,1655877256753033025
LxyyFFXgk0MJ5VuY,1655877256853178062
iflK8finYT5oszDE,1655877256953301080
w9AAOho7iAQleLJM,1655877257053449653
y2e4gMpEnu0gtDso,1655877257153636597
L2yhkmoQvFBZYSvW,1655877257253782652
UXaAtNNfHLJ9XBxs,1655877257353927152
DtZvfOLabU79u0fN,1655877257454053577
XDVPas4pCNyjWtZh,1655877257554203966
k8bQUwy5P4CJ4rgc,1655877257654352669
2C1a23QCOMvuESby,1655877257754497890
ZCM37J7UNJlR9Q19,1655877257854643223
a0ka38nRSgLg9vfi,1655877257954773778
5zjAIqcf8O5Fo6OM,1655877258054924759
76w8EjahOtLXmyDs,1655877258155073796
yw0Gldut1z6n3U78,1655877258255219536
Z3HllpQ9imeVkrLg,1655877258355366036
nLxYwrPvoVgpynyX,1655877258455491647
pDIa2hhkTLDBAWsv,1655877258555618739
qnSmcriONMDJABqz,1655877258655767702
O6XQnE9EXKOfpEaf,1655877258755912682
12Pdu5zFSCYcOMZk,1655877258856057034
Q69CIGQpaoUN2221,1655877258956183460
5QcxVbCxoiXA24uS,1655877259056329070
81eQH3DqphDqiEpn,1655877259156482774
eSk91u5paaxcfq2n,1655877259256628310
rfE9iRzV7AJpO9a0,1655877259356772440
bKAcCDQmnLOSBQE3,1655877259456898532
5QAlp7HwHajejHeI,1655877259557025513
bmtnzHXlcvBoKPpN,1655877259657175439
pz9f6OZLyHzgYcw8,1655877259757321142
OntM4R7fKIReiG2V,1655877259857448457
DB8HXgcTxc7TE4ba,1655877259957622549
rTwuu3XEMyt2CtVP,1655877260057752493
2cgZIG2DsAg4CGf1,1655877260157902252
jbtbdQpxOgxYXSxZ,1655877260258047270
2b8Ks9ViHCnTQQU9,1655877260358192029
zOicoXXBCUjjvfJx,1655877260458317492
GPG6WlnnxYGLylSv,1655877260558446251
7AWtg34sYmZRRsOf,1655877260658594528
GekmOXaJ5of3X7we,1655877260758740065
ISWyWao2MNTlEpPS,1655877260858885065
S9Eqgm9lZom6ugjC,1655877260959014472
9F8fnuh8H8tVxIvP,1655877261059141435
PAD5uNoR9YY3FFFM,1655877261159290120
UL1FFgNVoFyjVu7v,1655877261259435268
2KyuflMpHssU76qZ,1655877261359580212
RrofVA8HP61uy6p0,1655877261459706545
Qot6ZFvo5lJCr9jJ,1655877261559836378
1XwUh4m48lz7ro5H,1655877261659984211
ayL7BEwG0FQrO98N,1655877261760128729
f2sK4cPDNMIEALTj,1655877261860272155
InqR1mgzz6pMExjr,1655877261960404266
yZB29YDWuTk3nCm5,1655877262060533470
zcUyNAyMHlgTgOKe,1655877262160682618
vTh52sbuKKv7UhCT,1655877262260828673
IeRdpNx68eZp2rRx,1655877262360973266
K62KzcFJu8QOqar6,1655877262461099432
EGj1cg5iIeVKTxGo,1655877262561228154
3G80sLJmUh8IFxMS,1655877262661355802
E3TohZW0B2IfzYR2,1655877262761504469
pX3ftKQL0YbDWvdi,1655877262861651265
y7Wfe2fn2yQ1Ur2J,1655877262961783801
N3xELNXLt8XN3A51,1655877263061915746
FZetaKfcG5ckve2G,1655877263162065394
hzU2K1MB7tXA1c9H,1655877263262213005
An8k5nKLrw4ka60F,1655877263362358097
3UGLTaWaT3iUerjm,1655877263462487579
csWgfo1Wl5EL9EbC,1655877263562616338
gpV9P2jq3RIfG2Rr,1655877263662746430
uvXZkW4VaGojVNu9,1655877263762892226
CPHZP0PRQi6ekWTc,1655877263863038208
P097VBa5SNovkg4v,1655877263963189245
6JUTIsuiazKITous,1655877264063320078
m3yHFYMft9acpcXt,1655877264163468374
wzNErHuPEEhh0Zan,1655877264263615226
bW4o2PTwY1YLd3FX,1655877264363759392
2alspdH4sxlqUJd3,1655877264463905818
pirs5IodJKwvNBSP,1655877264564035133
jCFZpVdfQMWug7yV,1655877264664181948
nnLs67TNRQIoZjCJ,1655877264764328540
tRsgwTMMnqFTvBxj,1655877264864473559
yIZ2Q3QpTge2PqLG,1655877264964623170
FBxAcHWQ5jr0uohr,1655877265064748836
5HtTKJIn0upNi9ey,1655877265164896429
KZ8vqcLtKAtEzZ52,1655877265265043540
qzTAGlvGeicMrEKA,1655877265365188855
nQ5b1OULYLXVudVi,1655877265465334818
aysqkl5OUfiLt3Vg,1655877265565498003
RYFQwjlT2JyxuUfS,1655877265665714854
SWGAFJWjyF3rGYVh,1655877265765866095
5k61RrUU8RP0v2QL,1655877265865991780
WhWmy0VxFWmV5GBA,1655877265966137132
yH9Q6csD3FDwHeHm,1655877266066270891
JlYHm1CzYzTbFcjB,1655877266166401317
tqbxSRAVgMPyyfkH,1655877266266524965
QGWAHj8nibOvD564,1655877266366670521
wgzO7AsoUHkSwSjL,1655877266466817688
iFTxyZjeA7XLBcN7,1655877266566947188
INVNVLBzbtRXL8q1,1655877266667094966
NIxKrgw0lULw4h3M,1655877266767221947
4XhZqrYRkzx47n3S,1655877266867367688
30kvghvQ9EMDvOXz,1655877266967514243
tEWj54Bo18s6vvZx,1655877267067666132
wHsayl07zLItjpqa,1655877267167815021
2NJ7PUtPclVWf2TZ,1655877267267960225
KJ9I48O1Res8SjiU,1655877267368103947
41ZTWTs6CMarO1Qi,1655877267468254929
KYzMeNO5zEDRxvt1,1655877267568423429
uTTOuJV6f3w45KmN,1655877267668572799
sjiU44Z4IkVGdNFY,1655877267768718910
qiwi2PmhTgjW1Urr,1655877267868865744
DZMIdtMwepAFCPn0,1655877267969021095
6ig87TnY9V28zu0C,1655877268069159540
RMU5Fozre97oWspc,1655877268169310947
aVigwWC4zFCy7C8W,1655877268269488447
WdZmPYb3fiqCZfo9,1655877268369633725
8Xn31070DJwIU4m0,1655877268469780262
hMk5uM8Y2ykbbYji,1655877268569930688
3Ul4Sq4f70vb3ici,1655877268670080040
4MnwgwUjsCKSl18o,1655877268770225522
WtryhtcosVQvD0dF,1655877268870370355
KRA1LckBp2dY2jMY,1655877268970515855
cBWH566vcUqnSR1k,1655877269070664818
sBlBnTNaUy8WiT2I,1655877269170795226
eWahdecF6Q2Ys1Ik,1655877269270942633
C2wyTHYxFfRx8TEk,1655877269371087337
0oSdQ2qWTq2LsK34,1655877269471233300
Kz0oGXlUCDRIef2e,1655877269571380782
RSHrV5NywNHoiKq0,1655877269671529078
IroYMY2YjSoN5q2X,1655877269771675634
HHMmLiiH5x5lHvmZ,1655877269871802931
kY6666cpYOBcFB9U,1655877269971947875
QTElBw2Fr508zkgj,1655877270072097486
JmoPqODPnOz0Z6Sz,1655877270172246857
ZgjjalyRrwZohDV0,1655877270272394857
zHNqgaDRyCPVIrTp,1655877270372539450
XCY7vUWkR5Y8H46E,1655877270472685209
JT4z4FO0PlUfaxV5,1655877270572833746
71A0WgjxkH31J9Fd,1655877270672981469
cIaeXxfvi9YH43M9,1655877270773125469
5X7ZDqWx8ZyPiE0I,1655877270873270377
WZx1WcuCjTTlWqsZ,1655877270973414988
Lz8YqcWw9UJpgK8A,1655877271073565136
r5CLf6XOZz74nzb8,1655877271173714044
wiekIAgSd0HHIPS7,1655877271273861803
SeS7ixTGwYIhVrpS,1655877271374007674
ZSCscrIDpZV7xxCP,1655877271474152267
ZeVHbyVYXlD2d1SA,1655877271574300600
Tf25WIJLsmQnjcAI,1655877271674450119
GfXrc1N9mb9Paca3,1655877271774596489
Fa8jrP4h9SUs4e8I,1655877271874739471
Ie7ufT1P28nckLfx,1655877271974887231
tlgk9iRIAv9CYHSq,1655877272075039194
taiW1jw3rjda2GXv,1655877272175190194
zCg8u7P51YFZniNh,1655877272275337157
G5DHo9IfqtDs9lo8,1655877272375482509
vSFpZesaC87zqUe6,1655877272475605621
ZsLNzb1oUCgbvSjq,1655877272575754602
uygSaY0kg8iUcMYC,1655877272675916880
