GtNy4iaS,1655358362537463404
MReMJfJw,1655358362637495105
GLQdWwI3,1655358362737638064
5aS0nHL3,1655358362837747209
Ai1FOZfi,1655358362937921576
yH4HuNBA,1655358363038065518
gcmDY4Ec,1655358363138202588
egaPwvS6,1655358363238341768
bRJyzwgx,1655358363338466116
DlD86OIl,1655358363438606038
04wX6A9i,1655358363538698275
pj7lcXpB,1655358363638836493
x79w3qrH,1655358363738969507
Z4NdRdOP,1655358363839101985
gKwmT3VI,1655358363939228777
ka1M8qW3,1655358364039415773
vfxzToE2,1655358364139547601
rbeGE2fu,1655358364239674930
Lafob86M,1655358364339846943
i5gotApp,1655358364440036012
qmoHZ0KQ,1655358364540105063
bwenyHgJ,1655358364640213798
rL7RRBn7,1655358364740348664
GRu8cjxQ,1655358364840477918
Wjh3jzRI,1655358364940613710
v53sMj9C,1655358365040752871
2FdTOOZd,1655358365140884884
nTlPCing,1655358365241015934
PVj6SAOM,1655358365341132631
DREa9LmB,1655358365441328533
aNdzlCcY,1655358365541384453
fLwp1jWQ,1655358365641513040
CDWfMuzZ,1655358365741626664
JD7SWtc7,1655358365841764028
EF4zPeW4,1655358365942003707
zSt09NQM,1655358366042100609
buzxmyU5,1655358366142285509
9cWfT6ki,1655358366242428262
LohkQBmP,1655358366342540940
ddPn1n7a,1655358366442663841
h4VR2zX9,1655358366542794445
Z1m37XlQ,1655358366642925735
JQ8kcu7D,1655358366743050043
XVyWI56y,1655358366843195129
7bP9ZuG8,1655358366943359900
v3B0YuQp,1655358367043431894
LYZvQh6w,1655358367143596812
C5SS8ZOG,1655358367243749767
8mNhgcqa,1655358367343914111
dzYBuz0D,1655358367444042974
VY8uDEqN,1655358367544118133
HIpOpCey,1655358367644253515
yzfebTCE,1655358367744382137
TlNNiOaD,1655358367844515574
ug77svU8,1655358367944665381
EHW3T81R,1655358368044792410
7f4h8GvZ,1655358368144933216
zHuhdSvX,1655358368245072652
80czw678,1655358368345219903
Nd9plBGq,1655358368445462968
oIXuZRUY,1655358368545466090
iMGLp9qx,1655358368645589396
7Sw1W17r,1655358368745723443
eHgNQvEE,1655358368845887750
Dj6kAYJq,1655358368946029649
vX9kezhj,1655358369046146547
RcjvdonG,1655358369146320575
5TdVOphc,1655358369246441232
XmMhKdWF,1655358369346589223
8fzkdfS2,1655358369446727806
F9yqxl63,1655358369546863556
EiWbVCB2,1655358369646989139
yViI7EWF,1655358369747118408
rVyS8OVN,1655358369847357602
XTEUCKVQ,1655358369947421908
00zWCAW8,1655358370047537620
gEQnQw0G,1655358370147689666
QwiYKDup,1655358370247867822
e8IqQnFR,1655358370348037275
lEvxNR53,1655358370448156691
eUo4OmIo,1655358370548283810
h1LzEFpt,1655358370648421022
N7hlswCc,1655358370748569641
95ZWVdX7,1655358370848711965
5JBT3SGk,1655358370948868843
TbkhqXYB,1655358371048979407
cGwSA74J,1655358371149134488
AcnfFKmI,1655358371249250033
dwlhO1Pr,1655358371349401559
a9WOe5ZG,1655358371449558807
JUjTblll,1655358371549715611
NYRatBsU,1655358371649824489
7c9TbZIC,1655358371749956274
gpaLs8ZB,1655358371850101077
cIcD4LwP,1655358371950251696
uL0lXsDc,1655358372050370333
SL64uMGY,1655358372150518414
Bor3wRCY,1655358372250664328
hnlj6i90,1655358372350881500
39jYzv9Q,1655358372451006229
GDU8Zkgl,1655358372551088588
WYmTxx1e,1655358372651214576
ilOoRVnS,1655358372751406545
cW1ZRAzh,1655358372851492923
NTnwBUfi,1655358372951638707
0QBxNAb3,1655358373051802973
vxrMSep4,1655358373151961145
9oeYybGJ,1655358373252061040
51DEVtwV,1655358373352170434
H5QeG0fB,1655358373452322292
xWWO9LQI,1655358373552447020
72q5e4Mh,1655358373652621451
6ZvbQs5h,1655358373752724124
xTJBTyNP,1655358373852863815
VrleABuH,1655358373952997543
CkMqpgVt,1655358374053173122
FQSeGXLE,1655358374153309812
zdNSbip4,1655358374253451410
Zagjka0w,1655358374353570989
JKk60FzE,1655358374453717975
fRswxB8w,1655358374553860350
oVMOCCSl,1655358374654016985
m7VWfTSy,1655358374754150638
oA2mP103,1655358374854284957
RqzO25Io,1655358374954436092
YeAkqbWb,1655358375054581893
iz7LQYKE,1655358375154718211
iK16Mz9l,1655358375254853975
q67qBPch,1655358375354982849
1nQqOuR4,1655358375455181797
tWPJ2hWj,1655358375555356320
2VpMSy7I,1655358375655468657
4E6Dbhsc,1655358375755547495
UIQqCrs3,1655358375855670462
MFLOxr7x,1655358375955839447
KuJmsO3u,1655358376056046302
a75BowlG,1655358376156156009
EC6R1wSL,1655358376256281364
Cnk7cp4u,1655358376356406275
kLhajiTJ,1655358376456550000
pYSeUDuh,1655358376556702929
Nz6PvYk7,1655358376656855229
MSEwGGry,1655358376756970380
bWYIE1b3,1655358376857105679
Y1h2Fcha,1655358376957240164
bnzWMicg,1655358377057428593
8ocO5TMe,1655358377157548484
ztxDuWFQ,1655358377257680449
YwRlY8L7,1655358377357798211
wJcI1Cy7,1655358377457967102
0YW32qgz,1655358377558114752
hdBc7Q0f,1655358377658256162
KRQtakyW,1655358377758389960
3ao2mk9l,1655358377858538648
IdmISSG9,1655358377958731724
3RjBpkq7,1655358378058851374
BF0lzxF0,1655358378158985950
X32IlB34,1655358378259123877
npMFGcOJ,1655358378359292527
18SoqHw1,1655358378459409861
WulTr0TN,1655358378559550067
2VfnegrR,1655358378659704216
TCghm31o,1655358378759905199
9TazkUyE,1655358378860072200
PjfEi8Zk,1655358378960183239
bEXEsNdK,1655358379060304925
ZI1LL07U,1655358379160449666
SiRACPPZ,1655358379260579926
74mpBLZk,1655358379360698964
Y6yQTci0,1655358379460853594
uiMDiTfA,1655358379560963114
96LKTita,1655358379661126818
kdPvzweX,1655358379761325892
1cvSCcT4,1655358379861386541
KpF2GuBQ,1655358379961539338
yUiSCZ0w,1655358380061671338
DOqCKUhL,1655358380161829671
4coHEFJY,1655358380261946819
2ZZITigQ,1655358380362103208
COqOyqIB,1655358380462221541
E6LXa2qf,1655358380562334800
ccuprBLt,1655358380662494596
ksACaqam,1655358380762626781
DQ89GRIT,1655358380862757503
Xd06dojD,1655358380962904039
Rb2GmOAV,1655358381063032854
GIfr6FbJ,1655358381163177797
fkQv9iMe,1655358381263304129
JKku9T8a,1655358381363417480
48opUwKl,1655358381463565183
ExaLC9cr,1655358381563684089
t3k0j5f1,1655358381663858162
PPvYr16t,1655358381764035568
Avier0N4,1655358381864165345
xvP75zww,1655358381964270122
0fxikaj9,1655358382064403102
zcgoemim,1655358382164546915
fOOVNkZI,1655358382264672209
fwQivKdu,1655358382364817541
zYcj8Jr5,1655358382464950316
vXuXHaHx,1655358382565061537
ygSLQzc3,1655358382665200146
v2kqMLiK,1655358382765357718
tK3zds4X,1655358382865484086
Pw2fWKcT,1655358382965671232
y2mM1ONw,1655358383065737341
O7kjQR3H,1655358383165900709
l4GNxJsK,1655358383266027373
DuziEb9C,1655358383366177129
bvYcIwWe,1655358383466332626
1FLSgOjP,1655358383566471623
RymOFegS,1655358383666632472
Xg8lFHwr,1655358383766753081
BURTOw5O,1655358383866901504
BRqpnXEE,1655358383967047038
TzaibH98,1655358384067178553
xHsAZo1k,1655358384167363142
GRBdNG1W,1655358384267480527
fpJTKVfo,1655358384367612283
UGU4VdCQ,1655358384467797057
t2aSqcA5,1655358384567889146
1LiMZjqF,1655358384668044846
Y9gqeJe7,1655358384768226064
Z7B4kLUd,1655358384868306820
O33CfDHe,1655358384968467483
Wz06goJC,1655358385068579868
xx3ZGfeo,1655358385168733401
mpqV9J6V,1655358385268864748
MAhzLxds,1655358385368979707
ubwbPDlK,1655358385469121147
AmtOSYCC,1655358385569262920
L1hSKoxg,1655358385669452823
wdfHYG7S,1655358385769562096
r31EElYO,1655358385869712666
XPlxvvAF,1655358385969831550
wrhGdduX,1655358386069943360
GZnmnuCc,1655358386170097707
wEqAxMXU,1655358386270236053
kGSfBcs8,1655358386370348418
RaM3DHYR,1655358386470498228
oLDcEPCA,1655358386570640241
b3IYNn17,1655358386670769810
3TlF3dLS,1655358386770942286
BhVOw4nl,1655358386871040188
NyLbOXjx,1655358386971174516
Y2WwpV1t,1655358387071362233
yk61ORTX,1655358387171445319
6xu3zhoM,1655358387271586313
g9w2efzD,1655358387371712622
hT9Vy8Mu,1655358387471872375
tStHrLmx,1655358387572000591
Ig0FOmZ2,1655358387672173084
tV4Y91lq,1655358387772291523
VsJR0fMt,1655358387872401961
5F8wavuq,1655358387972559825
bs3xddzW,1655358388072705448
632F5l4Y,1655358388172870737
dNxc1JT6,1655358388272958342
Xc35Vvu4,1655358388373091353
lx2OY1tf,1655358388473227661
3tu6fwcG,1655358388573363228
KZqJrKPM,1655358388673497517
wQPPJJT5,1655358388773652122
FVRnVISW,1655358388873760578
ALapHC3Z,1655358388973914237
jusaCGu6,1655358389074028452
eKVydy1s,1655358389174177259
SQevj4Rr,1655358389274287437
NzefBhCs,1655358389374429688
Z3RjJLpv,1655358389474571402
fKtHJs7j,1655358389574711672
Jle0o3rB,1655358389674871590
2VoBA13i,1655358389775011212
4SRLoHGR,1655358389875124260
Z8iq0oZH,1655358389975348289
XBFLC6XC,1655358390075410596
ZLNiKPOM,1655358390175558180
rpfd4w5e,1655358390275692023
2lU2Z2I5,1655358390375858162
DXQQcvc9,1655358390476007598
FyrXLFuA,1655358390576180700
3Zo7TrjT,1655358390676307636
cEUAGmDR,1655358390776406442
JdptXS3k,1655358390876531711
OuHh89rB,1655358390976682832
jfGAU0e5,1655358391076808508
C8DQsQp9,1655358391176952055
1f3Y56IT,1655358391277070452
yaA4hzDQ,1655358391377205276
dUZ7SBCc,1655358391477346915
HP29nrIp,1655358391577461498
ULNZPe0M,1655358391677615618
C8Qt8eIl,1655358391777749035
6psY03AH,1655358391877889358
QAQEzg3U,1655358391978056219
2O3P04lC,1655358392078195339
CC6KoM3u,1655358392178337218
BuQBxaQL,1655358392278466337
ioZhUaBW,1655358392378639938
xDuxHfAR,1655358392478776075
pEkdYnVj,1655358392578890676
hvscTIy9,1655358392679035351
4VrY4231,1655358392779171619
DxwUc4uQ,1655358392879355108
Ge1oPXV5,1655358392979473283
QLhsbd1f,1655358393079626439
7sEBtHA4,1655358393179792465
E4Zo9RCP,1655358393279902750
5ECSjfX7,1655358393380041665
1FzcqzGx,1655358393480219561
pU8gjGlv,1655358393580340420
LIjUjurm,1655358393680459779
81Erhmwg,1655358393780608175
zwGpvWli,1655358393880747016
0tPh8AcT,1655358393980883301
SMvBEmxM,1655358394081078900
o9BTt79q,1655358394181193685
1PeuuPdu,1655358394281318969
I2cQCErc,1655358394381473235
YmnmZi6L,1655358394481640130
pHmjNtXO,1655358394581781285
GBJAaw5r,1655358394681912255
wfH6r7iO,1655358394782079335
tT8Q9Djy,1655358394882187082
UVfpODEf,1655358394982338793
OVpxPsoL,1655358395082528928
V3PLA7j4,1655358395182643137
apUj2EfV,1655358395282772125
hLK4WWjs,1655358395382919186
zWpONdhq,1655358395483056155
h6BrDstl,1655358395583177642
iMSka8DF,1655358395683361147
RYJv20n2,1655358395783456116
VbQsC6it,1655358395883606863
CsjOka7S,1655358395983788757
waBUgOk5,1655358396083928207
u10x2lzX,1655358396184030786
KNNXT3Og,1655358396284206661
v52eg96c,1655358396384343536
hF5NenQW,1655358396484484356
oOToAQJS,1655358396584618991
ogzHiOvd,1655358396684758458
TxH75Mim,1655358396784897130
ZnABYaiM,1655358396885044635
z9B7aSZO,1655358396985181732
9XdrtZSK,1655358397085373811
UiSZ2AMb,1655358397185468815
vUnT2Vnz,1655358397285574208
ew6EPeaY,1655358397385746564
BCN2lnMD,1655358397485841364
TonVw77r,1655358397586023813
ZsIbN6bz,1655358397686187446
2fCRJkxS,1655358397786299654
wIUf4rtX,1655358397886447288
de3aj8RI,1655358397986599181
0ktLoUIq,1655358398086756147
AUGRFBs9,1655358398186901335
UMpYBi3p,1655358398287037653
K6P3CoLC,1655358398387183675
WCXKfoBn,1655358398487333030
IPEVa6f2,1655358398587456682
RSYcAcPS,1655358398687617481
goVtbo37,1655358398787750707
ybSdPbQf,1655358398887912969
0d9YhoZ8,1655358398988029102
G5jOh8qM,1655358399088176771
vJFW5Id3,1655358399188409051
r5fEe3sc,1655358399288482610
g1BOniW3,1655358399388579057
nDPVMDpH,1655358399488737948
U4nXKOYC,1655358399588863450
UDO6HGjv,1655358399689036508
FuJ2co3P,1655358399789175733
1SsLdhc7,1655358399889299809
jNe4mDEE,1655358399989458275
OaKdp3Z4,1655358400089607406
vs7VeAtg,1655358400189792611
bjzEPcK8,1655358400289909946
xwAj7MvW,1655358400390036392
vG9kHgoB,1655358400490172931
ZtgB2Xrb,1655358400590289340
HpngR7mO,1655358400690457582
2v67F1dA,1655358400790593084
FluVPhgy,1655358400890734900
YKAasz99,1655358400990867624
oxnD2Za4,1655358401091030570
UgCkfnst,1655358401191166737
WnOwS4s0,1655358401291360905
M0ZEyiNm,1655358401391459702
fAyikYkC,1655358401491591647
CuupiniC,1655358401591708926
Y4806zyT,1655358401691911333
zXhxE3ir,1655358401792027557
DgXvCI6M,1655358401892163039
C09slq5J,1655358401992342373
uBHzAGQ8,1655358402092476336
l75xAnpM,1655358402192622429
RMHbeLvp,1655358402292814169
K5f5viNn,1655358402392908892
sck2qAAa,1655358402493037225
GEXQ1MkR,1655358402593176669
j02LLw8f,1655358402693340151
1mjuU4fM,1655358402793499188
gONXYV5o,1655358402893610373
jcDjzx8g,1655358402993760613
x8zH48w3,1655358403093956094
udvMhbhO,1655358403194129834
z4tVXyKH,1655358403294261574
YVyXS6BO,1655358403394390536
EBfHHZK9,1655358403494505887
DGVupCGo,1655358403594676942
E7Hm5Z1c,1655358403694839348
4z9V3JtH,1655358403794968959
UWYj5rsI,1655358403895111624
7LBwWRik,1655358403995239124
ZzUcZVEb,1655358404095418807
SM6Vdxn7,1655358404195571472
TJoX8enF,1655358404295686619
zy9TOpCv,1655358404395873228
pgVMAixc,1655358404496012689
428hztmR,1655358404596146743
AYyJCjW9,1655358404696335445
igd4VnzI,1655358404796485647
RScbAYCC,1655358404896582405
aKrXBbwJ,1655358404996722959
9ucJc7TK,1655358405096864234
n4MGrJXI,1655358405197054102
l9swf48F,1655358405297140099
OylXZhqj,1655358405397302449
aR2CYTUJ,1655358405497449409
XqXM94fs,1655358405597594962
CXorbv5x,1655358405697750256
rqUQVI75,1655358405797880791
j8HFbjY9,1655358405898019696
Z6Tg88ZK,1655358405998176582
dLAEEF95,1655358406098336134
3bUYubcb,1655358406198486520
jrrLbNS8,1655358406298646795
Rvpa2Msf,1655358406398752791
h2suFzzI,1655358406498899714
bTpT3R2m,1655358406599034063
Ir5tFV2g,1655358406699187707
PpEPB74q,1655358406799367130
7ukNuidT,1655358406899457756
9SuCtwxC,1655358406999603568
o031W5ft,1655358407099801990
suI3zKs6,1655358407199923282
DaR5I5YQ,1655358407300034945
XQaRMXb8,1655358407400191922
We70inta,1655358407500352066
hBcgTUkg,1655358407600493599
4ClLFHlm,1655358407700648039
hLB2rk8N,1655358407800788646
NGN53Edi,1655358407900886180
NFOqh6Vm,1655358408001049194
GG7VWqGD,1655358408101202300
9PDy8MJV,1655358408201334018
agadsBLF,1655358408301500198
Rh48lZs2,1655358408401627878
nxVJljVv,1655358408501758651
9gtH2Dkc,1655358408601914813
rKDiTWvu,1655358408702064697
Bz1xWrxI,1655358408802208322
nSZYC2TJ,1655358408902342502
jLYjWIML,1655358409002480997
aX334zwD,1655358409102656695
wvARk7jX,1655358409202807208
YG6iJXz2,1655358409302917517
qXlMn5gL,1655358409403078956
bhOdgIqb,1655358409503225580
B12w6jTc,1655358409603381000
zZKG5JIv,1655358409703530716
o2GZ5wug,1655358409803660229
dHJIXArj,1655358409903839464
9tfFa8sX,1655358410003961421
gAolS4eG,1655358410104115989
6soCoiqQ,1655358410204262427
xAgVIXER,1655358410304405216
OteyzWVd,1655358410404533803
fJM7O1LS,1655358410504664167
t9cgqT4n,1655358410604822660
bkGtHUIf,1655358410704956339
LwbLR4w6,1655358410805064295
OJBkKWAB,1655358410905204455
enrSEvFp,1655358411005336819
dUguywXI,1655358411105490738
s6bHBXLX,1655358411205644675
qWFA1PKf,1655358411305770501
AB7O5KBi,1655358411405899827
mpbll63c,1655358411506041820
DetMBFt2,1655358411606195794
j6AkVUNe,1655358411706344361
eS2jlCPX,1655358411806488631
1yIl5JNG,1655358411906610680
vEc5RT5B,1655358412006757302
ZDv2gHgK,1655358412106895127
jh1UrO2q,1655358412207028119
NIbQawgT,1655358412307178259
BGYcjbnG,1655358412407349973
phGVyvnf,1655358412507447113
aoARCAHX,1655358412607606994
Qrx0ndSw,1655358412707776282
ryZYaKmN,1655358412807952311
z3svwdbW,1655358412908085136
RjvbtA7H,1655358413008197110
14GngijX,1655358413108387212
gG6GZsbW,1655358413208573777
tTQp61JV,1655358413308645490
iE5bNCqO,1655358413408776722
G69worST,1655358413508909880
5YhcOJ9I,1655358413609067649
kZ7pYRKG,1655358413709218788
dNp0ZfNo,1655358413809334131
kWiYLAzR,1655358413909487807
gh350ANk,1655358414009624706
hSZDtsTV,1655358414109819029
DGVnusZe,1655358414209933057
PFAiOA94,1655358414310054917
rB7pJSX1,1655358414410236204
v7CmxeHA,1655358414510381250
ulvmdSQ0,1655358414610548647
iZj6hs8Y,1655358414710673527
1ELLesKX,1655358414810832369
xWKsAZ33,1655358414910961304
IwpwPEw5,1655358415011115905
lf9SWFyV,1655358415111292191
RJq698d7,1655358415211409366
fvznT0ol,1655358415311555873
vehIqcNb,1655358415411676196
FU1ljzHB,1655358415511841408
I5FREsWr,1655358415611970620
oUeFST0N,1655358415712122831
5idtIySX,1655358415812257358
STJASYJi,1655358415912450125
dY7pOcgC,1655358416012572800
6JPYkQun,1655358416112714715
6XgOW6vw,1655358416212860629
ZC6zkNfM,1655358416312997359
tm9IMqSS,1655358416413151903
7szrIrcO,1655358416513331206
MIkqMfnt,1655358416613441251
srsaFVu8,1655358416713592110
H4Qcsr4z,1655358416813780117
j1o1qQND,1655358416913920828
g732kqta,1655358417014091001
gl9vG31V,1655358417114206286
5Q7vHAsy,1655358417214422829
9ex04KBi,1655358417314513354
PEi73bih,1655358417414613324
Krcasb4w,1655358417514761145
z9rEHiCP,1655358417614939447
M9PRRY7q,1655358417715081473
kqynReUm,1655358417815216349
T4KLeMFd,1655358417915408800
U7slp28B,1655358418015528158
CVad3iSo,1655358418115682090
WOZv24fV,1655358418215845133
60oiK4Mo,1655358418315956620
9CYwEg5Q,1655358418416107070
Cg2FMS1q,1655358418516272131
qblqdRLh,1655358418616435840
P7QhBmWK,1655358418716562920
w2EAgKZq,1655358418816672074
yZ4I158r,1655358418916820913
grhHG0zd,1655358419016944974
7PLH9pZ5,1655358419117144312
roDV8mM4,1655358419217270928
LQMMVSBA,1655358419317404841
JqRYqQBw,1655358419417547327
nWDwLm1A,1655358419517684943
YFggz2iJ,1655358419617884818
Q4dvUp3m,1655358419718026638
fVKUtVQh,1655358419818152550
2bbLLbWu,1655358419918285925
qAYnAH6a,1655358420018397282
JkToZXaC,1655358420118568601
0uetP2YP,1655358420218723549
dAlzlFtZ,1655358420318870146
NRMXiR52,1655358420419020150
BYoi3Os3,1655358420519140821
IXvfZT5B,1655358420619342047
bo8K11tO,1655358420719417366
QEt7fy7o,1655358420819564889
WvWYJMbZ,1655358420919713245
tWCRyFaZ,1655358421019859286
3iu2jlQ7,1655358421120034270
xJEaFJOk,1655358421220167459
EsIVFt26,1655358421320320295
OFXMU7vW,1655358421420470891
pnYWXxcU,1655358421520605098
Eq5U8TEM,1655358421620728713
KWqZNsfl,1655358421720883772
7B7aI166,1655358421821015219
mcaJZAmm,1655358421921168038
zrG7ISTc,1655358422021314393
wH9JAp3F,1655358422121474858
08pG9tKu,1655358422221615694
WtB33xn2,1655358422321780530
m175TbfN,1655358422421899588
spf0ciGa,1655358422522037868
q3oyx7sR,1655358422622205500
y1S1zE2l,1655358422722367169
F9ohiU4Z,1655358422822502153
HjXrRnRG,1655358422922593045
pDCkK2BI,1655358423022764455
3bI2pIm3,1655358423122920382
Pak62odJ,1655358423223041088
WAAvwZBl,1655358423323192571
nNV5PeMR,1655358423423366350
DeT1uF4J,1655358423523470741
omNqa084,1655358423623622502
BI07q9sb,1655358423723824652
VLgsz2JC,1655358423823911820
enDY0Fqo,1655358423924056804
1BfaCneN,1655358424024195306
3cSrmISF,1655358424124376066
d77a9Rmm,1655358424224547640
CyICB6zD,1655358424324669604
IcnUNPpO,1655358424424802124
2FGmXg1A,1655358424524960662
n8kvXUfj,1655358424625104533
Qxuc4tpK,1655358424725240738
TaoqxbCz,1655358424825388387
qSjL7iVu,1655358424925514129
pDnMfS66,1655358425025656574
QyiSpVmI,1655358425125811334
5Y607Iyv,1655358425225957760
jhGqQjiF,1655358425326077389
wWZbwffM,1655358425426222260
bNmQqWit,1655358425526358427
4mu95s4o,1655358425626507742
XKcx3KAx,1655358425726669131
okXlNC5z,1655358425826795075
YqNOM6GP,1655358425926941187
qAYv0dhX,1655358426027081816
xHVzaduO,1655358426127287316
LR7hcBe8,1655358426227396704
11WN5kmw,1655358426327533944
uJpuwXSr,1655358426427674648
ovqMWjlq,1655358426527865387
AqXk1Bs0,1655358426628019979
CNOG78C0,1655358426728186053
R1uLWKDJ,1655358426828324071
D1fkkOat,1655358426928480607
F5dEGWFQ,1655358427028640217
tbgyjqy9,1655358427128740827
qtUKBfbP,1655358427228887030
hH7RdfIq,1655358427329025102
iw5ySKMJ,1655358427429142805
v1HcrGjf,1655358427529282285
7E0GtZdY,1655358427629466635
qiySLGI3,1655358427729600652
CN1cfMtY,1655358427829744559
NB9CPsqU,1655358427929906520
4qkwNMUE,1655358428030068407
4SeQjwTt,1655358428130199961
ITWvpPUA,1655358428230327681
YdKvTAPY,1655358428330466901
y8SMUwYW,1655358428430632936
NCw66QxO,1655358428530780823
rTIermmP,1655358428630925228
N6LoHiMF,1655358428731066689
qmbIj9p4,1655358428831225464
Jl8Q95my,1655358428931358684
Z4cQqOnB,1655358429031523330
T60kpKzd,1655358429131665587
7Zwogjs0,1655358429231819825
S0Qc3AYc,1655358429331921544
F903VmFy,1655358429432065411
sDifVgJa,1655358429532213705
FDOtwEtO,1655358429632359017
CHyGSXqf,1655358429732476940
gpiBbvAR,1655358429832674400
6q7cWQCj,1655358429932757638
dZdXnUvy,1655358430032917023
kuEAP2p5,1655358430133055909
rVEQRMqX,1655358430233222831
Dv7hJKRw,1655358430333341086
t2ReWMcE,1655358430433487490
EoOdrBig,1655358430533632672
hv56HvdS,1655358430633789872
qjA93b3u,1655358430733926053
bUY7oBK3,1655358430834094383
zigosNVZ,1655358430934222398
GafXTG0H,1655358431034376060
zAO0jRuK,1655358431134544408
tTPfcjib,1655358431234679478
QNQIktpy,1655358431334838454
TSVuiTBg,1655358431434951098
bZgKybcp,1655358431535076390
22UejBD7,1655358431635231423
YbPGUCEv,1655358431735379677
ehpNB01m,1655358431835511321
Xh5TGhIG,1655358431935683557
jnuRy8YU,1655358432035879701
jwkE8w7n,1655358432135975399
dx8ov7ZT,1655358432236117987
mew3LDJ3,1655358432336296537
yCUwK2O1,1655358432436401532
w8D54Lqf,1655358432536591601
GwUB33cp,1655358432636738429
hXq0k83i,1655358432736851331
KXccY0bU,1655358432837040048
6pZA8NpO,1655358432937174209
JHZKIA8z,1655358433037251871
hy0R619O,1655358433137424902
Zl07jcZp,1655358433237563285
P7xXUktm,1655358433337715871
2Q6KaCIH,1655358433437868773
9GiFHpco,1655358433537990563
YctHCT6b,1655358433638150464
a162mxoo,1655358433738295680
Ot6y5OEE,1655358433838432138
cwSuk2gI,1655358433938580428
eaYp1cOb,1655358434038667330
eTdQQQCo,1655358434138846471
HIlKhzXJ,1655358434239005205
txBdzsud,1655358434339125142
QSQR2p0g,1655358434439334395
Ib4g1GVG,1655358434539422221
ZEbED8V4,1655358434639579900
5fg4Vafv,1655358434739726356
06K2tKh9,1655358434839968127
vjpv0IBX,1655358434940095620
WkjhsEmv,1655358435040212187
rSxM0dFy,1655358435140378383
hZ0Yrfhn,1655358435240530617
NUgNnpsH,1655358435340675498
abzQnjMf,1655358435440822935
9Hz7uF5Z,1655358435540924057
m35ehkR4,1655358435641076828
F5R2uHHU,1655358435741231135
sGvdxFI4,1655358435841353609
WGBPTGwF,1655358435941480898
I2tzmI3z,1655358436041634927
NSzGjHkb,1655358436141804289
VdCTqTVL,1655358436241907170
jfkCvgPB,1655358436342043698
gJARZDQv,1655358436442206690
fQBOhtxA,1655358436542340386
V8bLb7gK,1655358436642492025
mOUf3trj,1655358436742649091
Az8kDXdq,1655358436842772898
xmDcf8k8,1655358436942954463
GMUrT89D,1655358437043051641
VbsYVhFd,1655358437143208780
hOLsvyiq,1655358437243356437
kvQO4AWI,1655358437343493336
WyAx5HAa,1655358437443636475
t18MiLzN,1655358437543787207
jJFcFyQy,1655358437643923234
roMtzqCT,1655358437744087484
pKPsbZSS,1655358437844210031
aYoHtmeb,1655358437944394040
3sDIqcGf,1655358438044508569
QcXNRjrE,1655358438144709373
1E6anY3M,1655358438244820234
6pbzZFac,1655358438344945761
5mvvM9Zm,1655358438445070141
k6ABnzPo,1655358438545234371
DVMy1NI7,1655358438645372195
Bt4k7dLC,1655358438745523074
NE6jNdV7,1655358438845663768
jdGUafGl,1655358438945787925
8ck902GB,1655358439045945211
uJt1wEBJ,1655358439146089793
QH2ouVtb,1655358439246232727
9A5hnJTw,1655358439346390309
wB5uBM35,1655358439446520039
dw4Z9GqZ,1655358439546663955
VqLOLFxS,1655358439646797111
N1AAKb6E,1655358439746949748
mC8xW939,1655358439847071553
47gBLWkp,1655358439947209376
M4BfH88e,1655358440047373161
9GoSrtgd,1655358440147490039
3naZubiy,1655358440247641750
hO90sspE,1655358440347817812
w0rB7zpE,1655358440447927653
Dbg2SLfV,1655358440548083049
8E40nkzU,1655358440648210408
86VyyICs,1655358440748336545
J43O1qcD,1655358440848454182
SJFuctQk,1655358440948581671
5SisDhLJ,1655358441048762252
ooIk6SdN,1655358441148859684
WelWVOhx,1655358441249005116
fupHlDzq,1655358441349144160
ghhtP0CB,1655358441449274741
oUvuxWIR,1655358441549393303
B1vgPab2,1655358441649521494
VOJGcI5G,1655358441749676723
yk9LkJWY,1655358441849803378
oPQjui85,1655358441949961977
i2j7cIA7,1655358442050097613
gRMGkRWg,1655358442150212582
Bd1vxVRj,1655358442250378161
urSmYYrG,1655358442350559315
aYLDqVIV,1655358442450652265
xelf3GJE,1655358442550793660
tK7qpWZh,1655358442650955332
OzUuYJA8,1655358442751091431
sVJgzcBu,1655358442851232529
GvXKBqW2,1655358442951391479
8ctv8QaU,1655358443051563373
O2OwKW2A,1655358443151685656
0Mqxy0pC,1655358443251866513
tMW2A34I,1655358443351969722
dvBlKlEi,1655358443452125838
mae67eG5,1655358443552258621
y62w4r9x,1655358443652388755
BdzJe2ZH,1655358443752519075
xk3HTHzF,1655358443852690654
pbLwEbzC,1655358443952842770
g17kqGgz,1655358444052982312
tfIYfpnd,1655358444153133446
Zqs15sGv,1655358444253274857
RcpfBpqr,1655358444353401287
oxadDGa4,1655358444453551032
traZgOAG,1655358444553706851
C2HGsV9I,1655358444653839911
5wxHjn6W,1655358444754003063
ie9vujym,1655358444854092179
aWJFsTV3,1655358444954248627
TkHMDOeJ,1655358445054375909
KZa4Lea3,1655358445154525320
JhxBOtvx,1655358445254665453
PECGffJ9,1655358445354774235
NaTay5tG,1655358445454912757
cRIv6qzN,1655358445555035983
XuWunSrA,1655358445655171412
g3QKghR3,1655358445755391656
FsdBxXSX,1655358445855413660
wiT0ZQN4,1655358445955582867
Kuy5MnF0,1655358446055726000
oeIUJjXZ,1655358446155889836
b9iWe82a,1655358446256042802
rVbOvwSF,1655358446356148712
qPIAAX9z,1655358446456297381
9PRR9z0i,1655358446556440421
8gDmpFKe,1655358446656638368
iv2dsUqg,1655358446756762741
r8p2dw1l,1655358446856861855
LSCSPA9V,1655358446956972784
qMFdZaHH,1655358447057133490
TJuJoiyd,1655358447157273270
olfRheC0,1655358447257401901
5OTUYcyN,1655358447357537033
yB0VjImD,1655358447457668091
beUNMS18,1655358447557791611
DeZsJktO,1655358447657967317
8Mqfwo0u,1655358447758112504
y0PhG9ss,1655358447858233043
nND7nCFz,1655358447958402008
rmrAWiYd,1655358448058561843
2MGy9Gq7,1655358448158675399
EDoVMhL7,1655358448258834067
2WCpjPma,1655358448358944884
CekgKGJN,1655358448459093126
aXJjlAq0,1655358448559288682
NdTiKmpM,1655358448659406683
I09zPwZZ,1655358448759547314
YHGsVXD6,1655358448859655279
3Xnofem2,1655358448959843150
HFkZzYtG,1655358449059991670
W2FvynTU,1655358449160101744
4hLYEYeH,1655358449260280282
3R6i3qlI,1655358449360378431
4Tp3ziHV,1655358449460521412
jXPhKqAM,1655358449560634635
XVuj3W15,1655358449660845487
w5nxvWEx,1655358449760975673
031xmIRV,1655358449861060803
noA5eIQ9,1655358449961211896
nIsppruj,1655358450061359360
whgqEunC,1655358450161483860
ym9i3YBo,1655358450261643007
KJuycI7P,1655358450361740267
ayEPp88m,1655358450461907914
qna2hLEd,1655358450562020229
8LJ9sUxC,1655358450662197673
op9Q7Eni,1655358450762318099
C2728Emw,1655358450862441136
zKyefAIl,1655358450962579932
UZuM4qYq,1655358451062710487
fhEnu1T6,1655358451162830745
1Y6Ams6j,1655358451262999151
C3OqBebf,1655358451363127687
DU1FKY5x,1655358451463232909
DJi7JBCK,1655358451563379297
kISUBXEL,1655358451663535574
acBlGlPR,1655358451763658628
DQhVwkS8,1655358451863809942
49FLKRf2,1655358451963927645
i6XtdlCB,1655358452064074421
LOwZ7L0K,1655358452164190994
kfneQDmS,1655358452264353047
M2nhRQj9,1655358452364512064
WE09xDKI,1655358452464640211
ZFpeYowG,1655358452564773394
TjvrwhJH,1655358452664934411
h4y7TfEz,1655358452765079243
sF7pQP6x,1655358452865155945
evbBjXRB,1655358452965322665
EK080IPh,1655358453065447756
KLmn11nr,1655358453165602383
EugcJmZw,1655358453265753344
g87NfWWr,1655358453365888378
rXzrpPW9,1655358453465996709
kHxjGiaS,1655358453566160892
aH4r1bnh,1655358453666309963
js3MPZDE,1655358453766442424
6C3tZZ1K,1655358453866600755
ow14ccWC,1655358453966711289
rY3q9pWs,1655358454066860935
hZC48PGD,1655358454166999876
aJ69r5Rf,1655358454267155743
1Tkd3Enu,1655358454367304517
npiueElJ,1655358454467423181
lxMuNc7x,1655358454567536844
wB4nHWQG,1655358454667693100
z8s2Nfu8,1655358454767957097
Sa26pnOa,1655358454868077297
jkS6KX1G,1655358454968230738
j51yZQCY,1655358455068369291
Y2YvgQ38,1655358455168503287
14FopbMY,1655358455268655838
LpcfMbu3,1655358455368831297
ftzEJCls,1655358455468914627
EJlsin1j,1655358455569064975
rEVeprB8,1655358455669208545
gnl1Nd22,1655358455769353134
X2GoC1eO,1655358455869484944
JQH1BIi0,1655358455969657163
WDeJ4pRj,1655358456069778177
bCiyokyJ,1655358456169901228
mE7wEkLX,1655358456270043446
8cYJuEJO,1655358456370224737
RvfTl6CK,1655358456470349214
GsG4dELN,1655358456570496283
QTKcBf9J,1655358456670643093
Hfa9ttVK,1655358456770801533
mAoVEypS,1655358456870919436
r3VSFqpe,1655358456971068746
J7GSmQj1,1655358457071215649
3J8xAdFx,1655358457171362977
l1Sz0GQp,1655358457271509378
JvHXl4B3,1655358457371659040
CRVyrFyt,1655358457471817553
W6qhi3eT,1655358457571928788
54R3Krse,1655358457672054264
k7BV9KYL,1655358457772218074
l2IbHGUn,1655358457872362772
KIS2L6UQ,1655358457972503767
BtTTkJ5S,1655358458072652428
OExYYWrK,1655358458172859717
W9tnNNYi,1655358458272980896
f1i05CPE,1655358458373076465
5qin8lFW,1655358458473224940
0D2YhuqB,1655358458573389823
3jyP6U5j,1655358458673512909
TniXy7j3,1655358458773666551
xPp5B4aB,1655358458873779675
FchuUY5Y,1655358458973948483
H1vMU03x,1655358459074084014
nlSlqCnm,1655358459174227081
bcpmePvs,1655358459274367037
0dkUBo0Q,1655358459374587586
pvmHtoDh,1655358459474648987
ZfQOpBAR,1655358459574805535
lzBON7GN,1655358459674945639
kyrtmqJa,1655358459775119651
l4rds2KP,1655358459875231811
iinXuxwd,1655358459975372619
x81IDFfv,1655358460075549149
EUo0K7Y4,1655358460175687234
9Qh1SzP8,1655358460275835578
fCeX8YB3,1655358460376018052
eCLrS0mg,1655358460476152155
SYeneDpn,1655358460576302259
bUn1TC88,1655358460676455362
MmeSKpVz,1655358460776612262
zooRmZ5F,1655358460876714977
7i0lvpXU,1655358460976895358
JKVkUdqo,1655358461077016702
NUHgJkfJ,1655358461177171268
ZRiL0ma8,1655358461277324667
UarNNOpe,1655358461377447640
gKM8wDxH,1655358461477593206
hCxzwaGV,1655358461577740420
2yp2iP8C,1655358461677885356
yyXJMMw1,1655358461778040570
fI9ZV4qB,1655358461878160598
GoADOOgO,1655358461978314812
MVR3tXDr,1655358462078469729
Vl8q54ri,1655358462178626943
NyHq361J,1655358462278769359
s9UEXBds,1655358462378916239
g2vXZ8O5,1655358462479048860
rVvvZkdu,1655358462579191054
