AQWk,1655361802796742627
ZsBj,1655361802896626242
g9pG,1655361802996511653
uBqS,1655361803096370603
UYF8,1655361803196372976
qNJu,1655361803296331239
qN18,1655361803396367945
FMeP,1655361803496319746
k89I,1655361803596267750
0Ize,1655361803696398510
RotK,1655361803796299700
xhmR,1655361803896347091
FzZ6,1655361803996305169
KryA,1655361804096280433
CzHR,1655361804196292234
Ktq2,1655361804296262869
1xK0,1655361804396350428
EHcd,1655361804496259823
3Vv0,1655361804596269032
ChQQ,1655361804696282277
exUy,1655361804796276375
mS9z,1655361804896292435
POOj,1655361804996288681
FDmE,1655361805096243983
84EK,1655361805196325303
KryN,1655361805296292847
KtMX,1655361805396296335
ZmvD,1655361805496274194
jPCU,1655361805596245387
pJRE,1655361805696248208
fpyu,1655361805796240104
0i89,1655361805896284054
mLR4,1655361805996253432
APSU,1655361806096216347
Hozq,1655361806196297761
au1H,1655361806296245789
JBj8,1655361806396278741
SAN7,1655361806496270009
yJzy,1655361806596231796
z85j,1655361806696253767
RXob,1655361806796221924
uG5B,1655361806896260191
451c,1655361806996316847
x1rH,1655361807096225858
CbNf,1655361807196246312
jimh,1655361807296243174
zkgy,1655361807396292239
sjiH,1655361807496235899
GWs9,1655361807596198428
mvKo,1655361807696210068
yKOw,1655361807796203282
LFDV,1655361807896251846
oYAY,1655361807996212542
HvFE,1655361808096183813
ftDV,1655361808196282379
bvmr,1655361808296211448
RcyB,1655361808396246552
XJxW,1655361808496217953
dLSw,1655361808596185040
YdRN,1655361808696229458
9atO,1655361808796179749
V6d8,1655361808896220593
yqdZ,1655361808996188846
jNO8,1655361809096158600
zNJW,1655361809196223130
gG0H,1655361809296192885
ZSB7,1655361809396225269
3cSD,1655361809496238690
CLbf,1655361809596194426
QEnO,1655361809696170663
2Oxl,1655361809796187898
lLtk,1655361809896207726
iAFM,1655361809996173482
OFdx,1655361810096150459
go3h,1655361810196153456
PVsZ,1655361810296144361
pUDF,1655361810396240707
gybh,1655361810496139725
NYS6,1655361810596162832
rMpY,1655361810696146367
U4ut,1655361810796177159
HWqv,1655361810896194304
Itdf,1655361810996137061
NVFC,1655361811096189595
xQPc,1655361811196232149
OyJj,1655361811296170649
WjqL,1655361811396202202
3dtY,1655361811496166016
foRw,1655361811596154275
IFqa,1655361811696157866
7RGS,1655361811796136624
uTcs,1655361811896183677
t1SF,1655361811996138881
xjzT,1655361812096101436
SnmU,1655361812196154305
Qg25,1655361812296125529
SRzk,1655361812396177084
epIl,1655361812496119770
GYBB,1655361812596126011
zn1q,1655361812696113493
mR6j,1655361812796105272
A3Aa,1655361812896148030
qx4E,1655361812996213696
d6J5,1655361813096091922
VInA,1655361813196122294
65tM,1655361813296112611
c5Vb,1655361813396133261
sWQd,1655361813496128948
xWM5,1655361813596115043
XXgN,1655361813696129564
UkZ5,1655361813796096918
psAI,1655361813896155771
8xSC,1655361813996092404
0KXc,1655361814096077889
P2EF,1655361814196163539
XesS,1655361814296104285
8DYf,1655361814396152121
kC0C,1655361814496095626
uZHj,1655361814596095352
PP2V,1655361814696081412
KSiK,1655361814796092711
mFx9,1655361814896141177
H9Nm,1655361814996096997
lDFt,1655361815096059409
QlW8,1655361815196095154
vWKp,1655361815296112845
5ZXS,1655361815396119387
yXxI,1655361815496062857
zfbk,1655361815596070844
uYtA,1655361815696074516
hEuS,1655361815796061948
S7Js,1655361815896098397
qpzl,1655361815996067366
JJbM,1655361816096036521
r6on,1655361816196110490
dl6c,1655361816296048202
PfKH,1655361816396158596
DCPs,1655361816496042124
QKIs,1655361816596046187
RbjG,1655361816696037064
Oi1h,1655361816796040757
za3q,1655361816896133040
gpeJ,1655361816996036197
aiux,1655361817095985206
NCFY,1655361817196113324
OeQp,1655361817296049963
yifO,1655361817396085101
HOef,1655361817496043315
6dK4,1655361817596015676
ELus,1655361817696015889
AWAi,1655361817796018879
E2gZ,1655361817896053684
Ev7b,1655361817996018379
XXOW,1655361818096057073
D3sU,1655361818196055917
SU7W,1655361818295999669
5RaJ,1655361818396054938
mTAu,1655361818496034171
zIdC,1655361818596035163
KJjW,1655361818696043544
Cr7j,1655361818796031426
MVDa,1655361818896065899
Z52z,1655361818996021929
X8Td,1655361819096011996
X2uI,1655361819196016971
V4CS,1655361819296029224
Mpce,1655361819396054162
6M9I,1655361819496159728
DG2Z,1655361819596069334
kF7H,1655361819696021385
J8Eq,1655361819796023471
EhTl,1655361819896060279
jM3C,1655361819995989052
QEfl,1655361820095983213
3HNA,1655361820196127336
dWQo,1655361820296051241
lSOT,1655361820396055884
gTkz,1655361820496010696
Zypn,1655361820596002340
dHXN,1655361820695980650
daZ1,1655361820795995572
oCkq,1655361820896036418
U6y5,1655361820995998952
aOuL,1655361821095953430
rGoV,1655361821196025074
jWUH,1655361821296010794
SH46,1655361821396044624
WbR7,1655361821495965863
Ay7w,1655361821595976472
Brmd,1655361821695978876
vkiW,1655361821795983985
7crw,1655361821896016833
seRa,1655361821995966943
8vrb,1655361822095950996
Athh,1655361822195960698
T6od,1655361822296002974
4tXD,1655361822396017269
lKqe,1655361822495947937
2XA7,1655361822595952973
703y,1655361822695993712
cUYk,1655361822796129523
NNLW,1655361822896004413
E0Dh,1655361822996078318
6zI9,1655361823095936135
toMc,1655361823196032708
8BE8,1655361823295982080
gPEn,1655361823395991729
NHlz,1655361823495932064
kHj5,1655361823595897436
e3br,1655361823695985583
3mW8,1655361823795896382
mnHd,1655361823895991529
bdDh,1655361823995927938
mRpS,1655361824095906569
o3G9,1655361824195945182
Jz83,1655361824296033646
Hq6t,1655361824396027593
tikw,1655361824495950578
UF4E,1655361824595960043
2Jpd,1655361824695945694
v0Kh,1655361824795977918
Q78E,1655361824895993457
9MOS,1655361824996038459
LUTc,1655361825095979185
KZUB,1655361825195946671
FC6k,1655361825295881917
R8wT,1655361825395973253
Sm6N,1655361825495916295
mQ2C,1655361825595945836
WAPf,1655361825695904563
Ul5q,1655361825795902715
DYQY,1655361825895958385
5uhL,1655361825995902853
5n3W,1655361826095899006
wz0M,1655361826195989658
j4hU,1655361826295889721
Tjez,1655361826395991299
s1eM,1655361826495889103
mjA0,1655361826595890739
FZWI,1655361826695921522
RBbW,1655361826795895621
ze3t,1655361826895907719
c1FJ,1655361826996090684
5wnY,1655361827095913787
dSXT,1655361827195929498
T9qE,1655361827295902654
syC5,1655361827395938957
XgOz,1655361827495863207
rzVo,1655361827595863678
cWhE,1655361827695867389
XuVd,1655361827795864637
oJ9S,1655361827895927884
jhvA,1655361827995973798
ojMh,1655361828095921437
gWkD,1655361828195869465
C8A2,1655361828295800383
8gqk,1655361828395885928
CWwi,1655361828495842586
QRLF,1655361828595862428
iSfR,1655361828695871678
7Yaw,1655361828795894261
Gubw,1655361828895922325
RL9d,1655361828995833429
UIdc,1655361829095802050
yUK8,1655361829195944724
0GqQ,1655361829295790238
h9dO,1655361829395888266
aGnh,1655361829495868703
pNd5,1655361829595821159
IEzh,1655361829695816189
Y6I2,1655361829795824940
OwcK,1655361829895896042
OwRO,1655361829995846628
AFmr,1655361830095833454
NOFx,1655361830195833393
e3eR,1655361830295805999
OGUe,1655361830395842196
STL0,1655361830495775468
ac2w,1655361830595778314
YcHw,1655361830695771401
YiIi,1655361830795768451
x4YK,1655361830895818611
QlF5,1655361830995773568
muW9,1655361831095756249
A1nc,1655361831195835169
S7d0,1655361831295757314
jdxF,1655361831395838382
GC9m,1655361831495759139
sRTp,1655361831595736691
T18u,1655361831695753316
kNxX,1655361831795737552
FTgP,1655361831895813361
SR0t,1655361831995792284
YbtF,1655361832095765225
CqSQ,1655361832195827777
0ZDs,1655361832295754776
0ggS,1655361832395811013
fmKP,1655361832495718716
9HwN,1655361832595729861
iak9,1655361832695730099
2k2Y,1655361832795738263
JvmW,1655361832895792852
kEwi,1655361832995842349
o7bm,1655361833095737794
lHCQ,1655361833195777496
3WqA,1655361833295729958
lkXS,1655361833395776975
JGbL,1655361833495723512
0btI,1655361833595721289
UfmC,1655361833695738362
sive,1655361833795717713
oWQZ,1655361833895760915
ld0m,1655361833995707452
7out,1655361834095718118
WQJp,1655361834195704842
gs8e,1655361834295688343
T2wx,1655361834395741898
fi8V,1655361834495686529
P39D,1655361834595690974
XamI,1655361834695696901
Bk2I,1655361834795720142
Ww93,1655361834895712958
MSs0,1655361834995697440
K1fl,1655361835095695200
1bhe,1655361835195760905
Ip8h,1655361835295710964
sHsN,1655361835395751651
pcf0,1655361835495681673
NfHt,1655361835595704786
bOuw,1655361835695662586
rlu9,1655361835795668292
kZvj,1655361835895716385
9aLR,1655361835995723462
PT8F,1655361836095697391
l0ca,1655361836195724691
cFZx,1655361836295646919
uopT,1655361836395716255
ChN3,1655361836495660723
SIBC,1655361836595651801
r4t0,1655361836695657953
eFP3,1655361836795823917
iXGR,1655361836895722663
Vs06,1655361836995658484
7Z3z,1655361837095631285
NqSZ,1655361837195729770
Yob0,1655361837295631703
6kBv,1655361837395688097
o2uQ,1655361837495648751
HJRy,1655361837595635109
phPI,1655361837695632152
XPOe,1655361837795643324
wQbJ,1655361837895686885
G1ro,1655361837995627058
pQnt,1655361838095618953
Aynw,1655361838195710255
yfMG,1655361838295623153
ynCl,1655361838395670493
Ub4z,1655361838495610446
zQbv,1655361838595617638
qCD7,1655361838695631201
D4v1,1655361838795642097
Ugsc,1655361838895706584
cfYb,1655361838995619130
KspH,1655361839095625972
f107,1655361839195679831
c46b,1655361839295616990
VhVJ,1655361839395669998
riQ4,1655361839495636600
mK3E,1655361839595600887
0wqd,1655361839695568823
ZMCs,1655361839795624664
E19t,1655361839895656006
27ye,1655361839995613923
C4Ef,1655361840095634563
jjwa,1655361840195591445
RNcB,1655361840295552326
fePd,1655361840395630169
YDE7,1655361840495578403
ZQxn,1655361840595643634
R4eR,1655361840695577276
Cc6M,1655361840795569046
eI1L,1655361840895618796
zvtO,1655361840995570548
IVZv,1655361841095575412
9wZf,1655361841195657663
9nlg,1655361841295575048
EiRd,1655361841395687039
n55z,1655361841495593979
f9LH,1655361841595552103
PKcO,1655361841695562912
FVmW,1655361841795561220
yJR6,1655361841895637083
F0lM,1655361841995563893
mW20,1655361842095564795
DTb0,1655361842195598882
WezB,1655361842295598785
nIQC,1655361842395607928
c0Yr,1655361842495544017
TKNR,1655361842595564994
bnVq,1655361842695535545
nFAZ,1655361842795543929
jCXw,1655361842895544314
d7w9,1655361842995642474
ltIZ,1655361843095559138
Bijn,1655361843195542950
iIdB,1655361843295551262
aybA,1655361843395595536
l60X,1655361843495549626
J963,1655361843595520883
Jczx,1655361843695521250
hu4S,1655361843795537840
nLzx,1655361843895571725
1jii,1655361843995540500
zLrX,1655361844095579794
KSh3,1655361844195593663
Xgaq,1655361844295489496
pfr6,1655361844395549698
Hr1y,1655361844495496790
l6OW,1655361844595455956
PORQ,1655361844695468677
5A62,1655361844795506508
TyZn,1655361844895523673
OFrv,1655361844995461562
vRki,1655361845095472320
6boL,1655361845195527245
QoH9,1655361845295468746
ugeH,1655361845395526264
25f5,1655361845495503709
Fm7j,1655361845595456655
keU8,1655361845695436841
tJ2m,1655361845795450804
jkSn,1655361845895493748
JF7k,1655361845995461138
3Orv,1655361846095445305
2VA4,1655361846195442585
bp9o,1655361846295435198
bEXJ,1655361846395494995
t0Sk,1655361846495431887
JSV0,1655361846595432000
CvoT,1655361846695426225
AvDB,1655361846795429578
H54K,1655361846895473542
YEM9,1655361846995449008
4Uyd,1655361847095425455
iTxZ,1655361847195502309
TPIl,1655361847295448128
pnlz,1655361847395504557
gXSr,1655361847495448524
Se0i,1655361847595411658
h52F,1655361847695434791
HMPL,1655361847795428720
qLzX,1655361847895450872
ow4G,1655361847995436079
JMz8,1655361848095416120
7i5o,1655361848195457532
GXdg,1655361848295425390
BbOs,1655361848395507708
gO6w,1655361848495435326
lVHZ,1655361848595404128
qE4c,1655361848695447003
89qP,1655361848795411638
TpVb,1655361848895498642
YaNm,1655361848995388741
60SH,1655361849095407080
bp8G,1655361849195412068
DECw,1655361849295405797
hRWV,1655361849395461710
eY7k,1655361849495447736
hyA9,1655361849595434317
lfkJ,1655361849695420657
E73K,1655361849795492218
5WZg,1655361849895457170
LhuY,1655361849995431326
t4Ta,1655361850095425018
Wx5A,1655361850195464915
VBsB,1655361850295428368
72Ks,1655361850395446932
g4Au,1655361850495421737
9DCE,1655361850595415023
hls2,1655361850695411458
RlZK,1655361850795452836
p2tL,1655361850895427141
xwTS,1655361850995420909
7MdE,1655361851095406640
Mx52,1655361851195460704
zDu8,1655361851295418715
O6K6,1655361851395466076
qB6H,1655361851495420791
wdZj,1655361851595411412
dQ5a,1655361851695415552
NW3U,1655361851795460950
qghD,1655361851895452645
ckDb,1655361851995412063
v6kJ,1655361852095418129
A2N0,1655361852195405659
DUF7,1655361852295411301
7nrj,1655361852395448811
DuJa,1655361852495404991
OM3F,1655361852595377632
1iQd,1655361852695405606
QdEL,1655361852795439321
jwcs,1655361852895435981
z0sA,1655361852995466233
S6IX,1655361853095454189
t7G4,1655361853195461869
1adP,1655361853295396198
uecv,1655361853395433359
K2Yk,1655361853495392280
el3L,1655361853595407941
hdDg,1655361853695436343
b6p3,1655361853795447930
A7Z1,1655361853895430758
Cp5D,1655361853995352088
NiaI,1655361854095373009
MDBg,1655361854195453281
DiOr,1655361854295384964
TRDA,1655361854395434274
3Qpe,1655361854495376549
Ueic,1655361854595385305
jHdv,1655361854695408838
4j6S,1655361854795445815
Peim,1655361854895412349
ptQ3,1655361854995383827
bns2,1655361855095376101
E5DF,1655361855195377488
U0uw,1655361855295341524
ccXL,1655361855395408261
rAEt,1655361855495341038
rILH,1655361855595418831
w11m,1655361855695380515
vRnU,1655361855795341347
EfXR,1655361855895398492
jigB,1655361855995369286
gY7I,1655361856095345378
Aebz,1655361856195452505
nnte,1655361856295351821
5Cvz,1655361856395397653
Ewj7,1655361856495334579
MWZY,1655361856595328931
A4xt,1655361856695346282
kc4Q,1655361856795331004
A9gJ,1655361856895353133
mHIZ,1655361856995339151
49D7,1655361857095371150
M77a,1655361857195350541
1qfL,1655361857295312765
LEsV,1655361857395339450
JpO1,1655361857495329859
PSSY,1655361857595327434
Z8rL,1655361857695347639
O7uS,1655361857795312326
H6Yb,1655361857895358937
Bf9C,1655361857995314828
ToWo,1655361858095248775
0OJH,1655361858195383608
BhJb,1655361858295312316
7l9h,1655361858395358540
ry0F,1655361858495305099
5vgK,1655361858595318787
zEvA,1655361858695342845
r4KK,1655361858795346570
qq9r,1655361858895361627
EQ8O,1655361858995318298
6RzD,1655361859095294357
A6s0,1655361859195396748
2tF7,1655361859295309198
mtQl,1655361859395357165
5Ltw,1655361859495315929
OBFE,1655361859595283230
2M5E,1655361859695306141
mEas,1655361859795328145
dX4o,1655361859895328001
dwof,1655361859995300802
n1lZ,1655361860095285270
tBIw,1655361860195343738
U9ts,1655361860295302115
L65L,1655361860395215252
SAXC,1655361860495235887
M85y,1655361860595289151
f9kJ,1655361860695284879
3Wwr,1655361860795226294
XfQO,1655361860895313113
ojLJ,1655361860995232176
sC9B,1655361861095286626
IEWi,1655361861195235004
N4uh,1655361861295186716
Cxfr,1655361861395289740
6P8A,1655361861495197509
t31R,1655361861595286292
iPnX,1655361861695227153
68ox,1655361861795221827
Ix8Y,1655361861895306666
AfGV,1655361861995237545
j9Ct,1655361862095174128
6qkB,1655361862195321394
DrJ7,1655361862295300829
uIWc,1655361862395243895
hJ7o,1655361862495180923
Qvji,1655361862595238987
trF1,1655361862695202330
UTWB,1655361862795199691
cg4h,1655361862895295420
Wnsk,1655361862995337984
e9rY,1655361863095180144
RL88,1655361863195290523
eGu2,1655361863295239294
Bdj2,1655361863395310359
Ty3x,1655361863495191557
RX92,1655361863595219215
EBji,1655361863695230188
yZSa,1655361863795187848
iH67,1655361863895232024
aFDD,1655361863995186480
T6Fc,1655361864095166417
jyfA,1655361864195191299
ug8K,1655361864295150923
CFMQ,1655361864395187898
Q38P,1655361864495125041
aZxG,1655361864595139590
o4NP,1655361864695174934
HYck,1655361864795187780
epMO,1655361864895185310
mzWg,1655361864995146823
geyq,1655361865095179335
rIGI,1655361865195201626
LMft,1655361865295124345
tc7g,1655361865395179228
gU3x,1655361865495119039
1fff,1655361865595134423
S21E,1655361865695145066
zYtf,1655361865795121210
ArV2,1655361865895197796
AjKT,1655361865995137959
4xLv,1655361866095098919
ZSbE,1655361866195213265
veBw,1655361866295112875
Hpbk,1655361866395152315
rdwq,1655361866495064629
9pUJ,1655361866595122920
fxLp,1655361866695131769
fdGh,1655361866795192468
abc8,1655361866895159410
2CMx,1655361866995095519
qVt6,1655361867095089146
KSq9,1655361867195071404
3myC,1655361867295086550
aQWF,1655361867395102993
Lp20,1655361867495048084
RIhz,1655361867595100693
sI5u,1655361867695122635
URpI,1655361867795067320
vgOF,1655361867895145094
8ENC,1655361867995135130
zLMZ,1655361868095052556
lqm4,1655361868195195035
eo55,1655361868295097296
4k2w,1655361868395196109
08oU,1655361868495042389
XdnS,1655361868595059593
JBgQ,1655361868695083610
O3aL,1655361868795054389
Ows7,1655361868895138313
neBR,1655361868995055925
SEUW,1655361869095039834
xURx,1655361869195084575
cFSA,1655361869295011392
rDaA,1655361869395083855
MGak,1655361869495048265
JA3f,1655361869595031878
5vkq,1655361869695050842
ZuFz,1655361869795076657
8jU3,1655361869895073622
Dv1o,1655361869995083919
ARw1,1655361870095001330
eWAy,1655361870195002222
nij6,1655361870295004892
rkkw,1655361870395051209
gUmD,1655361870494995676
O1DV,1655361870595007197
ihYt,1655361870695018274
cXfk,1655361870795010166
ybka,1655361870895053353
8sZt,1655361870995020986
aGxP,1655361871094997916
0hJg,1655361871195070179
C3ua,1655361871295004610
455k,1655361871395036281
kccK,1655361871494967953
9H28,1655361871595009957
tmgz,1655361871694993351
cFsB,1655361871795006318
VpaU,1655361871895055729
Xu8j,1655361871995032808
x0H0,1655361872094989462
5Lip,1655361872195033226
xK74,1655361872294971882
cACT,1655361872395005221
urSX,1655361872494976949
6Iia,1655361872594973418
7G2c,1655361872694975350
8AJ6,1655361872794976116
Bb4E,1655361872895012288
um2r,1655361872995079644
59tf,1655361873094976375
J68E,1655361873194968624
xal1,1655361873294927984
sRZx,1655361873395037490
fbao,1655361873495037349
mtuv,1655361873594946784
Sw9M,1655361873694991735
gBBj,1655361873794954410
L5Oe,1655361873895009398
9Wq4,1655361873994956814
4Z3u,1655361874094966360
0dqg,1655361874194993868
CQSy,1655361874294951693
HKti,1655361874395038645
G12u,1655361874494914582
CCeV,1655361874594937054
F2AM,1655361874694945841
XyQb,1655361874794954998
YRUW,1655361874894975099
2KAF,1655361874994920109
icDx,1655361875094956026
w5fA,1655361875194971944
6g5G,1655361875294927715
sjm5,1655361875394991613
luRG,1655361875494899922
spsO,1655361875594929710
GKtJ,1655361875694920961
e3YM,1655361875794913139
ejHa,1655361875894951723
mvlq,1655361875994934937
bo7R,1655361876094962967
XrWG,1655361876194910443
lxXb,1655361876294899919
kN00,1655361876394949652
htHJ,1655361876494887665
undY,1655361876594890511
Vu7H,1655361876694905486
pq8Q,1655361876794890183
eDp9,1655361876894938176
4LNp,1655361876994889652
GsQy,1655361877094885813
FOxu,1655361877194950104
FEDA,1655361877294868971
2ogX,1655361877394932613
jnmY,1655361877494864998
dsxF,1655361877594871642
5mO9,1655361877694885970
6kwK,1655361877794881410
cLHq,1655361877894922867
hEkx,1655361877994874808
Sw5S,1655361878094840897
klxR,1655361878194907577
ZkyA,1655361878294857316
cvOi,1655361878394917626
fmpj,1655361878494829106
Uk27,1655361878594855121
5Jxk,1655361878694877580
Xfhx,1655361878794871744
ZmQI,1655361878894902666
WNj5,1655361878994851108
5hDg,1655361879094840531
abME,1655361879194857103
MBvq,1655361879294835769
txxy,1655361879394983635
Esjl,1655361879494850635
YOh5,1655361879594841560
97Nf,1655361879694868891
S5iY,1655361879794866463
mvCL,1655361879894885887
VYZp,1655361879994866404
jSfb,1655361880094848292
QbZc,1655361880194918698
TGOz,1655361880294851570
d35m,1655361880394840403
AQPa,1655361880494823681
V76G,1655361880594821699
0IbV,1655361880694829236
q8KY,1655361880794815681
ay9y,1655361880894853328
Xgby,1655361880994811013
vxyY,1655361881094811718
01I8,1655361881194856440
Phiv,1655361881294787554
opBm,1655361881394869072
5kGw,1655361881494792723
qaUO,1655361881594794373
WbN3,1655361881694805837
Hw2C,1655361881794806801
ryir,1655361881894829413
x0xM,1655361881994797582
hfFT,1655361882094786399
SOEY,1655361882194768680
8UUy,1655361882294914587
2wNZ,1655361882394856350
Xiam,1655361882494777558
eazV,1655361882594781654
YhKT,1655361882694781749
gHqL,1655361882794755697
u5pN,1655361882894895993
U3ta,1655361882994875219
XLXX,1655361883094802335
Fs6m,1655361883194848727
afYC,1655361883294806529
FVfo,1655361883394910550
BxHr,1655361883494774520
E5C6,1655361883594770190
9zTb,1655361883694782769
2KBX,1655361883794791625
fg3u,1655361883894880776
Y9e6,1655361883994745708
oBI4,1655361884094795305
gvqr,1655361884194804255
s5g4,1655361884294785761
9tBI,1655361884394765564
scrt,1655361884494725441
x2Oa,1655361884594739521
hRTF,1655361884694753860
Z7MN,1655361884794771180
IcPx,1655361884894851184
WDmO,1655361884994686082
HTRQ,1655361885094748273
KcgC,1655361885194740447
CX37,1655361885294719195
XSiE,1655361885394854033
tBSQ,1655361885494728913
GomX,1655361885594726976
OBUu,1655361885694735484
NEHe,1655361885794726288
fi2z,1655361885894838052
KiAU,1655361885994699599
FDck,1655361886094715884
dIzV,1655361886194782262
TRvh,1655361886294732717
DhEb,1655361886394771225
rgUE,1655361886494691346
tlqY,1655361886594708003
TsWl,1655361886694726382
agFn,1655361886794701928
rrXV,1655361886894803546
9W0a,1655361886994730871
vvG8,1655361887094683141
dUiU,1655361887194755132
9Cg2,1655361887294695699
xWYQ,1655361887394827336
O4Bw,1655361887494700404
kOja,1655361887594701341
EG5L,1655361887694695536
l5we,1655361887794672380
0Alb,1655361887894803944
eT3l,1655361887994720715
djna,1655361888094679208
FMyd,1655361888194688424
Q7Z9,1655361888294662973
TGjh,1655361888394705799
Vo3G,1655361888494650553
rxur,1655361888594671138
7fRj,1655361888694690224
6UVj,1655361888794667921
EIHT,1655361888894789690
cD51,1655361888994675260
IcAm,1655361889094647513
rrTM,1655361889194728766
dWcU,1655361889294655114
TUJa,1655361889394801902
8kKC,1655361889494669863
DpuR,1655361889594663339
5Bsg,1655361889694676223
Nvhf,1655361889794686051
WpRN,1655361889894771525
gvjH,1655361889994670448
RJlt,1655361890094642833
n2Tt,1655361890194746476
ll6y,1655361890294708732
Y0Nc,1655361890394777894
9FIW,1655361890494627504
9zCf,1655361890594641407
ob2S,1655361890694633385
Wjjw,1655361890794620548
2Spn,1655361890894748339
UGhD,1655361890994666466
0lBW,1655361891094616409
jW8q,1655361891194634091
mONt,1655361891294621811
NXY9,1655361891394752214
8Ybd,1655361891494647751
HIZH,1655361891594616953
kM4F,1655361891694603618
ajSa,1655361891794583375
Sc5B,1655361891894762907
8D0s,1655361891994611500
cNlx,1655361892094621628
sH5y,1655361892194677571
pgb4,1655361892294603905
z8Lh,1655361892394728569
SQw3,1655361892494593552
9Nba,1655361892594621921
xgj3,1655361892694613143
sjwS,1655361892794603179
4fPw,1655361892894688899
xStm,1655361892994675195
9Ur6,1655361893094607882
bCn3,1655361893194650400
ai6i,1655361893294593994
3gIy,1655361893394716771
M11C,1655361893494565515
lxep,1655361893594619904
b2kY,1655361893694631275
UdIb,1655361893794611350
57fg,1655361893894703016
IRks,1655361893994609370
9oYA,1655361894094564687
Uq8p,1655361894194565467
q91b,1655361894294562784
5gOg,1655361894394689303
i6CA,1655361894494592733
hUmn,1655361894594569698
cPTs,1655361894694579311
qBkx,1655361894794582869
0J7U,1655361894894659185
7FJx,1655361894994585688
NJWQ,1655361895094540007
zt6f,1655361895194644657
zGnh,1655361895294601051
kXUK,1655361895394792310
xvCn,1655361895494498616
7vl7,1655361895594561970
CsZJ,1655361895694621806
6rFR,1655361895794532904
Alr7,1655361895894651257
evkc,1655361895994586207
BVJt,1655361896094542860
3lC0,1655361896194583568
gOll,1655361896294544815
HWqR,1655361896394646522
NOjR,1655361896494494641
FysN,1655361896594547645
hjSM,1655361896694549817
eAwn,1655361896794705727
fFgi,1655361896894780472
ysgc,1655361896994434928
FSOU,1655361897094615467
yCwJ,1655361897194644103
afkp,1655361897294505335
baAI,1655361897394732263
Jccv,1655361897494439664
kYgQ,1655361897594526651
lN8j,1655361897694536268
FpMS,1655361897794494979
FixD,1655361897894749333
utVT,1655361897994457623
WDI7,1655361898094502630
oRP5,1655361898194584840
121m,1655361898294516998
YhCK,1655361898394515950
2I3G,1655361898494466756
5NiK,1655361898594546299
3fWy,1655361898694550141
WzR2,1655361898794484872
Ch70,1655361898894478418
6X68,1655361898994483574
X5s5,1655361899094497101
k2Nn,1655361899194548665
IR3O,1655361899294489417
mjgq,1655361899394471279
NAmt,1655361899494480695
9BuK,1655361899594469965
q1Kx,1655361899694499418
WO31,1655361899794493224
Tt5E,1655361899894592213
vSzD,1655361899994502502
r0Ze,1655361900094474699
jES4,1655361900194452469
MEyU,1655361900294463073
NsoD,1655361900394463417
r88O,1655361900494438707
XBNy,1655361900594417885
4SAx,1655361900694489487
v99k,1655361900794452739
7gOp,1655361900894436769
sqtF,1655361900994435577
2rjP,1655361901094434311
hXbX,1655361901194451934
djv8,1655361901294463947
vG7x,1655361901394447478
jHtc,1655361901494460324
P2MW,1655361901594422170
glLZ,1655361901694478978
ZFoa,1655361901794436991
4Vxk,1655361901894437282
0YHd,1655361901994475831
IAkB,1655361902094434234
Qr89,1655361902194525376
6zlV,1655361902294459057
z82g,1655361902394424350
rLFO,1655361902494407068
a1yd,1655361902594424674
WwNU,1655361902694464743
