iY,1653532145651138539
JS,1653532145751193750
Sf,1653532145851097739
1e,1653532145951100635
cs,1653532146051096106
3v,1653532146151074613
s8,1653532146251101546
CL,1653532146351099368
ol,1653532146451067579
uI,1653532146551069587
G3,1653532146651091798
M2,1653532146751113935
7O,1653532146851106997
vz,1653532146951091301
Jx,1653532147051069253
g2,1653532147151213797
Vx,1653532147251159730
Uw,1653532147351138997
cT,1653532147451064356
aE,1653532147551093308
Ld,1653532147651094741
9B,1653532147751098286
jL,1653532147851068645
XX,1653532147951069449
7P,1653532148051123733
pL,1653532148151136148
SC,1653532148251062823
NX,1653532148351097941
YG,1653532148451105393
Ws,1653532148551070789
DB,1653532148651123611
ug,1653532148751122766
8M,1653532148851059329
cl,1653532148951153522
pC,1653532149051047696
x8,1653532149151074055
n7,1653532149251055174
IW,1653532149351136551
Qn,1653532149451055355
2X,1653532149551079307
Cr,1653532149651074647
qc,1653532149751110766
3D,1653532149851073255
9c,1653532149951060392
Te,1653532150051067028
Ue,1653532150151162480
pM,1653532150251064302
Jv,1653532150351055236
gv,1653532150451065113
eT,1653532150551074491
6a,1653532150651077832
Zt,1653532150751096357
hr,1653532150851055587
O5,1653532150951069965
eQ,1653532151051052954
bq,1653532151151066702
FR,1653532151251077042
SH,1653532151351111346
fa,1653532151451101557
r6,1653532151551077935
EL,1653532151651055053
j1,1653532151751112838
f2,1653532151851047734
uJ,1653532151951085927
xZ,1653532152051081138
m1,1653532152151040275
9L,1653532152250998505
to,1653532152351074012
BH,1653532152451049612
tn,1653532152551065063
fU,1653532152651043145
es,1653532152751073967
w4,1653532152851040326
9Z,1653532152951043574
c0,1653532153051037452
dq,1653532153151151551
JM,1653532153251072596
py,1653532153351077770
Mk,1653532153451044926
FI,1653532153551061877
H1,1653532153651046699
JQ,1653532153751091855
LC,1653532153851083010
CU,1653532153951095462
R3,1653532154051039655
H4,1653532154151075532
Yt,1653532154251043151
xS,1653532154351063399
w6,1653532154451070073
zY,1653532154551034265
7c,1653532154650996606
PQ,1653532154751115372
xC,1653532154851033621
NJ,1653532154951079146
wc,1653532155050995506
bD,1653532155150998884
cv,1653532155251041335
bv,1653532155351079657
5n,1653532155450994332
PV,1653532155550995413
pg,1653532155650991346
ZL,1653532155751046187
aW,1653532155850992639
nW,1653532155951090219
bm,1653532156050988931
4g,1653532156151178030
MR,1653532156250991446
6J,1653532156350987953
eR,1653532156450988960
bY,1653532156550990375
2C,1653532156650984179
me,1653532156751102593
5L,1653532156850988304
Z9,1653532156951045404
7y,1653532157050983875
ew,1653532157151080807
cB,1653532157250968760
HC,1653532157351035526
i2,1653532157451062329
gH,1653532157550979893
oj,1653532157650982048
x8,1653532157751051777
81,1653532157851053729
Sk,1653532157951031977
R1,1653532158050986874
JT,1653532158150983770
D3,1653532158250968055
7H,1653532158351045673
Oe,1653532158450978347
QV,1653532158550968336
a2,1653532158650976177
PC,1653532158751040591
Dg,1653532158850970321
Nt,1653532158950998087
i1,1653532159050973521
AU,1653532159151140175
i5,1653532159250964869
dr,1653532159351076227
73,1653532159450957958
bY,1653532159550968150
4s,1653532159650971861
zF,1653532159751050794
v4,1653532159851077745
UI,1653532159951047160
iu,1653532160051037297
lG,1653532160150983861
wB,1653532160250975646
SA,1653532160350963597
pn,1653532160451035530
1W,1653532160550978205
nC,1653532160650976249
yV,1653532160751070848
HZ,1653532160850956171
KM,1653532160950989475
cu,1653532161050962982
se,1653532161150971674
mr,1653532161250998163
sg,1653532161350967652
vM,1653532161450990567
yb,1653532161550964833
Fh,1653532161650965841
rB,1653532161750989774
qI,1653532161850987948
Jg,1653532161950990492
3L,1653532162050977870
Cq,1653532162150972118
VA,1653532162250975903
Mk,1653532162350954207
ig,1653532162450976436
5I,1653532162550957573
ax,1653532162650962580
xL,1653532162750998106
nn,1653532162850980984
zi,1653532162950984361
9x,1653532163050972980
IM,1653532163150958858
c9,1653532163250960439
YT,1653532163350964095
Pp,1653532163450996176
9T,1653532163550962017
8J,1653532163650957116
Jb,1653532163751053957
Rd,1653532163850950316
M9,1653532163950975064
IR,1653532164050982257
Sq,1653532164150953820
MN,1653532164250960549
99,1653532164350978945
88,1653532164450979601
qF,1653532164551061182
38,1653532164650953375
cg,1653532164750971178
F8,1653532164850952352
9f,1653532164950981156
vG,1653532165050967478
64,1653532165150966337
XN,1653532165250973270
fy,1653532165351051814
zz,1653532165450969655
6H,1653532165550969774
OW,1653532165650954300
5l,1653532165750973603
rF,1653532165850964259
uz,1653532165950971803
Nk,1653532166051042458
ER,1653532166150929929
qq,1653532166250960399
76,1653532166350961443
wE,1653532166451068598
js,1653532166550966365
Sp,1653532166650936428
wz,1653532166751044750
CZ,1653532166850930406
v9,1653532166950970265
Xz,1653532167050972735
Qv,1653532167150927631
VU,1653532167250955805
gM,1653532167350944257
jb,1653532167450960431
J6,1653532167551034660
JW,1653532167650931409
VA,1653532167751099897
Ka,1653532167850938923
EH,1653532167950962560
mx,1653532168051027808
9E,1653532168150947093
k3,1653532168251034822
Du,1653532168350942274
a7,1653532168450935078
47,1653532168550956956
6U,1653532168650926241
3c,1653532168750954304
yh,1653532168851033607
wf,1653532168950960596
GE,1653532169050993807
ka,1653532169150910833
kF,1653532169250991933
i4,1653532169350992847
ow,1653532169450964762
Ja,1653532169550999473
rS,1653532169650924999
pb,1653532169750953562
T0,1653532169850939625
V4,1653532169950953539
5Z,1653532170050996380
BC,1653532170150919980
2C,1653532170250909747
my,1653532170350944180
ug,1653532170450940946
cA,1653532170550939454
uM,1653532170650957368
ic,1653532170750949135
ZQ,1653532170850938901
hN,1653532170950971575
Ky,1653532171050947527
wB,1653532171151114163
Rj,1653532171250939023
ku,1653532171350922494
hE,1653532171450929501
wn,1653532171550983582
l6,1653532171650911627
zl,1653532171750920634
Ij,1653532171850983289
iA,1653532171950936148
PK,1653532172050928822
LK,1653532172150926404
g1,1653532172250924207
wD,1653532172350931678
Sb,1653532172450924092
bk,1653532172550898655
aV,1653532172650911496
wz,1653532172750935373
Ee,1653532172850929658
rv,1653532172950935184
so,1653532173050929247
ie,1653532173150928347
sf,1653532173250913262
PA,1653532173350915695
O7,1653532173450962776
Jo,1653532173550988691
Pc,1653532173650908754
65,1653532173750933224
d0,1653532173850915880
H5,1653532173950927016
aq,1653532174050973857
oA,1653532174151057290
Li,1653532174250907242
7Z,1653532174350985416
My,1653532174450974423
SF,1653532174550923431
k9,1653532174650903660
rc,1653532174750928056
oE,1653532174850979841
lB,1653532174950921608
K2,1653532175050966282
xj,1653532175150961474
e3,1653532175250919167
pH,1653532175350910859
14,1653532175451041718
Lb,1653532175550904244
u9,1653532175650890455
jF,1653532175750891555
rq,1653532175850907488
mB,1653532175950935903
nE,1653532176050893188
OV,1653532176150886418
NF,1653532176250910517
6A,1653532176350900543
Sp,1653532176450948087
Lm,1653532176550958521
rI,1653532176650884602
VV,1653532176750911517
JI,1653532176850892043
mK,1653532176950911828
M5,1653532177050891335
wG,1653532177151062286
Ef,1653532177250918405
V3,1653532177350902561
UF,1653532177450915549
FF,1653532177550961797
Ud,1653532177650887472
kp,1653532177750924997
rq,1653532177850888097
zJ,1653532177950907419
dI,1653532178050896538
5U,1653532178150915600
aa,1653532178250895163
zt,1653532178350897041
tk,1653532178450962511
CD,1653532178550861722
n8,1653532178650874841
U2,1653532178750889385
lx,1653532178850971429
3D,1653532178950893733
DG,1653532179050896111
Sf,1653532179150890433
uB,1653532179250922588
Sj,1653532179350985706
zS,1653532179450955269
2d,1653532179550947980
k5,1653532179650872247
7J,1653532179750866662
f5,1653532179850873706
AW,1653532179950874472
nM,1653532180050906868
ka,1653532180150992357
SC,1653532180250883494
aC,1653532180350863668
7e,1653532180450887842
PK,1653532180550886553
uq,1653532180650902949
xm,1653532180750906123
1Q,1653532180850888223
V0,1653532180950941360
qV,1653532181050890386
dY,1653532181150940189
aj,1653532181250893234
rE,1653532181350883074
o0,1653532181450951803
iZ,1653532181550932718
MS,1653532181650874633
9n,1653532181750936381
ci,1653532181850932277
zk,1653532181950954655
KO,1653532182050927829
2C,1653532182150877781
C0,1653532182250865436
zD,1653532182350962165
OS,1653532182450929099
EE,1653532182550923180
yp,1653532182650858391
mW,1653532182750871769
Yc,1653532182850865702
kK,1653532182950869117
cT,1653532183050920624
tw,1653532183150967353
t1,1653532183250863750
jU,1653532183350874053
ji,1653532183450860264
E1,1653532183550873364
5G,1653532183650848242
DH,1653532183750859545
EC,1653532183850878479
Vc,1653532183950891282
dh,1653532184050870364
ob,1653532184150879593
WZ,1653532184250864989
53,1653532184350855163
Bq,1653532184450936800
Nl,1653532184550856919
HF,1653532184650852907
h8,1653532184750854044
ER,1653532184850853348
cv,1653532184950862281
7o,1653532185050869196
wC,1653532185150835944
39,1653532185250855340
SF,1653532185350846607
Kv,1653532185450876021
qx,1653532185550869121
ce,1653532185650845184
W6,1653532185750864469
Db,1653532185850910661
7M,1653532185950875206
PV,1653532186050863491
7e,1653532186150851850
ip,1653532186250863839
lw,1653532186350915197
GN,1653532186450834964
pL,1653532186550868083
Al,1653532186650861627
YD,1653532186750877893
sy,1653532186850840956
SC,1653532186950836056
tI,1653532187050903841
7T,1653532187150851904
vd,1653532187250889596
Z6,1653532187350854548
Dh,1653532187450924685
Ta,1653532187550843322
Aa,1653532187650832385
Dq,1653532187750912744
Py,1653532187850852936
kd,1653532187950848110
JZ,1653532188050848655
zT,1653532188150889699
KV,1653532188250846243
eC,1653532188350831695
R7,1653532188450847202
NK,1653532188550848747
NU,1653532188650823402
nG,1653532188750848095
6K,1653532188850836028
NJ,1653532188950852831
zq,1653532189050895153
r7,1653532189150935345
Q4,1653532189250850594
xo,1653532189350893471
2h,1653532189450867219
PM,1653532189550849375
EM,1653532189650822679
nW,1653532189750853686
rS,1653532189850860378
hG,1653532189950847163
X4,1653532190050840874
as,1653532190150838937
WL,1653532190250814500
9c,1653532190350835915
gW,1653532190450829533
td,1653532190550883466
Ml,1653532190650824751
lk,1653532190750846184
ng,1653532190850811507
Yq,1653532190950858680
Mw,1653532191050904298
Aa,1653532191150877047
Ix,1653532191250812295
78,1653532191350851672
No,1653532191450837161
Ou,1653532191550831983
qz,1653532191650807139
lM,1653532191750810590
Iu,1653532191850809098
xy,1653532191950837827
Qq,1653532192050882408
ck,1653532192150939175
ZL,1653532192250808053
SN,1653532192350826282
1z,1653532192450826475
BN,1653532192550858352
vJ,1653532192650813045
yD,1653532192750839274
E3,1653532192850809356
Lc,1653532192950829530
pk,1653532193050859277
Uf,1653532193150836766
hF,1653532193250802681
zz,1653532193350830503
7u,1653532193450815344
wV,1653532193550822203
jW,1653532193650819654
DI,1653532193750870717
rg,1653532193850821650
ds,1653532193950886028
fm,1653532194050833239
Ga,1653532194150823969
5C,1653532194250793846
nK,1653532194350816779
D7,1653532194450815898
u2,1653532194550811164
rM,1653532194650820579
fW,1653532194750822660
ac,1653532194850813908
Vh,1653532194950793897
XP,1653532195050871645
BG,1653532195150924967
vO,1653532195250794863
Wm,1653532195350815056
4A,1653532195450814915
dj,1653532195550812348
wr,1653532195650810707
H0,1653532195750828066
35,1653532195850794555
IG,1653532195950832007
CA,1653532196050822773
G1,1653532196150811799
Wv,1653532196250790362
X4,1653532196350807332
X0,1653532196450830543
k2,1653532196550894920
Qv,1653532196650801873
IJ,1653532196750814232
Jp,1653532196850773535
6O,1653532196950872450
xj,1653532197050818883
5r,1653532197150814742
YN,1653532197250817064
rZ,1653532197350788979
Q7,1653532197450784208
na,1653532197550797734
H3,1653532197650802890
Zm,1653532197750807249
w4,1653532197850797515
qR,1653532197950804152
4Y,1653532198050795233
US,1653532198150914333
Tk,1653532198250781229
mn,1653532198350791737
Xq,1653532198450793096
9U,1653532198550793844
XC,1653532198650793036
K5,1653532198750809191
Z9,1653532198850889365
ex,1653532198950772558
HR,1653532199050830047
XW,1653532199150799202
S6,1653532199250793450
IO,1653532199350775198
A7,1653532199450786409
pD,1653532199550771509
fH,1653532199650801887
d9,1653532199750797672
2P,1653532199850774420
uZ,1653532199950871612
D1,1653532200050777119
4k,1653532200150787534
DO,1653532200250767819
nn,1653532200350783085
XR,1653532200450785074
km,1653532200550788767
qG,1653532200650786552
JI,1653532200750787226
MZ,1653532200850775344
eV,1653532200950798388
gS,1653532201050774025
gK,1653532201150809181
jJ,1653532201250768762
Rl,1653532201350781325
hL,1653532201450783258
Lu,1653532201550787784
MN,1653532201650777273
fZ,1653532201750789057
jQ,1653532201850793287
KE,1653532201950784590
q3,1653532202050776079
1g,1653532202150772142
JI,1653532202250749909
xd,1653532202350772712
rZ,1653532202450796275
8W,1653532202550783245
1o,1653532202650771882
ql,1653532202750776834
6H,1653532202850779526
Un,1653532202950843255
ap,1653532203050820800
hw,1653532203150769603
AK,1653532203250751574
Tr,1653532203350766766
lm,1653532203450821569
6b,1653532203550750725
p5,1653532203650772103
F8,1653532203750754647
NA,1653532203850751136
jC,1653532203950774310
kq,1653532204050771613
ij,1653532204150763658
cW,1653532204250745794
Ui,1653532204350772265
nz,1653532204450755235
VN,1653532204550738464
mD,1653532204650765990
Hx,1653532204750780238
Vj,1653532204850775079
mG,1653532204950775956
Vs,1653532205050754278
pI,1653532205150761804
x3,1653532205250760830
QI,1653532205350762337
D7,1653532205450831529
Tv,1653532205550766518
xB,1653532205650745248
fa,1653532205750765551
i9,1653532205850743188
IT,1653532205950783584
6o,1653532206050772332
pr,1653532206150765914
z4,1653532206250743588
mU,1653532206350740113
nY,1653532206450753176
lG,1653532206550756183
RY,1653532206650757005
YM,1653532206750753698
bw,1653532206850858964
dn,1653532206950760953
46,1653532207050756423
i1,1653532207150750412
HN,1653532207250753679
bx,1653532207350750649
Vs,1653532207450741045
Rb,1653532207550745719
gG,1653532207650753800
Sf,1653532207750761585
KE,1653532207850796425
76,1653532207950750896
nq,1653532208050799273
KC,1653532208150757429
Pt,1653532208250744788
Yy,1653532208350746499
p9,1653532208450821673
lr,1653532208550795569
FU,1653532208650744947
rV,1653532208750767009
rS,1653532208850753387
SK,1653532208950856042
Ir,1653532209050795901
wy,1653532209150745316
5M,1653532209250737860
bO,1653532209350721998
Zj,1653532209450787949
SK,1653532209550737642
Zm,1653532209650743075
Ww,1653532209750744934
f2,1653532209850734774
vT,1653532209950742208
Cg,1653532210050740530
IR,1653532210150747018
89,1653532210250745118
uy,1653532210350728348
aL,1653532210450728633
Is,1653532210550736714
AC,1653532210650743017
pG,1653532210750747025
ZQ,1653532210850787680
c6,1653532210950754187
74,1653532211050733120
Qf,1653532211150712220
ow,1653532211250732913
bS,1653532211350731420
yU,1653532211450722853
t8,1653532211550737138
9B,1653532211650779960
YH,1653532211750727819
JS,1653532211850780030
Dt,1653532211950790371
nW,1653532212050727786
jy,1653532212150751182
gY,1653532212250732504
CF,1653532212350714418
xm,1653532212450776629
L2,1653532212550698340
oj,1653532212650766884
hc,1653532212750736744
fH,1653532212850744955
4c,1653532212950732591
lv,1653532213050778987
ku,1653532213150716254
7I,1653532213250721613
AQ,1653532213350701509
jN,1653532213450777183
HW,1653532213550714302
ry,1653532213650728364
SY,1653532213750732112
Xc,1653532213850719046
lS,1653532213950721219
O5,1653532214050715875
UC,1653532214150697345
oC,1653532214250711186
nS,1653532214350719508
Rr,1653532214450833329
4C,1653532214550765244
nm,1653532214650722233
5s,1653532214750723203
5D,1653532214850702377
Go,1653532214950779032
YV,1653532215050717392
IQ,1653532215150715491
Tj,1653532215250711610
wy,1653532215350718543
Lh,1653532215450711976
Qi,1653532215550757613
kv,1653532215650715583
sX,1653532215750715127
5f,1653532215850752783
zW,1653532215950720753
V1,1653532216050707445
gG,1653532216150703231
nl,1653532216250711849
8q,1653532216350713449
yM,1653532216450706623
cV,1653532216550706722
pt,1653532216650738878
vI,1653532216750750014
cp,1653532216850756799
Hv,1653532216950709733
Uf,1653532217050754425
bF,1653532217150686784
YU,1653532217250699773
mb,1653532217350674243
9j,1653532217450752732
7c,1653532217550709054
km,1653532217650747783
sX,1653532217750703069
Xy,1653532217850743501
MU,1653532217950715657
Iy,1653532218050742275
z7,1653532218150693820
rs,1653532218250692345
QT,1653532218350791148
hf,1653532218450695212
NB,1653532218550742867
Iy,1653532218650718708
Or,1653532218750706326
Q8,1653532218850683056
SY,1653532218950681155
rY,1653532219050721366
AZ,1653532219150700244
K3,1653532219250698584
7p,1653532219350694814
zT,1653532219450746006
HI,1653532219550691791
PE,1653532219650698965
PH,1653532219750703750
6n,1653532219850665035
il,1653532219950691839
S3,1653532220050690772
vj,1653532220150671576
2J,1653532220250688342
aQ,1653532220350686442
Q0,1653532220450679375
yH,1653532220550751734
Y9,1653532220650770963
rq,1653532220750686322
Aw,1653532220850672404
g9,1653532220950685485
Nx,1653532221050742270
Rm,1653532221150665166
Ar,1653532221250682674
3G,1653532221350729903
ek,1653532221450657799
05,1653532221550671640
nv,1653532221650682406
on,1653532221750678358
CM,1653532221850686865
Ec,1653532221950686428
MC,1653532222050676065
st,1653532222150673813
Jh,1653532222250678468
jR,1653532222350673401
dN,1653532222450696112
by,1653532222550669990
L2,1653532222650676349
kV,1653532222750683745
rm,1653532222850677123
jU,1653532222950650797
Uh,1653532223050685878
ZH,1653532223150639737
cL,1653532223250684114
5n,1653532223350679788
hH,1653532223450670685
P3,1653532223550681951
RF,1653532223650673792
wj,1653532223750652151
we,1653532223850650584
AX,1653532223950735943
1l,1653532224050674561
VK,1653532224150673328
mE,1653532224250665039
nb,1653532224350665083
yX,1653532224450714053
5S,1653532224550684708
Ec,1653532224650666364
jp,1653532224750664964
xm,1653532224850713378
ce,1653532224950662663
1z,1653532225050718207
gT,1653532225150666900
Fa,1653532225250648426
CB,1653532225350658785
EK,1653532225450661162
jG,1653532225550657818
6C,1653532225650665158
aq,1653532225750667480
QM,1653532225850642191
RO,1653532225950663865
tV,1653532226050660484
o5,1653532226150640713
7Y,1653532226250659702
s3,1653532226350654339
IS,1653532226450652679
fI,1653532226550712612
SJ,1653532226650703971
jf,1653532226750656497
uv,1653532226850644541
o6,1653532226950720048
DV,1653532227050653482
MJ,1653532227150648563
iv,1653532227250643089
76,1653532227350695725
HX,1653532227450649103
V8,1653532227550643721
2J,1653532227650648766
B7,1653532227750633329
p4,1653532227850612725
A6,1653532227950650010
Uq,1653532228050643869
Ow,1653532228150637691
95,1653532228250642365
Z1,1653532228350690668
0O,1653532228450668898
8B,1653532228550636738
tS,1653532228650639171
VZ,1653532228750657178
La,1653532228850644649
ga,1653532228950659711
79,1653532229050646756
i9,1653532229150639837
Qs,1653532229250615363
HE,1653532229350612907
uP,1653532229450633914
IO,1653532229550692495
De,1653532229650643169
LN,1653532229750669491
ju,1653532229850638906
Mh,1653532229950708746
GU,1653532230050633458
s8,1653532230150616798
vL,1653532230250635379
hG,1653532230350680072
wL,1653532230450631727
r3,1653532230550625771
UZ,1653532230650625371
Bv,1653532230750631730
PS,1653532230850631756
7J,1653532230950638541
pP,1653532231050632919
i3,1653532231150619111
31,1653532231250627544
Om,1653532231350671977
tk,1653532231450623725
TA,1653532231550622214
DL,1653532231650622925
I8,1653532231750631710
hx,1653532231850603736
Od,1653532231950627835
JF,1653532232050620306
en,1653532232150605146
np,1653532232250656190
gC,1653532232350655512
Fn,1653532232450683723
U5,1653532232550606786
AC,1653532232650609330
6D,1653532232750627393
DU,1653532232850626863
z6,1653532232950690833
CQ,1653532233050676544
EP,1653532233150595459
kU,1653532233250617911
XR,1653532233350665362
Su,1653532233450593555
2l,1653532233550611099
7e,1653532233650614828
Yu,1653532233750612058
UD,1653532233850605084
5h,1653532233950613387
yX,1653532234050606820
k9,1653532234150740456
jq,1653532234250621890
Mu,1653532234350656490
IK,1653532234450611590
yV,1653532234550604523
iD,1653532234650604252
sS,1653532234750632685
fQ,1653532234850617619
t7,1653532234950610163
It,1653532235050589855
sP,1653532235150583122
YP,1653532235250614333
I0,1653532235350604544
cL,1653532235450601718
fa,1653532235550660391
sQ,1653532235650607065
hZ,1653532235750592295
E4,1653532235850611506
TX,1653532235950671661
MP,1653532236050600279
04,1653532236150578398
as,1653532236250652849
VG,1653532236350612634
GM,1653532236450606938
NY,1653532236550597149
GE,1653532236650611989
ym,1653532236750601811
dE,1653532236850603781
mD,1653532236950602011
ZR,1653532237050601962
lP,1653532237150590877
pT,1653532237250597921
y4,1653532237350640354
XP,1653532237450594417
Zr,1653532237550590387
mZ,1653532237650591284
tN,1653532237750607568
RO,1653532237850599261
di,1653532237950593898
ly,1653532238050589275
Ez,1653532238150567060
CA,1653532238250614641
ln,1653532238350592982
OV,1653532238450584989
0v,1653532238550590756
wm,1653532238650594522
Kk,1653532238750666918
FG,1653532238850597092
ok,1653532238950655784
dL,1653532239050567625
ZQ,1653532239150572910
uS,1653532239250588325
nJ,1653532239350629758
pO,1653532239450586191
zY,1653532239550630346
KE,1653532239650585576
XV,1653532239750589027
OI,1653532239850638201
Gl,1653532239950588135
nH,1653532240050590679
eh,1653532240150620575
1x,1653532240250584934
RE,1653532240350630922
DD,1653532240450572097
wp,1653532240550579085
YT,1653532240650578166
FS,1653532240750597655
t0,1653532240850589625
ki,1653532240950575873
Mj,1653532241050579843
Ge,1653532241150562369
vn,1653532241250578617
9K,1653532241350575050
3Q,1653532241450572594
3q,1653532241550551713
fh,1653532241650578146
Ye,1653532241750579079
ex,1653532241850561624
qq,1653532241950596927
Bm,1653532242050568471
fj,1653532242150543756
Ds,1653532242250549134
A6,1653532242350569104
qu,1653532242450562278
pC,1653532242550537841
d3,1653532242650571329
oX,1653532242750612595
py,1653532242850574677
rs,1653532242950548295
Ms,1653532243050534284
h1,1653532243150568921
XF,1653532243250569891
dC,1653532243350570657
AT,1653532243450567905
0L,1653532243550537061
Dd,1653532243650563642
3Q,1653532243750556279
VD,1653532243850565545
WJ,1653532243950565256
5J,1653532244050587097
Vg,1653532244150538882
NH,1653532244250559796
DA,1653532244350560192
F2,1653532244450556125
2Z,1653532244550535688
uj,1653532244650561047
YS,1653532244750551832
wB,1653532244850569913
c5,1653532244950627772
ec,1653532245050533261
Qr,1653532245150567824
DT,1653532245250559572
Hi,1653532245350579005
em,1653532245450557216
1j,1653532245550531705
5U,1653532245650671248
