Q0XWa4sWK9U7W7Ne,1653532572509081328
PhkrtGPGOuZfB8tb,1653532572609096501
8P5gTyCn7esbjGD9,1653532572709098638
xw0pAP3ZHaCSi63q,1653532572809153145
V7Uw5ejAHcj0qu9l,1653532572909129244
q9a1WcYoCkEvoGjJ,1653532573009062029
NEDQqxY7XH8N9H60,1653532573109042444
PhztJXhVFuO4A6LV,1653532573209148783
KZv8URG1iOMrdSp2,1653532573309062717
7owOJbsZTGbbMw6e,1653532573409157667
TznxQ1y6NIw0lj1q,1653532573509148082
YvFpU7OyLzXiucKN,1653532573609162959
Z5Jy6F4TYyUHiT7E,1653532573709132225
OK3qRQmnNKTHwndT,1653532573809205732
twRzBURhSty8M4Mi,1653532573909234239
OOYooJbBd4RXp40i,1653532574009182524
ySg7w5pMylVInp0A,1653532574109237604
DWy1pZBQbaxQcw7a,1653532574209251315
MlfGoScmE54zv298,1653532574309200600
W78MeHkFrgeTcj1w,1653532574409293902
SgCG9m0Ls2Kn2StY,1653532574509291946
Z1sCIdR9J3atkbpA,1653532574609351342
IzQPlOkdO2OQUIx2,1653532574709305293
JpEaQdhhfIYPtNa9,1653532574809361541
KyW6LEhjH68jM5jf,1653532574908501237
sxDJZv0EDZb4u9CD,1653532575008329764
6iHRxy8C2GtOLd2E,1653532575108466603
YFV7ATJL2vQv2c88,1653532575208388740
IPZFLgPOwJkGwkSS,1653532575308500598
0xY8QrURksKnSSvi,1653532575408366495
pTwA9LW3eHHY1jzz,1653532575508509038
eX83OaS9QmuqCnY1,1653532575608480563
GUBNoiPSzgzyOwy0,1653532575708418219
T43pcTy0FqqPeMQu,1653532575808519781
rcGfKf5HL2Dhy9iP,1653532575908659972
DjFnDBnQ2bqgyGYn,1653532576008528628
qoS8RVNlWbSSkAsw,1653532576108477320
u7h7IVXK4Ly2cXpQ,1653532576208608697
JFZljwWFXyhG7XA1,1653532576308476056
er6vKbDPxCRXhFx0,1653532576408547933
UUjBRDQwA6CHbKGG,1653532576508563236
CM9WxMvsYLNDYLE0,1653532576608572354
pvCE9aBHeLYGeoUq,1653532576708583046
8dK3zEwWXJj5cv5Q,1653532576808608349
rHeysnFW7nmlZGZh,1653532576908623041
rtir7eNew4jY0nwr,1653532577008628641
4ZpuK2RRpBAMQj1H,1653532577108631425
dj6iMRLIW2oUplJs,1653532577208655266
K6me8B4vLEHlwI0X,1653532577308605180
z5FLWYb0ZQUO9lER,1653532577408705779
r13zC5uXK9GEPFlP,1653532577508675601
KyiqXIp4iHSp3fGs,1653532577608684626
gHsqNkMfsctHree9,1653532577708660578
cLy7dnBJ2c85HMwv,1653532577808693084
bojyW5dOgWeX8Ghj,1653532577908849554
bdqCQ0VSabWpvSkX,1653532578008776746
ETViX75DbhikxNTX,1653532578108779957
0HjQFDrnmLcinKDz,1653532578208767704
mgfJlkWNRC5NaWua,1653532578308727137
nb11mqoZBPFwjQtT,1653532578408823940
6YksJEDiRI51oxbZ,1653532578508847095
XaaJQNqZm5VTVOva,1653532578608897528
xfQEuduLtyMhvvES,1653532578708854164
WnkuAaSugxL9KGhF,1653532578808909745
w5RqgL9ZJTEDOTfs,1653532578908866623
GPlQyDIe8dlQuRfo,1653532579008930888
W4eDQlmhEzuaSYTi,1653532579108846340
vC6tNOVVzFwtgZhA,1653532579208897050
eJN248hG7arX8IF1,1653532579308863280
UJvrfOKedEWHoBSQ,1653532579408947953
TnQXt7oyhfVnxipP,1653532579508944886
1iGg4YJgnpxbyNzR,1653532579608908819
9Nx2Sl1AOUvJDigE,1653532579708910381
OwtTSA9Fx4ovQnNZ,1653532579809001999
AKbd3alP5egINMUj,1653532579908973172
GLCiVJyQOmMoYhLg,1653532580009023012
zwJ0V2Paf5q0RIjh,1653532580109027445
cuP5DLWZ8qLgXgKU,1653532580208985101
bcU6eteHwSHNkz2M,1653532580308982200
tPS4lycrmxVJeplD,1653532580409072169
RFJ66vL2NbN7aPSR,1653532580509071713
ouVXq5Oc3ttfjesA,1653532580609169146
r9Ex4azR9KYjj0AV,1653532580709110708
sd1gjPGkJ7P0lFAa,1653532580809111252
ONXSvUt4oPnVOv1G,1653532580909134296
W0vDPBvgJKe2Xpdv,1653532581009152951
AAN5fE7Resx2lwGF,1653532581109096514
wBTJLO0cheeERF8Z,1653532581209168761
QVc3ijSMbPMMJacF,1653532581309154379
k3X5PXh49JJZZR6x,1653532581409203830
ujycQQw2oGM7rwNZ,1653532581509245818
xueNPJPWai397A60,1653532581609219770
r2aHTVHHlcOaYj9U,1653532581709173314
blry4GTfxWm2er0T,1653532581809197451
tblK60bpcyQ9fZdF,1653532581909308994
LSDNge0bBneneeHV,1653532582009312260
D0qH0R7bNXk34NIN,1653532582109291100
pTlV8l7HWj2ALHgZ,1653532582209292311
FWoEvvpJQZKVwasj,1653532582309317170
1bC9NJOt0R2Mggtw,1653532582409353399
AhA5dzM3WeWQCP9E,1653532582509357035
0LLLdiDd9Dxntqj1,1653532582609361264
Wr47qP8K3fkG2rS0,1653532582709365845
BnKoVXPciLOZ97af,1653532582809390167
zemn3t65YqJailYr,1653532582909405859
Wsf0P2a5LyeV4C81,1653532583008419074
rtmsmsvKhEsNxQES,1653532583108358545
JrQgtymDvOizbqyQ,1653532583209377083
hiGTbClGOddK2rmL,1653532583309460756
iAzZ8jm38S0hHy5y,1653532583408471268
fLSEVDUup7ErwyAe,1653532583508468072
89BGrwIxOIedFjcu,1653532583608553763
428YDaS2herbazFi,1653532583708439993
9OwyICvfVZIiGuaI,1653532583808509351
ugq8GI8vu0WUzjA6,1653532583908522765
754OHz3kWLSmE058,1653532584008554439
gtGuANp4NLXK2fRA,1653532584108494131
kTW2RZkvuDi6BlFs,1653532584208561916
eTmoqarBvMWy1v6m,1653532584308610515
Ocmn9Wj3hPAt8Nlk,1653532584408589522
qVXf5MqziKvjFzVc,1653532584508623954
bFPim6lTVtKbG3M5,1653532584608580758
ZricDYZvtUe6T8i2,1653532584708640227
N8k9CUbiLvHczbfW,1653532584808651753
SL6ftgakADpcLXeg,1653532584908633630
dNoqrPWCInmFPPjr,1653532585008711933
kqXcW5KeI9GbftII,1653532585108684625
G685TeFjS0zpNgg6,1653532585208770076
WBg0F0fV8v7nmN32,1653532585308725287
TC5uqJbGJY5eFkkl,1653532585408737886
vQmAPPgVKlI78J7Z,1653532585508729615
VBTKU2albgPqQAZJ,1653532585608735400
aLSxi8S3ti8z2DYX,1653532585708701240
Ozrs1Qdc41SSB2lj,1653532585808762951
LDh4J75AqB9qMfNl,1653532585909780508
cDbebDEfEf7Nfq6y,1653532586008804872
4l0Nt3WhCfXZJsIv,1653532586108815323
3tXe4mHGPOb4Fg0H,1653532586208813645
R1cI28zFmUo5N60O,1653532586308779226
xY10IIGhfqjsWh9x,1653532586408846344
ilElsD0egmj1shPn,1653532586508854350
DOnVh2AMsrEOZLLF,1653532586609042171
4ZywlwaPiJQYznMC,1653532586708923234
C9it9qD1gPPFkjSo,1653532586809015741
GRjzLJO2bmaaaumm,1653532586908999877
2SdBHqDxDaAvHahW,1653532587008958384
1QVLksNLevtEqfys,1653532587108971706
6b1NPEIcnSX22DY2,1653532587208966306
d4LNuigYdZlRDhJJ,1653532587308976516
JLegXwHIOmLOztOd,1653532587408998541
vjypRfM3C5UPmmg3,1653532587509007585
7KkcG1vclGzl9NO3,1653532587609020148
7KsWxCZAH2Z4oG7t,1653532587708979562
YpVpoQRaeQLmmhpt,1653532587809051346
zfNxsv79xeBlsHcR,1653532587909075075
47GtWfTA4muoRjhQ,1653532588009090675
N2NFxUMu7WdznFQr,1653532588109112589
LeirI9zMvuAKbply,1653532588209142262
r6BnZWhg2JfnW4cr,1653532588309120436
iLg0UgKOYSg9HR67,1653532588409144850
WHu5nZjnqMaLQDA7,1653532588509142876
Wr7yVQK1s1AAQEFw,1653532588609141364
W7zHei5V5dqVq0cK,1653532588709109427
piJI8bJ0cS83gNxA,1653532588809176730
SxS7fVak8QExOoHC,1653532588909613993
WYUe8odkGllw7j5Z,1653532589009246150
gVeL0E48cI316JDb,1653532589109245583
phFxTqijcTehCjEq,1653532589209222683
EtCC5EIiWMhafsBU,1653532589309272986
XPS1D8ipbKUm3jcF,1653532589409268178
amRd0iLU403hqCBO,1653532589509255166
ZbNnh5aJQ53RmdfK,1653532589609254840
O4xOmHrqHuV86fUg,1653532589709300069
GrTyu1FI6GisrNCF,1653532589809297205
P8eCPT0eNWkRBE5P,1653532589909371101
3YLwaYEeouVgFfvf,1653532590009400663
nXrC0prLLbnUosur,1653532590109346929
PFlxoybas6E8kAlX,1653532590209352955
faigPZ1l8mFuf7k4,1653532590309301203
LVz7TahKfwQP4Buj,1653532590409378265
lcNA9NtG97AmEsqZ,1653532590509394031
OpgpOM91IZOKkI3V,1653532590609408019
tPe2mXGtePgtHUQf,1653532590709413174
K5TgRcfhA31sJ2MC,1653532590809419551
R0DBXR5Aql18FPlX,1653532590909478465
UEBvpqaxrbpBcBL3,1653532591009519657
BWDhwIpm1qsEFeki,1653532591108448781
qtbdiCaZlQiNZ2Pj,1653532591208534824
WcOSsDFr173GjnyY,1653532591308514905
faBNkkuV8dthfIOB,1653532591408589023
smekzrZ0wcFgOBE3,1653532591508596567
jNQT7KzFvqvY6Jiy,1653532591608621592
6Mg3BF27rFnFQzGA,1653532591708522433
LebSxYgsMbPSs7Ow,1653532591808690291
R40cH0j9FVMfSdnn,1653532591908572631
FNGCvu3GTSiLZ7I0,1653532592008738878
9GcRGJYTmu8FVu2j,1653532592108625312
FGv8AyObO7xxCDvL,1653532592208734244
RXkfpI8bBEqe6rNL,1653532592308714251
7JUGFsrexmZ9xVTO,1653532592409658586
0D1pU9PfODJU4hqA,1653532592508677395
yIQDAFp60NFvsgIq,1653532592608707272
sJeMT3zpGIJLx7Vv,1653532592708730353
Pt7Y6ue4Hr07WGyO,1653532592808710082
Zci0dhptz7CxEfqc,1653532592908760311
WvAbqmf5ddD7r9VR,1653532593008774725
jDPMuFDsKOnY1dAY,1653532593108732250
ZI7N4kSgOdnFmHeV,1653532593208737609
U4rNH3FbR27QdGwA,1653532593308752060
W3XZoyFAb0NOH0rk,1653532593408769178
2h7HkKs9MxZxBW8i,1653532593508798333
XdHLbWTBUrXkpOUr,1653532593608799599
5Z8ntywDvU87yGnV,1653532593708810347
s4pTYIc279kuYElb,1653532593808904853
ltPcpJnlnwqjAdF2,1653532593908829379
f2UDI6DOEyImA4Lw,1653532594008854978
vkWl4IUpEIZMtmPY,1653532594108858300
orl6vwS9ult5pFzi,1653532594208916066
xTT1lxpxFOK6Ahew,1653532594308890555
YN0RKTZEESH1fGjb,1653532594408897765
iDcT8RRMnjSxQ7rw,1653532594508937624
UsNoLw1ZNIY0XHbF,1653532594608941464
SCibb7vPqNKESCAv,1653532594708976378
4WjNQiun1SmYjLlC,1653532594808984237
XTl9ZgYN1qcU2kP6,1653532594908979873
G6ThpNSqnEMXa7h5,1653532595008980806
YSE76kT7b5bbp0g4,1653532595109004979
57luTDiGQ4lyBS3j,1653532595209010208
sGpyyG6XLf98enCj,1653532595309018141
uvdN9LeXNPTYqUFi,1653532595409065407
k2fhIlCbOJi26ul1,1653532595509111858
qMOxf0S2OvYEPmu8,1653532595609110550
oZp5IzefJMhPHRQ5,1653532595709081854
ln0RlSR9N0LkkEsW,1653532595809086860
lfb2fEhyaMNpnmsX,1653532595909112293
XsyIINQdLlO5xGcj,1653532596009124726
uBlZPQVymsnYce59,1653532596109125696
W3SnOqQkZopX3PEx,1653532596209095406
ZzUwNzu9pghQKmZo,1653532596309154302
nzbCp2uPojur78mg,1653532596409162568
5EcSBVbzBHPT1wHn,1653532596509133927
urzjrt6fa0Vh8FLB,1653532596609190137
SyddRDccSz3TuIGo,1653532596709196181
9DX04cefa7KhMesm,1653532596809287206
cWQ3h0d9ygcsyrg6,1653532596909277232
4B47nimOn458ivuI,1653532597009252072
RIJ8HuFFas5Xhldj,1653532597109301764
ufqgOa49f7HL2CcS,1653532597209304511
SvYjqowOe1vLmW2h,1653532597309288092
CtNYTPh6UxSU74uZ,1653532597409300099
xRJnFFCrH5A1cCgm,1653532597509363643
51KZOzfqw5J39Db7,1653532597609332928
eusr72iO8sOi34S8,1653532597709339249
4kfSjJHeOafWnGbQ,1653532597809351904
ATFGUwecm0Ip3ky7,1653532597909388207
UbXDuopHOVnAjMYs,1653532598009447973
pn8JjktWlBJovHtN,1653532598109410850
rQZlDO2brnjb9HTx,1653532598209411135
3ZEkJ8G2HaqBphYg,1653532598309417142
87QLUQuLEeuLtLIu,1653532598409457704
uXfCdvEuT35Hkcvq,1653532598509436637
jJ9Dk4XwgRHXnaSf,1653532598609437570
57ri06aS7ejrGcgx,1653532598709506780
wpBetgaX7r5sPVYS,1653532598809490343
cNAaRj0YNjQdK6YG,1653532598909482924
thsnNSIVHLLhqt9Q,1653532599009529042
FIzg1zFMhdx1hVFa,1653532599108525517
D7LaZe3ozPVoGdEV,1653532599208532098
tDCsDPEu29tje8Jp,1653532599308552623
DfQkHRYGo225fHYW,1653532599408557833
SiOd7aV9jMqLSABf,1653532599508576766
nZP40wInyJsbYO70,1653532599608585421
7VcC35MmSA5uKGY5,1653532599708594669
nv7mrOZphPOFnVDs,1653532599808613453
yn5ztPlJZrDs5lvt,1653532599908677071
h3fWPCK4biHMCUFA,1653532600008671763
GIA7ftQEid4mN0d2,1653532600108659603
3GYQSsU3blNnDavT,1653532600208700147
s3aXx0kdcoPzo01p,1653532600308685080
GXFiQjj1S7mgfh7Y,1653532600408700679
lg3genHGcfDOfCEw,1653532600508716797
kTcABK9bRvF4aNcL,1653532600608717971
3ezfRHw1w7QbKeV2,1653532600708736940
58CESJqrE5voQW8R,1653532600808782780
A77bM1bI81sQdNSi,1653532600909243711
Tcxvvlk7qguFA0gK,1653532601008855183
7ntUoUkvTcL6yopR,1653532601108838282
OkNKV7PJlHWtHDDP,1653532601208820641
y5rlXZgzCz5AnsbC,1653532601308777408
awU32rLl9rfQ4qn1,1653532601408861284
tckPCQOMNTWBK5Lu,1653532601508869199
0nw0cHll8OCBFxA6,1653532601608896354
auVmIt8fLcodf9Vd,1653532601708916157
uRdXiPGrlQ0yOA5y,1653532601808882404
4YiMQo1lOqM3xrhq,1653532601908936874
JILzfbqR0oPOySK2,1653532602009022121
10MRoMAACWD7Nsxe,1653532602108965036
BGeqqSFqHfCD7WE8,1653532602209096098
UaZGwjQ6DbEZU9Dd,1653532602308933865
QrRGIh4XKGkRkyYE,1653532602409008853
Z5UTnua0VmZxtlYH,1653532602509000859
ayVsfZPxpAOZ6und,1653532602608944107
0F7l9fldRJYK47ce,1653532602708991299
57VifufU2129upmu,1653532602809018547
3rdAWMnvfMGhRqKU,1653532602909009517
vpCahp3io5pisZav,1653532603009042431
RD6xartDB7tcvD4o,1653532603109077567
0ENh3QPqTEYJo7DD,1653532603209105740
IH8q814I6xsz8xo8,1653532603309107081
B9pDXD30PZHBeUOx,1653532603409105291
lXnsWpAbk2YsxKy9,1653532603509102150
TmK0xL0MsIWXksSW,1653532603609071527
NFMs3WTnWzeUKcdn,1653532603709148164
MxoJGme82Afn27HO,1653532603809161781
LdGO7h9dgl70Mioi,1653532603909171622
da2tKg2Noh8onNC8,1653532604009178832
0SU59diqPoolWaRA,1653532604109202783
AR1T73qtjwiUJsaH,1653532604209230512
J4MSf2G4q3nNdDVm,1653532604309228723
eWFkY3dFzJjGAJXT,1653532604409240415
Lrv0tA3kDo5q1acg,1653532604509123071
4pQas1nrLW7Vncy6,1653532604609299817
Tr7Nz85AwAzwiZck,1653532604709305991
P0LH187KdEnOpjVG,1653532604809304516
ZabYgghcogWWF6He,1653532604909398060
6au6g1QHDEg2v9JU,1653532605009336900
hu1NZixNOUsba7Ef,1653532605109331074
f8lL7BdKNJLHQcl7,1653532605209335673
WkU3SRRotHQUOc93,1653532605309361384
ksMr1z9NGUeg6Nlb,1653532605418366696
8Feaf3NWKlygN5h7,1653532605509397323
x4wz15MIa0weNiFT,1653532605609448089
vs4YvP5EA1sX7ac4,1653532605718395883
cW1dbNt9LqmhW1AP,1653532605809404677
rCynb1zj2pE9NoCz,1653532605909427425
KDbuZU1sKnZoniEe,1653532606009464616
uCPUBMBBCQLZEVXX,1653532606118444985
g8RFcQ6vEfjzLxdG,1653532606209508908
71iINtUXHn5UGc1w,1653532606319481512
iQAKqGD2tx1FsdT0,1653532606409487977
e9Gz0kXIVcmlElgw,1653532606509541391
BqEz4S2vN1AFebDG,1653532606609514843
kUGlCn1gPlRbW5Vf,1653532606709538294
thcx7etUe1iGdvXL,1653532606809561967
Nn6Ya5ExqdWKjzzc,1653532606918562280
gcaoERGqSy73sePD,1653532607009513481
RTlzZxuNbOiKNhu3,1653532607118570016
HSpUt6IK2PNs3m4S,1653532607208605481
EnPnlJAMhse2YY4n,1653532607308617988
1tFsxYCyxYozIqPW,1653532607408637624
epHP8SjoILootsas,1653532607508657409
kpjhLtdJRQGkGfEu,1653532607608723453
UWHbwyNEJB1D2b3m,1653532607708674460
OkTke515VHnlw2eP,1653532607808690781
WtySsLeBUfMWEOId,1653532607908793714
8kNmpMqIdb1Xbfu7,1653532608008730332
XsZPBCYgrvC6JVhR,1653532608108717228
D2C2O0IzbJUDxPIU,1653532608208716938
FqrR2P7rKHxbkc1x,1653532608308731556
eBx0BFxmXSxUpGw4,1653532608408717582
6nV8CazVsv4cV5Y8,1653532608509194345
GV8Rj4CGW9iLPeNT,1653532608608877354
PtZZRZ2JS7uvAS3P,1653532608708837546
vAoeE0skAY3XAQ1Z,1653532608808843294
HY7j590XGsTPIUoE,1653532608908828634
ecqsbhajFdGQ2FxH,1653532609008868844
o40tEzPSrqp8KdMz,1653532609108856351
EApppQY31mT12OJo,1653532609208906895
THffG256svEBWYAk,1653532609308879087
gxXWN3ZNq0OqOhcr,1653532609408891520
zHUDKYJATXLx3Tgk,1653532609508940508
RDGmHp97nYvBDX1A,1653532609608869886
oVO63hHUDaSG480V,1653532609708931763
JEHa3Rfoxa0871Ju,1653532609808940992
UhyWMDyXoOosWmLo,1653532609908973017
1cM212rwar5gqOYI,1653532610008965024
3WmNklvW9jOeTjSU,1653532610108978105
JoXLoMHNBK11gZHh,1653532610209007741
345lp0Hyhda8K0de,1653532610308989433
p8xbUCwfXxeBUvtY,1653532610409003403
zyHmwZlbAJjVKK77,1653532610509020114
S4guGdXla9x35oZ2,1653532610609100324
kqpgNYFYrw1BH8Ih,1653532610709068757
AzcQa7A8H5BMtkMd,1653532610809076060
bBHyjWUZQVkhb1Pl,1653532610909157363
yzCW6KeLPqhGY2t9,1653532611009098129
D86vcYU24CkfB7R7,1653532611109208543
4bd8tIUG69WeBNmN,1653532611209143772
VsI7Ok9Qwr66wVDy,1653532611309141001
4r7v9ZBFifts2dFX,1653532611409178545
TVcsFjI9bMFVpTSt,1653532611509225718
IZmR6xemcVec9r9c,1653532611609186855
KjUXTlh27uVxNxof,1653532611709189714
Wb4aWiN9CzlLptv9,1653532611818212637
aOh39M5GGbBcW0F1,1653532611909268246
ZKb50yCAwwTlpPsP,1653532612009261697
lXRutU883KkaIzbr,1653532612109279722
HCwG97Q33umsHeF2,1653532612209304470
Aew3929CKtkarLR6,1653532612309231273
WMMdTngWfQMw2ZyC,1653532612409305021
EsELuNVDFGn6ZDC3,1653532612509324101
ZXg0IKUxkqrnNpxZ,1653532612609329442
fBuXZOkoeYsBl2FI,1653532612709380448
ZtGrCkmuYdfvQdT5,1653532612809353307
oLdLjL7LrzXa2ksZ,1653532612909369814
d8PnqBiOpNIF0lJn,1653532613009333784
6w8oFG97DehDMYn0,1653532613109390457
eClVLTrAr9Opshax,1653532613209393853
bjlqxsx8XdMtB7rp,1653532613309393063
HbIc4AltJ7jAoH7N,1653532613409366589
0qBvi74DkO5tTuik,1653532613509428114
V1KYB5RSC8ayQfLO,1653532613609513491
VXKCcMNMiQFBLvto,1653532613709497683
wDM5JoWTu6QKmlhF,1653532613809476042
G1PqLnC1DPCYL5LF,1653532613909533160
IhJZTp1OtRgdANrP,1653532614009499037
MGFf3SgHrqnAt6QC,1653532614109533970
ojjFWibN9I1Kdqjy,1653532614209522365
6wdAMKPE8AM2FmC1,1653532614309545132
TvGzesNl8M3jCmhI,1653532614409546731
hJQ3bnFjwclBMxCq,1653532614509518071
rQpTGAEMWI6i2lzh,1653532614609529245
4NldB0N5c6Gx4Qnt,1653532614709541381
ocM5lYRHoVypFxWH,1653532614809548351
KFvTGIYqOmnQAaHz,1653532614909647709
Bb4wATBwx9jC4GRP,1653532615009581828
TMqjcPYzBLNMufL3,1653532615109704482
GNxOq8LlG2xKGNjk,1653532615209683582
jaTKxzJ6LeQDJlGa,1653532615308675149
6BwvJFgZIcuYzbIg,1653532615408695230
9k04jHB2wbDDLRlR,1653532615508700181
ciKux1TDbLmYv2E4,1653532615608704522
mD9USIUMtiaE7Jek,1653532615708768250
1yexx5AWPu4KxHMh,1653532615808734239
UT9uleHfKprR8V9A,1653532615908699709
Sl5PpFwE8yY5Fukh,1653532616008763845
Msc7WrkogcDo5LyX,1653532616108778389
61vtFp7NnfQ3Y8iu,1653532616208736840
0IzU9kIpMUePpaxt,1653532616308795680
asnphsCSYaT4iCwj,1653532616408815835
UvDcdURzw3PlcKcC,1653532616508824398
AN1rGBJmlnoRxkAP,1653532616608873145
dM1HqREkSbV4v5E5,1653532616708864485
RFuhOCR9xFZuxjHa,1653532616808874992
3Jpti4bAf6DbAReZ,1653532616908915684
fXE3jfBgskYpRpNV,1653532617008898154
6DMmFyxu28TAZ6jC,1653532617108971845
dxGMcP0S7YFYLd1Q,1653532617208977908
oOC3M7vMFPXnVGz6,1653532617308983952
EDSoaSHhyUEJ7Fjt,1653532617408965051
duwx1sKFFp0i5zoH,1653532617508977632
BG4lgJRenfvtudmW,1653532617609042305
XjRYZjlmYlUcjGtu,1653532617709020220
UvdAE2m0fftYIf4p,1653532617808977301
MTMtD5flr7NaNFSp,1653532617909060937
A3xN6jLlPEJfrLVC,1653532618009036351
pp52ujllo9JAMlzU,1653532618109059117
nxrteAc3OujEFCQ2,1653532618209085532
1T2tAofzxw7Jg6nT,1653532618309064372
1dKgnuhAoOO2Ym2Z,1653532618409082675
F5RQt4Nq0U7gYs7a,1653532618509094589
TRGHMvP8KnAsZDQm,1653532618609122263
IrABtXztz4YYwf8Q,1653532618709117455
7MfRF4ZZpiQMto89,1653532618809142480
dJIWoHNmJvKDbQbg,1653532618909189431
kG5zIeX7KvTDjaMM,1653532619009154197
rcqftDPA9jOi7zMp,1653532619109199093
ERnW3KeOF5ZwfuGW,1653532619209181766
W6AOHZYQHu6MuSC6,1653532619309190347
tzcxHEJUKsQzkgWH,1653532619409205410
ked1DBQU4Wpwx12q,1653532619509215972
yelFt2jBv7AdneuV,1653532619609226664
GXWUhuwlPlfMkhAi,1653532619709248264
JuxAweLplUTW6L1N,1653532619809325400
rWpWQjFnVu9DbIwu,1653532619909324999
Ar56WOuFsNmxgnKV,1653532620009302265
H71gqGTJAbXjrRc1,1653532620109328346
Ih7m312wMor1ZBWp,1653532620209307242
IYV6oyQxXveOMGPe,1653532620309322767
vVPzURtrDksktOZ9,1653532620409338719
u4Fh1deYYGvuXIXQ,1653532620509364929
nuNILG7WyxGrJqyE,1653532620609381214
uEvtpXSOnNGIdljR,1653532620709383406
f4hyLoUHjj72Z5GR,1653532620809398987
HBL7gnTU8jklTRA6,1653532620909388753
Wr5pdX6MGBPnHfFW,1653532621009433519
padTL4xRmgAF7LLb,1653532621109453174
AOQouV8AgXwxBBUy,1653532621209485606
j5R4ANTw3d98wSk5,1653532621309456576
r8rldztKXpHgyjch,1653532621409508286
n3jxOArPm0YgQGlH,1653532621509480571
Oc02csM7fbleJNJ6,1653532621609580374
O11nBqCvoicEwNWL,1653532621709479826
yULYMff2EOgXjxb7,1653532621809501018
ycu8S53GndTk1z3x,1653532621909518321
TMVq18qDWUjFRKMO,1653532622009503494
vFULIVa593n82o5T,1653532622109541446
AYH9g7LAb4P1OjNJ,1653532622209535193
wrfEMFITI3ZIsej0,1653532622309545404
Cz8q6T0gXNft72D1,1653532622409558170
rqGD3WfJZEZPrIO1,1653532622509615306
FWsKxsySGdLLdWMU,1653532622609619220
KafN6KegZD3QURRj,1653532622709596579
vH3q81IMcchF81jT,1653532622809612549
cPoghRKEeOc6p4oj,1653532622909654537
JrZRrsnTUShaSO14,1653532623009717618
loiTF3hrPKyEMkvf,1653532623109680625
bV5QLqsnJZNlxNnj,1653532623209706372
BVAOWrFv9B8Vv39V,1653532623308721254
WCtr2lcJIy4GLpxU,1653532623408742354
J7qpw5j6FrZAsgdP,1653532623508784416
sXEtIrCbpHp86kcN,1653532623608819237
pSDlVwpklPtd3U2u,1653532623708787319
1HnI8zrvGe3LOdgD,1653532623808796177
5tyYnmJY9ACCeE6e,1653532623908795795
TtwZtlS7PVQn870B,1653532624008822006
ywkmi1KpBU2nh8RA,1653532624108696717
0Lir6AwVeNGmSEyQ,1653532624208846427
BgArhThqxhben1nn,1653532624308873785
MVeRdbuHwB2MP0kY,1653532624408877700
evOLO39LkkyXllJ8,1653532624508889225
EvXpWR7Qa9ky7VWl,1653532624617883593
Qu4mxD5fx3DjmWpy,1653532624708908146
RMowlvKM25K9aosy,1653532624817913366
hwkc7nI4rTlbxaaM,1653532624908950826
uOIeHb0JeIQE4IAl,1653532625008947870
CuMJhcLW5782fgOa,1653532625108947655
4fEJECcsS04WGEGS,1653532625208968865
6ajlC4GH9MHp2dP4,1653532625308984557
GbNUnzKDzOhFaxfg,1653532625408991546
XMQjQgya2DP2rm65,1653532625509002589
NTY8QsLNF2apyDUT,1653532625618062476
ZuBxY7XYLuaAgeF1,1653532625709051344
7n7VeSqtTOiPbCs8,1653532625818053878
415c9bAUVieAMr9R,1653532625909104876
dHwHhkAA8qXh1Op5,1653532626009085105
PtgYUo0zXc7rUHJ7,1653532626109041482
YDMFyWO4KvkLJZPj,1653532626218111239
S3FwrGuMs1EKGXRo,1653532626309109884
il2gHQjaLTvd2IMT,1653532626409109484
LZNBpFVgFh0VEQKx,1653532626509147676
BMbRkK13nugoD0FW,1653532626609156035
acfPqB55s6a5Ws0f,1653532626709192449
CZ6ws70d0gRBfehF,1653532626809214492
FLc5UiAKmiNGbNvn,1653532626909221814
v0in7iQ5MqG1UyGj,1653532627009219432
HrmlZw5JdTXEoQzj,1653532627109179087
QhUWNvbklsjDoyv3,1653532627209264723
phoMcrfFKAT7YQqz,1653532627309252212
8LTVE2FxsxAev3hk,1653532627418253376
lT6LLjadr1kPRZMZ,1653532627508271027
up36qG3iDBL8F0q0,1653532627609317343
UuJpdtSUsDuHmGpe,1653532627718293341
4sis8lYMwtS9uH7M,1653532627809309209
BQBnHbF9m9RWOGAQ,1653532627909342308
6sIEbqYWizfcGlyP,1653532628009349519
B7CTiSaTZ1zvF8LJ,1653532628120287692
0bYaS4481hkFSgfc,1653532628209349643
lp5THfwpfuks24C0,1653532628309400409
fia5kcDkKvzmZcOK,1653532628409352305
SRmh5gWiaHYcJidy,1653532628509422312
OB27oDr89qsgRF1t,1653532628609394949
glajR7P0MycfgDb3,1653532628718403724
NdABr1Hyp7eGMd71,1653532628809415832
OikqnAo76OkkcLnx,1653532628909487728
xx8owNkmUO0r28sO,1653532629009407161
oaCZi0eoPOXzjKwg,1653532629109420760
I2SCPCytZxiZ3Yxp,1653532629208422124
7AMpA0cXO9W5RQkh,1653532629309426052
SCurNqjwnPVoyQd5,1653532629409452022
azsjzSGLZlP1B9ie,1653532629508513941
LcTgTAaEa33WUeb2,1653532629608474133
eRjbs0vRjKSsT9Um,1653532629708578491
jyRA61Ng5QCZ2lbg,1653532629808496498
BLG3J9U0Tvsu2Nel,1653532629918600194
J5wP7H4ChEjj0IOB,1653532630009522988
bcEulgsCbj4b6iNN,1653532630109785364
mHkrYo3D3ku12GCe,1653532630209627353
sOWb4Nle6pFAWaXI,1653532630309579546
pH9L4AY7uR8uhIWY,1653532630409591219
g19iOtKUiYeE69Ww,1653532630508654675
OdFSnoXfDdauv6QZ,1653532630609888787
5YGTRYx96ZMBgs75,1653532630709731480
UMXH83xJgVEaZc9f,1653532630809729561
AN8bw4j0b5BIxGNR,1653532630909705197
bshhvc1a7DAepHH0,1653532631009710426
fQZZSIX1NhJJxeiW,1653532631109723952
VPCOzDy4O8jDO0B1,1653532631209737699
Olao17qPm7ikkOEF,1653532631308821896
oQdnbcsziZB6ZM7w,1653532631407906426
5fk5lYUXgAFOYUdK,1653532631507763137
sG6UqyTXVcd2xjy2,1653532631608859842
Oh77DZfrhuFGMsaF,1653532631708850905
7ehva8S5l48il4i9,1653532631808854412
joFxNsm5k2J7srKz,1653532631908849919
W1t69LCuNIa8MJG6,1653532632008879962
7V1SNnV7noCgeWd8,1653532632107992918
VWEfqOXDe8M1Pc5W,1653532632207864648
54wSrSXfEkJsEw0k,1653532632308020099
TDNHZsUEyoDNOGrT,1653532632408033050
Kot9GRmU95LL2L5T,1653532632507895317
WQi6HCKFzVbNlSp5,1653532632608059730
EiCS7zvE4Ga4ZdV4,1653532632708979529
4DALOSYLx9iiaXlo,1653532632808995035
ExFLwAazO81xlVzp,1653532632909077523
g982ZhNWo6CObxBp,1653532633008126091
tQ9nYjmwrmrcFrQv,1653532633108025061
0YwaDJ42NHOzCZm5,1653532633209110229
zvtXcdRTPJ4cASY8,1653532633308113852
yUgCllC90a6CAqI7,1653532633409068891
m9dOm2qALsmTKIcG,1653532633508019903
kGQWzcdzBhCJXSOJ,1653532633608072076
Z1gL2WVNMGrgYRuJ,1653532633708099639
hLnhxQe85oPcEoun,1653532633809141288
na9p4cDQq24PRyg6,1653532633918117694
JRlFrQLuElWTZQEM,1653532634009093599
0NA4yNSmNWBmVpso,1653532634108137814
Ge152NzG8Uhfuwzt,1653532634208158247
H9vDUO0ru9bPxUCD,1653532634308169309
6DH8YEMei4JdyJWD,1653532634408165223
SPPvnPkiWM5TqFfu,1653532634508149064
Rw2zAOetQvUMEyaf,1653532634609181454
NxaBKKrqeuIUAxMb,1653532634709237442
rOY1lAsB6KWII6xg,1653532634809254653
1VpLoeBSYTviOHHF,1653532634909292937
eoFPy5Y4Q4Ng8IK9,1653532635008330449
m9Uane0K7v0UBGjp,1653532635108234253
4yE22m5SrQ8xiT7S,1653532635208229760
ab2MF1gLwgp5wWuy,1653532635308281674
T61Vt4xiU3fAWkd5,1653532635409331268
MfRZg7sblfggCZef,1653532635509316515
fdAWf5C98qKdaxiu,1653532635609332670
a9UFEKox0SbC1Eph,1653532635708331516
pzBV4OeAEwnorThS,1653532635808343948
a9foTTkTtLdvZSaP,1653532635909354320
PlsR7WaLRN8IrpiR,1653532636009382457
yLEPmwrgHUbpv9CI,1653532636108395691
u4i2YILxdRGSGwsC,1653532636209427655
G6a20RiHtH4mQG5J,1653532636308524778
IlJp3emg409Kv1VB,1653532636408452563
55D5UuKN9P8adDru,1653532636508459699
wAhzmRdqSm9LlcWo,1653532636608482947
fhr7ZCUjZcJAn82h,1653532636718543958
Gjg2BKrb4yuoYQcD,1653532636809463289
5SKfemOBNfJ8nMq3,1653532636908450745
3U3CoslrqffO3FZ7,1653532637008521993
hrmJe8Sznm7Y6vb7,1653532637108491685
QcICV33JhggiuFpb,1653532637209567964
5ZthhLgU5l0BfZH5,1653532637308574920
CZFfaJyFxcyrqlRv,1653532637408591983
LIc0dGThzTqe37hD,1653532637508635897
exsFEoU9RQ1FAQAT,1653532637609589491
gkTJywyxOpaRwHcb,1653532637708616874
CSoQGGYffXupx2Id,1653532637808634640
kjuigre2gERcT3Bg,1653532637908630961
Vz4jGcPv7Hi4I0f2,1653532638008654079
jYlNPPN3bof4rpiM,1653532638108658142
ol62LTxTifV0d93L,1653532638209642699
hog4B47mskqiZX4M,1653532638308695026
I8OdZM4IzaIbjJwO,1653532638408711106
5aQGeV2VFrDnMF9e,1653532638508667373
OXFvrIDrsUSZlMvr,1653532638608728972
wL5Zq643xHqHUzvq,1653532638708729571
V8mMOxDGPdnBxi2s,1653532638808736523
17RrDVt8khNEhG3C,1653532638908736381
PpWnmk2CLnLHWL9V,1653532639008780221
SaLe3Eklv8xaO0kl,1653532639108816135
pHXazXkIK5ZoQiKq,1653532639208787050
IdSJrB4kH2Ld05Nq,1653532639308877297
MuOJP8chBBUbumPA,1653532639407789587
PsSE1WyIWJvXNILh,1653532639507803761
Ah1XpdFymhZeTwnq,1653532639607893656
mF4nl25GKzlhF6OQ,1653532639717883019
nPxa0AYlp5PI1C8o,1653532639807984040
RAZBDdPVcACrGaF1,1653532639908030972
yBbwJ7h9C7PBHWxh,1653532640008015572
gXqr8FMkPYZd7ne3,1653532640108025967
wDzFIhMUmmd1Ibiw,1653532640207912586
6WoEl8w8hTlmENpA,1653532640308070592
YoQqTkIDWuFmTvjZ,1653532640408064525
SXlBffKK834LPtVx,1653532640507983958
gtm7e2LAwYvPRewr,1653532640608141001
9f3mKL7RM9ml3Hhh,1653532640708107638
9RonT7vOdql5Ugwb,1653532640808113311
LxOeGV5dcpOf43KD,1653532640908084059
U7ywEuIqi1vBhpm1,1653532641008184880
lAf1dieGX1tZ4CnX,1653532641108171813
JlRVdjLKkEVQ2FRn,1653532641209150815
O6ozmRFJS7sUJdzc,1653532641308226475
NQ507RIqdlGf1fSN,1653532641408221389
lFMXgao8hecyIcaf,1653532641508176396
0fd84uyifCLero1a,1653532641608111977
3O5jwrpdVPblz9O0,1653532641708185799
m26pw2VZEqE3cFbf,1653532641808263953
bgMXV980ZhkYo8WZ,1653532641908310700
8cO4etcshqtK3Uzf,1653532642008196356
8KAdTHc0yMZnU5Md,1653532642108311048
iifKbHDI54a9ZYoh,1653532642209238864
swLJDvKCHrxjwHKc,1653532642308251395
zyxYD8oJCPSlxERn,1653532642408402660
Ak4OfOYuFTbAkwmh,1653532642508269686
uhD5pzO0OojJ2A4D,1653532642608335693
u9ZXV5PlY1tGxfxp,1653532642708284959
L8u87H8U5sn80qJt,1653532642808437410
zqOUvoDTp6hmkcZ5,1653532642908410898
kRBrgILmA7s8v91u,1653532643008410849
zQMuEYL1e2lOeKRM,1653532643108423523
jbDQtXC1c29XB9P8,1653532643208393382
Xj2jHLkwLVIxpiJW,1653532643308464351
JWwC18Db8K8JTVR0,1653532643408375285
FRjWkRQ5wh2jPLGi,1653532643508386791
qCsrJ5RRPZjr3ApI,1653532643608548242
aZmKyBQvsQcHmsxa,1653532643708446397
3pPMsqlFOU4RduhD,1653532643808442497
TRXPcvKUMvj6lggo,1653532643908462800
T58JwuZIMdjzXQAy,1653532644008436751
rgMSbgwvZgzLKd9o,1653532644108409518
jG7dAevUGcUl0cip,1653532644208465302
I4HsiClIsldAOky5,1653532644308434031
04g8gZdwB5iBhO10,1653532644408490741
SGs8SdQIM1TlmPom,1653532644508512433
TVvA4Y4GbkPI8OIY,1653532644608458329
f8h5k5O67pprEebg,1653532644708530040
9WoD2qRbbruhDAEs,1653532644808543195
Hvw1yI537vuJXUze,1653532644908590627
ylp1cHcB6UsJf6Aw,1653532645008557801
z4vwM0zTtsmOKk2I,1653532645108583270
TsH39uEDM5Wz9et7,1653532645208629240
io34n0VeqG3Ay5TR,1653532645308619025
xkV4chHzmmwuOq17,1653532645408607272
c29N2d2rt31r8UG4,1653532645508646668
Dj6nROkB8h3WX4b7,1653532645608645582
6jV7MXyDax2gQIid,1653532645708674015
0pQPBBYHqcnNeNUj,1653532645808662874
4zoQUmb2jdh9tNkt,1653532645908689528
C9GLKpcAPOV3lxkp,1653532646008695776
vYDNIoQ0P57ISsAd,1653532646108710246
1OyJDbRaxucgrMVk,1653532646208719049
tg8BSYBrbJ739FgA,1653532646308753407
edRpCqO9k0pbMIMD,1653532646408757618
wUPO0YDbrIcyYJ8A,1653532646508769866
uXx6NLF7J2hgK1rG,1653532646608806520
TGcTpp2e7eddvjln,1653532646708797064
Fhtc06iK8PyQQpet,1653532646808840867
6GKt3KV9w6kqqWd3,1653532646908849041
BXfBdNVkkTAAJn1N,1653532647008831733
1LE5djEaqyQeS3hb,1653532647108846684
aKnCgIuQk2b3paOr,1653532647208862672
ucuXJ8794XlVZQ67,1653532647308867716
jtHPABpsEOt1zHqt,1653532647408883741
tkOCqWKt13OYSSgB,1653532647507901827
KxaS7PKJmDKlUBcL,1653532647607947408
t0VkUndUpz0HRgSl,1653532647708843318
c2DjPX0BiKuCTWVN,1653532647807980811
Vz5xmiRbhSs66Isg,1653532647908003558
K3NiZNtHimS9IvUl,1653532648007980417
uZjfH8EwY73fNtLg,1653532648108030312
wjOT4Fjk1BuI4O3z,1653532648208043153
ymcDvqARxD6J6Qz0,1653532648308043400
7NUBcDwcMouQCxN8,1653532648408044574
izMdqW4lh94nX3le,1653532648508055080
ODn1QjbkVV9iSWqA,1653532648608150420
UAlKgo3Lv86S9s4Y,1653532648708152612
5rXUZ8E4bNk3sbCM,1653532648808098582
lveQjhlenq4xi8Tl,1653532648908112311
0yFX4SbfpMgfvs1e,1653532649008117337
of2VLm88cC5KLW5J,1653532649108152566
UJqWlRBYlsEgiDJU,1653532649208139850
tL0E78KjKO1du5wN,1653532649308136709
Omt9C5fxvtcb7v6y,1653532649408137790
G4AMCU3Us56lA28W,1653532649508156167
nzdz2IuxAWZHPdDe,1653532649608164359
hL0rp3Lg6RPGSXkF,1653532649708268532
UNCXg6Uqb150eGeJ,1653532649808184132
bcAOgU2ktR1LwlYR,1653532649908432434
7kylpQbQQeQ2u3MT,1653532650008338534
fWrJ0u4sL3DGmkht,1653532650108216226
UdeJ3DjRp8UjBoCo,1653532650208358307
I28HwA9FDMVx6ArZ,1653532650309353253
nTqphYGWgiEpUOdn,1653532650408417561
Qj4KrDY2X10cCp9x,1653532650508333827
IzmxV1UBhgyC2axT,1653532650608304519
J1l9CHBhJBHVyOSH,1653532650708327785
ODEtEg3tM15Pb0qt,1653532650808330459
1Z0BrBrAL8dJX5Yt,1653532650908462669
GnkSTlMolPDKQ1BP,1653532651008392324
aBZPNQZgWAx1GWsU,1653532651108386535
HdxkMJY7gjS6kdUJ,1653532651208456430
p3gATGoxOjzeFr7W,1653532651308417067
S4FpLnu1VM6DyYUl,1653532651408418444
bBt2RhzpQwSemXAE,1653532651508559098
bN1u9wveGzrCXMx6,1653532651608448680
Xq8wV6jw09YmgizF,1653532651708459946
409Du3r90gLY2HcX,1653532651808467212
7jRdpBXpI5axlZCp,1653532651908509015
XK2SNtZNYutaBU6H,1653532652008507540
DXs2gPpzUPwDy63W,1653532652108513232
Q3wnxV9TN03XU7mh,1653532652208530758
fehL3VIVsCipJlJj,1653532652308547579
pFVkicB3cEY5KKkz,1653532652408549197
ySIzvZSnlBc2uvmh,1653532652508562834
8FPorasRnOU7jF4f,1653532652608610803
fKdar5NdEyf9tPo0,1653532652708593958
cEoRmgrZ5LemagPD,1653532652808605113
12ns69TK57TyUIy5,1653532652908666268
UlWGRNoUhSEF9eT8,1653532653008628238
eEyiLQ3QXUNzkJ4E,1653532653108678745
4ZTUwHybhBronKwR,1653532653208645029
Yt8sJBIodflOzqa3,1653532653308670610
N3VJIUv0dkmQ4hpa,1653532653408668024
axSr8jdmOO8LCiNZ,1653532653508677105
ksr0KkyxUlNWSD40,1653532653608704242
AXpHGS1co9y1pJYX,1653532653708704711
BPYW7URbFp5f0AdA,1653532653808717515
fSPtsQVhXRgLkEqu,1653532653909783701
cMOjrpJ4eOieWLnB,1653532654008741436
mC4ebYL6x1RgEGaq,1653532654108781646
cyZRnqWQDE2jXpvJ,1653532654208839375
0xybVHhRH77VNhJx,1653532654308851826
fqPQhvqu7tdegWwg,1653532654408844629
UsFx9xOO2VrNAAKn,1653532654508875395
1hEga2ahtBKagGEA,1653532654608823384
6U5DPScRxTm6c4tb,1653532654708858964
m7HM8p2z0KXeamme,1653532654808875304
GsrdKR2FvoJVqD6c,1653532654908906385
INxOCxOAHvnphZTv,1653532655008899966
RKWjkYxdKG8BRElk,1653532655108913751
Zi8jfWtwQgl7EC1f,1653532655208929739
VVNF4IsOW0ZyCLil,1653532655308968709
1oUfJLZj0LoEVpr0,1653532655408953882
JCFNU7j15JzHcf2b,1653532655508958759
TWGmqqVq9I4c7tdQ,1653532655608034827
6slayVZ3mYLMBLxf,1653532655708023241
qCPg0tU9BWlGPMfV,1653532655808001359
DQ4BtdCfAVzLrxyf,1653532655907997607
7ML7FnGOJzeiMHCZ,1653532656008139502
gEiZrsDzOCLD7HsE,1653532656108186286
dBLqyZEFXrxt87Qm,1653532656208010812
L8KByVAMhTXnjNzM,1653532656308233077
YJBUsNhPEdGLkg54,1653532656409101302
mPDluN5apdNY0KsX,1653532656508218387
d1zWPhtdKAw2o26b,1653532656608077450
PJKKfPuS0Fy1ZoWD,1653532656708132753
qVhFCaqUklXZnb8C,1653532656808351778
tSUWpOyqbwpBiLMY,1653532656908308674
q3n1bcTKNyr8YzIR,1653532657008181181
PnvC9t2lnpuVAG2z,1653532657108186892
HpyqRPAmO1uwyDLN,1653532657208217343
0GY77assOkNWyPVF,1653532657308203331
DR4crEPDGJ7CUSaS,1653532657408215486
g8angSf2B0Z9O4Pb,1653532657508173419
UTBJfaWtsd6M3enj,1653532657608290425
kNUOn9Ry708V2V4U,1653532657708303062
wGnboHVesZzvDmcv,1653532657808278513
96JwDkvLi1qjWvDS,1653532657908280576
911xGUc93b4ENf9U,1653532658008289342
lTOzBHIuI8do1oEA,1653532658108298293
pG64kgDmFF0auA4g,1653532658208320985
dSdoivg01Hn361Bt,1653532658308326066
FFxytAk8QkiKskyV,1653532658408361461
BZItUytUEeVKgeDt,1653532658508351376
s9rlHbuhKa0CJwgU,1653532658608349586
WyLyuEQ8tvQXacQS,1653532658708373352
lGB2r5i9egMxc2R6,1653532658808408896
ym5qyTzpPPKx1jNk,1653532658908433958
zYnqeVyIBIDlIesG,1653532659008424335
Ov6KO3AlRSiSB5BA,1653532659108423657
eyzGRxWaFjJXLBlj,1653532659208381164
4r1TtBEKcxkn0vwc,1653532659308480837
tvsIqMq55AaOLL7Q,1653532659408451677
A7r3I5Ns08ez3abv,1653532659508467481
VSBLo2OsCyGXHMvR,1653532659608440432
TmTjqqaowEnyoNrH,1653532659708491013
p2cb4yRGwgmB2hcT,1653532659808549167
S5AGuk4oyqmmDd10,1653532659908576285
gdZkZ11VhnehSH8u,1653532660008557662
KIAE1D3z1nkCRlC5,1653532660108556262
NjpwioQPZ442JCue,1653532660208553769
T3qUErRFf9R6tbBE,1653532660308590942
Ky83nYQKbTMsdFW6,1653532660408590690
GLYUCyjr5Axyl6A3,1653532660508570234
5J4qpTAQwVHZiney,1653532660609556828
8AQJ69ACH680CJ1F,1653532660708625969
a63PZCoVh52NqeLx,1653532660808728328
plGtsQ59UC7hV8u3,1653532660908795908
EwSl8EEpJHA8tV5g,1653532661008708545
EJa4jfDEpItKQlLd,1653532661108702219
hoOp2dcKsmSlFVSR,1653532661208706540
o2VVfghVyanNK9y1,1653532661308702140
vMpvxPFpCfZPAzpw,1653532661408709943
1KSez99vivI22G1x,1653532661508726357
bosWE6MOjtnsscor,1653532661608787882
vEVuMdp4W64YK3Tt,1653532661708764982
sJQ6NkU7dFxTqjKj,1653532661808818710
yndKQQMwUOSpRviJ,1653532661908828495
F6NcqphT5ewtOGcK,1653532662008803632
4DcSbyN6MptljZ5w,1653532662108827861
gQYWGEyJssAE7mY9,1653532662208775682
x8bY4wcQkTCT1FPh,1653532662308835300
dvBt99A02KE94lI1,1653532662408862622
trYyoAMWcWzdjMIN,1653532662508914054
FTGPbPPbjbioMypE,1653532662608830117
nNAZWU5612jiO15c,1653532662708888198
SK13jOcQxKEKG2W4,1653532662809013611
PgdtAjz9lgs8hvkA,1653532662908978766
DjBw5oN28ZKPbqTz,1653532663008955051
U4qdnqkXWadCWLMj,1653532663108923577
4Ve7Jz9SYSp8GG7l,1653532663209014065
KxM8l6dGfGSBbmsd,1653532663309067053
HUibRp1yHo6Y4DHO,1653532663409071300
8dUuh5AMLaVuMMVb,1653532663509018122
oDAE1BCIxIo1T5OZ,1653532663608148374
gqTMwbgFBA8XUd7G,1653532663708230269
pHUqRg6OwvQNymxd,1653532663808173258
cOzY0dmBnuhFXoWK,1653532663908081877
508UfFtZAHx63sjf,1653532664008159198
GgCGKwQ5q7LLtpgw,1653532664108065983
poRS1K29bxGcnxF1,1653532664208136267
ePGyLg1BlMXe9Bax,1653532664308142311
x1PzJP6sKMU7Kk7w,1653532664408131299
7NsT1temE9QNIyKG,1653532664508187380
0iDJ7JAQeeVwMcsU,1653532664608162054
zkx0bZkphABz9VD7,1653532664708179783
DQOJiYjMBEGXp8zo,1653532664808188956
qwnRUXFBgQAntOu7,1653532664908249278
mGOUn7oyJ4T8ATv0,1653532665008166285
NiQpDd0r39ewVW1F,1653532665108186662
nPkYUWWobxujQpkm,1653532665208190446
V8bhlaYmhDgCjgRU,1653532665308257212
592YgWMFSEyq4gcX,1653532665408247904
mCEVknFRywdfc28f,1653532665508350577
A8DodX35mzvoeYJO,1653532665608319844
iYuSJ9tH3UufU2Je,1653532665708327221
BWSo2TtoRma3KtR0,1653532665808339987
PLSiTJxWlqCEsVs1,1653532665908386123
zJn1ken9RNCjFcke,1653532666008359852
xALQSIvD85RzaI0X,1653532666108314285
ZmZHQKRrgbbvDLXB,1653532666217404968
VsZx9S9FXYE7qDdN,1653532666308399743
zAfPU6H8hq1tBZ2e,1653532666408390102
PbaY4jmZFyf6BIR8,1653532666508359924
S6WuCl3sb4lkbnO1,1653532666608665929
MyXOfJytIdxRtOYL,1653532666708541492
V2DfnEXMJG6u1StM,1653532666808489055
PRi4kgx0HsQ8HyTm,1653532666908485376
0fRltx7ABD3DdwX2,1653532667008516698
LF54u04BtUKAQlwO,1653532667108537964
OL9IIGQURTf5QC5j,1653532667208523249
RAnLBsV4KnElW87t,1653532667308438108
THBmVZEv3r0R33AS,1653532667408510207
EymPoHT82hrWpzPG,1653532667508558454
EY0j8EeB3cc6gkXu,1653532667608544887
iJJWYkdaPU4CRUSf,1653532667708586579
2TPAf1JjetnKeKEK,1653532667808593382
bVp9FSheumoMGGzG,1653532667917632954
jMPNOg62arKCAWUl,1653532668008642729
1JvEjaqeMeyasvpc,1653532668108567347
IExgs1gQs0c2W5oV,1653532668208576576
Ohh8HVkc9gA1bzbt,1653532668308634175
BWX4XDUQB5SfAE8W,1653532668408600164
vpcBKMnR2xRev0V6,1653532668508670726
X384EdSOgt1q7AM1,1653532668608662899
xzCGJxfKs6yn5Rsa,1653532668708682869
S0cfb53Hw453CS2A,1653532668808709190
PCQg7500AwlFOdnq,1653532668908767012
ePVDSWVOZaQl0QvN,1653532669008685612
dL4kP2iZzUmN5XBh,1653532669108740989
wfvNBQjky9WxaRIB,1653532669208817051
lKt8NcfM4Ph9wsrq,1653532669308739669
XmDjAxR64x1cNKn6,1653532669408743398
efE1FrLJG2SCvH0Q,1653532669508760571
1C797ZGBUHopZZvE,1653532669608808837
C7DRyZkCbBMUQNvS,1653532669708824177
Z2bgbpp45dteBnsN,1653532669808895758
u4nrdX3CgQh7ncXK,1653532669908863728
e80EynI3RBfayWvr,1653532670008837050
aiiBEjNu94zueWCJ,1653532670108854686
dAVbyncNwHvvlqkL,1653532670208902859
XQWl9udHwd9b7Msk,1653532670308944385
WNJSAvp4BkxwZhG6,1653532670408918114
7mpFeSWb3dABz2vU,1653532670508890547
PFuX8kZHSXC1ES5M,1653532670608925868
CuZrN5QQiYZgaT8x,1653532670708960264
g2Sok14DYGCngI7s,1653532670808965900
CehXj5wPdV3ByB8e,1653532670909055129
EYRyaV96jMrNewFq,1653532671009013562
avOH0KhcnknmuuO8,1653532671109025420
Qp4yIE5zYuMCra0P,1653532671209010316
VMhTeM3S4pCyjY49,1653532671309030360
M98eLBcr5y3uW1K1,1653532671409033052
O1T0NUQRJaO29SAV,1653532671509051077
ZG7sRjjUgkPCmjC8,1653532671609068010
id657XUR7sRGJZjs,1653532671708123799
prjEYSjCB8PxrZ3X,1653532671808105436
A7cHe4gmv60Cfk4T,1653532671908162887
Znh5EQIPWfKLELsO,1653532672008177894
SSd7VIrQOpc1XeU6,1653532672108160993
QCCcaU157JQLeJh4,1653532672208195555
jIBEY0ewqEwLrQSF,1653532672308176840
acr94sEBBcUnv9rd,1653532672408137366
