gcSfU5TjLFJvw8vz,1645780791328146972
kR4qwxIEwHgMfKuL,1645780791428018886
uMyMPR3ieMbaTWZD,1645780791527960206
yb4sWM4QdimG0ebu,1645780791627967971
yXGNzK3deeE7BlJ7,1645780791727961421
LNzph1GIk0Zkf8dd,1645780791827944612
grzf92GofUtoECvZ,1645780791927950340
XsOEtcXbd4MICxvs,1645780792027924605
osVyvmkaEbMSoHzJ,1645780792127883074
7MY0y3cZ7wrJtlAh,1645780792227992986
dddWNN4czQ2lf04m,1645780792327921196
ManKdNukJj4ASCp4,1645780792427888961
pTaDodnl3nWhnZT9,1645780792527885874
9ESnbMXs3Z2WjqYZ,1645780792627887806
J8k5jXrlKLS8uvH2,1645780792727963404
8hpj3Ka5saZbQ7Ah,1645780792827893335
DsnxPciix8oq13s9,1645780792927944359
lhrmzRrrzORQVb5h,1645780793028007587
SscpSIXQQJGRN8b6,1645780793127900815
nQskricq63EacKF2,1645780793227922358
Arsd7P1XhFw4NVA8,1645780793327931586
v0skiSZnTnN45c6E,1645780793427891425
RypYMo333z5OTDWO,1645780793527989022
DO9upihIT2KXeRj3,1645780793627885751
NYZhMckPZnl20HRC,1645780793727954941
dY6SEnjfp3CRSvUo,1645780793827909947
R1VldG8A1tD2AcEm,1645780793928012860
AKCM5v1uxEJN7lBX,1645780794027933180
mhINvRXwKkwTMAFU,1645780794127886279
SRqVLsPG4idBTngD,1645780794227900396
UzaPO8JgsG7DOMhp,1645780794327914216
mYK5QiLUOwdqjK3B,1645780794427882425
HcYfksJa6RnSlVHX,1645780794527874357
3aaRGtveoWSVoWh5,1645780794627860603
6Diq52Q9TEcEhrki,1645780794727967257
PI9fC4IyYkTNEASK,1645780794827987799
O9ARBZZcl9oS0WAO,1645780794927871953
pJ3zLLxt4QGIZhbv,1645780795027874589
qjKzItb12PT1ubPj,1645780795127829817
sQgBkb5ozJ4YyfRo,1645780795228162358
PmnffMhgk8fek4La,1645780795327996309
S1mCap0Z8367iXt5,1645780795427923833
Jflx1SblaGPIIktk,1645780795527911061
jfxJUvtayxffUZkm,1645780795627851715
CVhDvIzWWMmo5fWo,1645780795727912202
IR6kNxLJuyyOVh8h,1645780795827889226
Cpv65uabEMNJ0u8I,1645780795927962509
LC3g9My1KwNqbWVm,1645780796027950904
JQsPIS0XmMqmGw5Z,1645780796127854836
66GDQCEi6cYi62UP,1645780796227846415
SMmlmnGY74LN1Ou5,1645780796327838717
SAJsKXaR779D9dbZ,1645780796427845112
xNKj8YHFdcac0VhQ,1645780796527876265
d0IyYtPdyYr59Qe6,1645780796627848234
nzpuV498hikfDQ6q,1645780796727864702
QMmwDBaBhPGqpvua,1645780796827904097
sjSNmaUTIC6VcAJ1,1645780796927848399
X6xkHVuxu8nh1iGt,1645780797027863960
PiFBIhcatj3UrNTO,1645780797127837929
RQ7guzdo7RU97k0U,1645780797228098933
SDgluGJmxNEpihB9,1645780797327904791
5IpzHTmNsGWz0WTQ,1645780797427861371
k7BcOVMLqaAYHMhN,1645780797527872932
cWKsz6FrMjoKDIlv,1645780797627821401
NuYlNu7DTFjkZQ5C,1645780797728075406
vO2sUFkpyW7Bmq5A,1645780797827917875
ldt8V0KwE3hnSkxN,1645780797928203731
8xFbCxO8UVIGMNO7,1645780798028026978
yIDRGVOUX3GznDMu,1645780798127837503
9ZVLXtUzMkDi7cn3,1645780798227917934
szU8Ssbzvryh2IbB,1645780798327874514
s4VPvxMFhZwmBjp1,1645780798427875964
gJA9Aj83a7kaNJkF,1645780798527850859
LDcGAyWpYSZh9Ojo,1645780798627824161
frxpa3t88bgWvQlG,1645780798727957573
bOVjM1YsR7aYTHM9,1645780798827880690
8HwiLpoTRUzKtjaU,1645780798927901863
55ER4kITqs2J9MQF,1645780799027881590
cNvxAjOZBMt45UXA,1645780799127863744
XjZcRr5Fh5XoQx32,1645780799227838269
IwxTfL0phutkMOst,1645780799327824293
5QTVFXkxcHj0Fl2V,1645780799427819039
hzwNJxCyr3jBQZ4T,1645780799527869452
zYyF5jAf0tgDegjK,1645780799627789661
edfxaptPscaGCfk9,1645780799727943277
BgOGPYtOQZb2EIMs,1645780799827840432
w1nUqguhHUvR7daI,1645780799927854548
KxWjTQ7txhuBxG1t,1645780800027850702
GmO4TGliif9qIh6c,1645780800127823671
cdK61Pzy6rA289tM,1645780800227837473
wHQNVA5EpC25r8iU,1645780800327806330
l0amPXjUPrWV0Pru,1645780800427809114
fFH8PMMCWOIOXysG,1645780800527814823
yQ1NxkpKZJpZjeSM,1645780800627899958
ujUJ4pUaBmwikmxg,1645780800728017574
Aw18erQDAEkrsCBm,1645780800827874802
ue4yTWWeITL0DGeO,1645780800927875512
CfUoUuzd8jUzuejo,1645780801027867684
InkjJGNZhgXvwBH6,1645780801127871226
rlsLdrykZRjR3SFJ,1645780801227884917
Ez2VDN5v4cqym53d,1645780801327842571
qtwTltBIIujLLweZ,1645780801427835280
ve461913kp0Wu17k,1645780801527815823
u3CduNvCGeXba98T,1645780801627799680
nCanKZq2PoYJpd2i,1645780801727951260
gCLbXHnntJMSQUtE,1645780801827984969
hT1z1p1QcZhRCj9q,1645780801927880752
vVPTkBEdSb3s5x6k,1645780802027917239
O5jPtkpVHXuRG2IA,1645780802127881430
VfbFqpqIOu9UrDCF,1645780802227889028
HwfAeSdwzVLEXbM2,1645780802327840071
HvF5k4M7yVZnil0x,1645780802427841577
fd7K6iE3EXFj9ZkO,1645780802527880656
UzTD3nKzItkzejuI,1645780802627811051
M0aQimSuJfeQFOoj,1645780802727909964
LIuN3EMK75HkoB28,1645780802827851210
BaZuMzmfeQ6rmsb8,1645780802927837457
8TTCinWnsnVeyVn8,1645780803027864888
5K2RJm5xD9px1O3A,1645780803127795709
rWKXKqLCbqpXMcfP,1645780803227815048
wfrFSuAd1xa2JcA9,1645780803327814442
8UgSIzdtoSP844Xy,1645780803427811355
iOBAGLlHHLIavSj4,1645780803527798787
vOWBN73BXSJbUrXC,1645780803627784848
DiKS25jJP1tKSbOL,1645780803728124500
ztWM0XWWzp5Uedeq,1645780803827889895
LzIL41eT1WoT7Am4,1645780803927999012
3IO2quYnidFMGuCa,1645780804027922666
rSvvUYNT4Bw9LgBN,1645780804127835857
wZPkUvYAYlUndfLU,1645780804227886751
7EObkl2muyvDc4aZ,1645780804328005626
exJ6qpGPbkACNThV,1645780804427905744
h54Qo7Ci36tgAUFm,1645780804527863287
PWsGM6dvpl7CEoht,1645780804627813866
rkJdrWLuaDakfnX4,1645780804727870835
KNIeUvZHeeTsR9kI,1645780804827813526
t1ukVFc5QBq5yLAG,1645780804927840235
iQsCKRTy4vpV4Xlv,1645780805027827815
Yfd4tF7JQxPNIXdz,1645780805127811024
xWBFvdExY1SaYET4,1645780805227844992
t68mLE4mBT7S0kPv,1645780805327821368
EaB8BN5hOWFukiyb,1645780805427812003
o5MAJQuSt1srjHkw,1645780805527874416
sv21I5jebyYJhXvT,1645780805627788237
aFdtfVLWUELCV56L,1645780805727916427
18LHD4un0Q6fxz9V,1645780805827848952
EkOrEiNiwgsPmyjl,1645780805927857457
642I6u54LBkG9tmL,1645780806027897851
bADpsYYmFQA1NrkT,1645780806127801209
vkjzfo30ynG7e0SG,1645780806227815233
9d5zCbmP0uONl8oe,1645780806327827868
sYdXKeVIQkN2koIt,1645780806427810115
PMrbvdyvVMGGS3uL,1645780806527801176
ZVqt7KAX4XamJqej,1645780806627772404
CVI66HzbbGr4HjNq,1645780806727867594
CBjJVtpZPNKiDyPO,1645780806827845878
TiUXxT8WhxYyetoo,1645780806927812439
5W5aNu8mHSTTQsrr,1645780807027815426
YJMTmUySPWO3QDrV,1645780807127772265
hw34pBp4bIXz8Oof,1645780807227821252
hA8Se6s1bG41RtU8,1645780807327819109
oVBdf0hGGDGOb41H,1645780807427805689
FAhrEXtnnvmFpELb,1645780807527786621
kWCPUrfk4v9eyAtD,1645780807627770886
IY4V5vIsr55eJRF1,1645780807727816483
vRQQG4ALxHxvQq6g,1645780807827814619
OB9T6SJvVPZmoomh,1645780807927918883
DC7UEGnCVi5vYCau,1645780808027845426
LjNR9gLe3uPpjBXu,1645780808127828228
LcMYs7iOpnHNzrHK,1645780808227993251
ZckiH5LIxi8gtfZC,1645780808328161293
Hvi83QUsElEBbTWA,1645780808427936040
6EsLHBdEtltkOSxe,1645780808527982064
LdmO4GFIzTTawxi0,1645780808627954866
9bLOkzdeiUO7wJjF,1645780808727930612
xVe1jrHiKiJEezFn,1645780808827815915
YYAJXnxEFLJ9d2Oa,1645780808927871309
X2ZErqwBYDOADbyl,1645780809027873481
984ftzt8JCHwCfUh,1645780809127821839
g3vXrrhN33YGeW1n,1645780809227814141
c4ST3JZMToIfRkM5,1645780809327825980
nFbe7I28LaOx4Nke,1645780809427806893
PB5TUenwS4btowzc,1645780809527798324
BaEGqEO9mk6q8oSX,1645780809627780126
zXyS9mObqxTcrQC1,1645780809727854798
yRHmdetQMxESlh0j,1645780809827825545
CwBMgXvUUM7KkJLi,1645780809927850235
iaSMCLkZIy14dzno,1645780810027832852
ww8aR35tOAD8TYpA,1645780810127798635
9HULdEsvAuxotian,1645780810227813789
eiO3jTx7dAG4h3Co,1645780810328028571
Kg7xs0r1uopnXNZ9,1645780810427874781
5xDoO8w1IA3zDElX,1645780810527855731
stTltKmn6ZYdw7lz,1645780810627815293
2wnQ4jPMrRK4f5aX,1645780810727837891
y3IpL2cRZ95TEoSH,1645780810828115691
kGhox58pWQrBURiQ,1645780810927888513
SzGnzqFXzI0C4RTo,1645780811027891926
f8acDgPj5HuZgbz7,1645780811127844598
aDsX4541L5DPUgB9,1645780811227843048
njj0Q9iTOc22Bz9j,1645780811327799202
D2HH7LGTOUqs82zv,1645780811427819318
ljw9secEEcGQcQ9n,1645780811527850324
QO2VkIw6mnzvnyqY,1645780811627796830
fkgXOIlbt21TQ8Go,1645780811727902168
XIJFaEJL1IEoF2Ku,1645780811827855303
nyQ9H9k89jbZqrLL,1645780811927852124
7dYfrr0q8CcLFuD0,1645780812027863426
td98lsGuZrSNgnin,1645780812127809672
QESF6R3EddXqYkqR,1645780812227865529
MyX7qn1NcRlGFT3d,1645780812327807831
gTrmsuyWYVK4DBTZ,1645780812427845337
90exleKN53dIVewB,1645780812527787676
5nxyfvSBOmFbxi94,1645780812627761441
gnzRPImVLNnq1h17,1645780812727851779
Sy38rVHDHVpDDyFs,1645780812827828063
jFJ9V6cqTPhT7gYZ,1645780812927832068
dbfU6xiLSVYdRoV8,1645780813027919647
1nHWrrKIHzjMgHtJ,1645780813127964782
qXluUTGuwoVNazUZ,1645780813227850548
kl3bbOrqNbC1q3Kh,1645780813327801665
a6b2XpuScQpAPJk9,1645780813427802781
3lie9ZSV8eUzfpeE,1645780813527747917
tDGQ3BsfbgpyxX5y,1645780813627749015
JnaQM2tVeOSKB6Y4,1645780813728064148
JmSKxJzWznSuKXtb,1645780813827908858
KR0fUt86FaQQewSx,1645780813927907234
hvIeEF9B2b5L9wuR,1645780814027812759
Ou4qmCwzkLOOFqKw,1645780814127798042
lcZxpi8qHC9O83qU,1645780814227782974
wuIg5FfpY1EnsYkd,1645780814327776757
8JZxzhlGrufywTSq,1645780814427770615
LjUQy7EU9SH1y1c4,1645780814527864527
IBzHrlWid9gZc7Nv,1645780814627791292
qrKmzYG8yX7uXjyn,1645780814727905445
vx5kibSKk7rKEFD2,1645780814828102654
6Xo33291XGv20rqt,1645780814927859753
ptdVS3pAAhUMuhO0,1645780815027801259
DA2GABIiSBiQ3YJq,1645780815127812560
RuLtx916oVSiBpgO,1645780815227844307
xic8usoK2Wk351tU,1645780815327852664
vCMqLNw9rNr2CYO9,1645780815427792892
EyF6r3Qta8wf9n74,1645780815527789120
zTvJrpQiCGiMm4U0,1645780815627780348
0j5rnViNec0lP7qN,1645780815727844649
bjgQY46jKm56oX5o,1645780815827795729
HAe4dMPHzN3OUrj3,1645780815927859938
YPR6UVnmHtt3Qwsf,1645780816027805092
6Uhjq6znT0AwptzN,1645780816127880671
HPRluFXA6ODUK3AO,1645780816227792584
Xp6Mw39N1HHqBFBS,1645780816327838867
ecBYpigv5uQNxYkT,1645780816427769133
NqpHrwdsEugN9rpl,1645780816527776546
R0IHgyCjsa7o6rFU,1645780816627779718
f4jWyMMAH0XOrKAG,1645780816727827186
KSVzQiiHGn5NcKpH,1645780816828023413
MYlIt5TA5yWuJgBd,1645780816927879475
6gaVMJmb6pwj9lyT,1645780817027803555
HilAnCItBplUTw5Y,1645780817127781486
bg3vxpU3eQkl9jCR,1645780817227829177
PxbC8s3Jhpl8jogK,1645780817328077144
UjEPWiT89BtIs5hH,1645780817427856336
1HU99VQoK9w4xbMQ,1645780817527860563
IappHGxQQpgIsMYr,1645780817627798625
d0ykVOYqVSuR1GrK,1645780817727923500
pe96t4UJr8ZkU5Z5,1645780817827829580
5YpZuLPQmHrnVg5K,1645780817927819030
ICOBFsS610oT5OZ9,1645780818027816943
wMiqg7ESM3DrhHA0,1645780818127783115
TY9iPcpOabrfzOot,1645780818227779195
lWkPbwrx02nfJvfl,1645780818328023533
RpRoPGCzq4epQRjB,1645780818427829095
xRaXLPSJQFzh8eSa,1645780818527780601
RuOq8ZnybSm1rTBm,1645780818627799439
ujJD7mXXzWC8Adga,1645780818727816908
V2QdbEaCeKCTnNFf,1645780818827785728
6ZsDLPiKtvQ4Y4c3,1645780818927825067
72egECrqU3JHOZuS,1645780819027782758
6lgP8Mh2F84nCgoH,1645780819127735282
gRyvbnj6q1LEYGee,1645780819227751565
zI37fk9uqDg1rUIY,1645780819327803552
tERV1Abr9w3hAgJ7,1645780819427768113
yKFd3MWtYCuPeBxY,1645780819527756582
PO1RZcGgWIOfyhmw,1645780819627818846
2zY5M4wuGpJu0HQN,1645780819727793907
dRmA11rWHFBDuv9w,1645780819827763672
vfzFju7xjQqhfG2J,1645780819927818770
gpThoKD5XMISGPM9,1645780820027811850
5MOoEVkxtacZoeqU,1645780820127765504
RHAFaLK7icXw0u55,1645780820227783398
ETrSwbNpBzMydCS5,1645780820327792255
SaI2wd7cDfYDXdGj,1645780820427761650
48B0jYptVCp6MH9m,1645780820527800359
qSmm5uMGXuU2VilZ,1645780820627777809
qwZYSMPvWE1rTBdJ,1645780820727895184
dQ3gIPwpJOpm7aLv,1645780820827777561
UuTuFqpl4qcYzGpa,1645780820927788085
etGwIBjaXYMc6gYa,1645780821027750535
YzUnoHZs5BO5PEf3,1645780821127754799
5uxN3gvYCGBIwhsU,1645780821227877489
eKGSbpJhyhkOtNPy,1645780821327911828
FNKI1FrEV0URfLuJ,1645780821427857482
fAkFx3uvicHazhYF,1645780821527788451
2sV36KFbIi1x3tFg,1645780821627819790
1xty0nrgN7GNmnao,1645780821727821517
f3pjO3JelIcmBpSA,1645780821827816116
mK8k5xQT4fqoSOc5,1645780821927771677
RQpnR8QCQ2wZpMjb,1645780822027755997
gpJmkjFnO3bqREuq,1645780822127757373
cjc3p2DF29mrVTQA,1645780822227766286
Ijw2SBppEPdddXRD,1645780822327757051
E3E35PG7Y2w1VM9l,1645780822427733482
55mWEbJQ0u1bQTme,1645780822527763562
W0iaNyhv1cvUy2G2,1645780822627752419
82WKbplahm97Fumk,1645780822727765147
sSKGQz9Pb4uY58YD,1645780822827742578
84VjrGHY1ReELQwD,1645780822927753621
sGTGEdgpfYLigtvo,1645780823027736774
xRVmfnLeCzrVNngF,1645780823127718373
2AVGl95OhR7LI07G,1645780823227732193
Pb23MLfYIW1fKhsM,1645780823327955382
pMaaVfxB42UL0abQ,1645780823427808241
BbRVx63Fd2tvjlFZ,1645780823527801987
5p7bS2kV4Cq5mRTv,1645780823627757419
0uQvyR9bT2WDljkr,1645780823727847553
YrQ1u8WwKMz7lQ0j,1645780823827781263
IPfHqosIqNTZ6DQf,1645780823927986878
2oeuw8rHSoMBFMuV,1645780824027783811
lZmaNdsB0Lj4Y9hY,1645780824127805557
wJTsRI9t6V4JqznZ,1645780824227748063
WZ9sCz1AKkDqsuPo,1645780824327784549
Eqgd8qXCJZU7WHh3,1645780824427758907
oovzou96fMxXFKJR,1645780824527741172
Az4GnbS59uAfBrgy,1645780824627740696
eZxSU4Y9PTeenv3v,1645780824727820775
s7BghcjqWtVgjAcN,1645780824827806818
jZpDdLK0pwearfUk,1645780824927777768
nfOUF7IkylOhv02f,1645780825027752570
ZpsABBBy7nWzT0jE,1645780825127742890
e7itCyb8jzqfzqIW,1645780825227728359
gAfrJonRZJQ0K7Ey,1645780825327727197
CupOsRWcOKFMBXqr,1645780825427736369
fVgzHTOrkop4t405,1645780825527746505
yoRpDxPbGexR9oGm,1645780825627730955
HulZL9O5vD8oF8tC,1645780825727764108
uK17GQjU2et9Q9vi,1645780825827743465
3fFMmdRioZU4gMGa,1645780825927774304
eFgudNMd1FmQOf8P,1645780826027736291
KLl7yBnkiHoOd2xI,1645780826127720408
HbAuyXVxmHN9xTWH,1645780826227727617
oGMkR9V9RHW2IRIZ,1645780826327729956
2TS0yvviDHr8kONZ,1645780826427783406
ckH3tmAI2gLK7dr9,1645780826527766448
4H72D1lOIaW2wtZY,1645780826627740454
dpbVZklbQ4tWgjdk,1645780826727830625
0jlBkUZ0230zxYXY,1645780826827849372
N71wrlYFpPjV8NE7,1645780826927749415
4xImRqmRrmQmKwLh,1645780827027726902
1Keq5A3vZnOg8cnC,1645780827127691500
X5yytkOlUoXpiqUj,1645780827227758227
96XEGb7oOUUW4Hgc,1645780827327721955
KcaCMwxojSdRH69Q,1645780827427733683
CgeRHkFdEh7IwluE,1645780827527730836
NTQjNLW6o9Y5FfVQ,1645780827627718916
L7rbp4C1jIIf3ArR,1645780827727770347
bI8zde5PmbSzGvPa,1645780827828442275
3E9qGLqzb8cfGU4s,1645780827927986765
kCpNpulbUDak9yIA,1645780828027793197
CRyRloQMu1zBV33F,1645780828127732055
Esa3kJeEXCxeAFoL,1645780828227760227
hmmSZAmTBmeenfr1,1645780828327766584
VQ4GjgSGtPs1fgMK,1645780828427724497
R6kyHWRQG454ju5F,1645780828527743947
K8T4otIhJBhwp1GG,1645780828627827026
8yCNUeljionPjqe3,1645780828728161863
y57lzQQGZ7AO9QfF,1645780828827784778
OpcqTNX9CIZt9Bw5,1645780828927754765
H2oESFS1McPT02iM,1645780829027732586
sIAJeiTo02h7BdBQ,1645780829127705628
fze5E44ZgS2gSj0I,1645780829227714115
1Bcft3Tt3AzEmAfR,1645780829327695213
9HVOMZv01vfSefkg,1645780829427748422
qMLhNpZQxYdjiI9r,1645780829527759872
XeDrB6sD2XdgCNM1,1645780829627701026
iii5VHUQn7AVPHLu,1645780829727817605
vWm6deHfBuLLIiKy,1645780829827731222
O13rIXH4cPZ1guuZ,1645780829927929115
Rgg2KvhTo2m4i724,1645780830027669604
83tOZ9SBY0BDs5kJ,1645780830127723183
lOJ3K0W81GChNCmT,1645780830227727966
FdqomIyJG9U9EESx,1645780830327742657
dm0xkU3lkDR6PBZc,1645780830428019327
oPRZgPswWM5kYWhB,1645780830527769260
Gf6097ktKBzhMZK8,1645780830627719784
wjha6XVcraMQ41ZK,1645780830727770715
geJnl1g4AglUD3a7,1645780830827782332
mIgspBUhjo5one6R,1645780830927705171
INE4Mt6WZryktZpf,1645780831027693936
pVWegyJQnOCY3G0J,1645780831127671590
eCL05RVcHRKAyApn,1645780831227709817
fLQKIji56sb98ZQk,1645780831327692860
mmlrDESSdmccwQNa,1645780831427738235
jns1XY6bQgiYF8J1,1645780831527677334
u2r6EJYp59R0ZpaI,1645780831627679432
aQK5yOgO2OuIXBJP,1645780831727737770
B8TNR0DV9cVgP3w0,1645780831827706720
TG3Pdklf8fxdpF1y,1645780831927785114
LUKlSXGZ7jFVkCTB,1645780832027696972
QWa1GLhNycylpzkB,1645780832127664052
S4usZASerf9ZpckG,1645780832227750613
9IHNbwiZXhJMe3V4,1645780832327688285
5PveXNGM0Qtq2d69,1645780832427718290
tLXUGF2nuL7XObbR,1645780832527730036
yW3UrJqqjkgkLktF,1645780832627705338
5QhJej6W4C3Qndrl,1645780832727780991
9uFzC4pvmTf5DXKG,1645780832827711238
v0aXjg4os7Cdk4Ns,1645780832927769336
wcr8ee2O7fUKCmY8,1645780833027677194
m8fWnjIdpUHZWePT,1645780833127665292
EEbrsdFxHjFTWoZG,1645780833227704630
wFkjw2NjVcH1GgUU,1645780833327703358
v4JlfZjwIyOmmx3j,1645780833427721789
AnQ5oloJN5Idkl6f,1645780833527668054
pPQSy7NF6lzqi2Xt,1645780833627684912
oywajkt5o9iYumBh,1645780833727786305
AZA6fXLjGLZyL7p7,1645780833827703719
3jhkSapGiWmcGvKQ,1645780833927799723
SSX7xqqD9Q9TVxaW,1645780834027799710
gIE8q2MYW8Bm1TBU,1645780834127683087
vgbsWQ3eoC7H7hno,1645780834227723129
xzuo1HKXNTIPwTrp,1645780834327648394
9SffqiHetOv04gm1,1645780834427970676
ghphy8DLbViYyZL7,1645780834527751664
01kqh2VYOOXS5JUl,1645780834627721744
yHSwPfG1AwX6WqDW,1645780834727708731
pwMVwp3KEYnJsF4q,1645780834827741069
WUlu8zvGvQNPGYv4,1645780834927688168
UGZO3cjF9UY1japF,1645780835027716988
3Y9BV2PRQmqfLkjn,1645780835127671067
yGC1qtHzNn06MoJP,1645780835227686239
KRYqTxFsk3V3nEol,1645780835327667301
UynKr2IEpIIB4caP,1645780835427670362
36DU4SKmVpnJ1b2T,1645780835527713645
YnmPp4cfMuoPUPmV,1645780835627720224
TzyVRIHw82D9cEbA,1645780835727772785
1NXrR9Ul2IAWfw09,1645780835827730050
tyeKGuFMwQUYe5gg,1645780835927718870
SEVtNzeNHnsxhs6b,1645780836027689413
oit4c6PZVt57wmlM,1645780836127646511
0GDLFrhVcZSIPWtD,1645780836227681905
EkHppeMKVRPRBBl9,1645780836327667374
RyTfoAAQjci86ZLI,1645780836427901489
Ia77FTPktoA2zvCP,1645780836527698829
sf4gnC6WmncsKxAc,1645780836627673631
VGhij4RarbdoUnDM,1645780836727731821
QF2DR7jDsJ3AEClj,1645780836827725512
SSS9VtkMSL8u8KHW,1645780836927990775
ZHjzMQACjENxQ8eq,1645780837027815448
Y6z3xhNP0WK6qZcN,1645780837127700621
oLK9jVLShgN5o2vN,1645780837227759496
8sO4YkTYGlf4IFP5,1645780837327705984
biEKDXlsE8v0AoLH,1645780837427691878
gkJCUmliWOkod7tC,1645780837527644717
p5V0dGspMnpVbBkG,1645780837627649334
v3SNnB3JZn6BuxNk,1645780837727701746
3ske6bTTMIyyTgCM,1645780837827685696
jchWmkoLVuUQps8q,1645780837927717868
iqUpRvIoCEkdsu0b,1645780838027703263
Wf5IQtcvl4JbwRRf,1645780838127673879
IuShpiT1wDfo7dNc,1645780838227663237
ISsgKSa5XtgRL64b,1645780838327632057
0WGnEkp8xSu33HdJ,1645780838427647970
iT02wa7RRmsksxLs,1645780838527708049
TafgKSoFsjGvytDg,1645780838627657388
NBgHjoiAaYvSVEIx,1645780838727751097
oxd6ORMG8aA7SNln,1645780838827728158
WS4FGkPoIIEoVWjH,1645780838927744441
RMOpli6uIG1ibmV7,1645780839027665910
EZMSHjEa0SMVw5kO,1645780839127641712
P8DAoH45V5n6qJB4,1645780839227674569
qVV6FjgDA0g63QUS,1645780839327634426
XgaJxfMTiAXYRjbF,1645780839427656024
E4LRlzevzI20hUQC,1645780839527667178
A1V6esZM06tRnSe2,1645780839627626091
W0RFz4BxMBx1fODq,1645780839727732873
Njw1ZTNZXEyLgcLA,1645780839827665472
amQYqZVBkQCPmQD9,1645780839927809958
77AeaWD6i9PNjkXK,1645780840027673797
UvsJULSCjecW2nd7,1645780840127643766
vmlTGwZy5yLpgr79,1645780840227654457
kzSDIsP1W1VXp9ei,1645780840327648703
vOB9Kj7OfRBMIIT2,1645780840427668208
HtFXlfYFe4mRBP94,1645780840527637751
lJD32IRhjc11uU29,1645780840627630460
LHe6uDMXF6yOT6SE,1645780840727645317
PdIRvh6fK8eCagKw,1645780840827648045
wy2q9MNMTKkwQA9n,1645780840927933197
nREj6KMOQ0b1htxd,1645780841027755222
pzRxMnHn72jVAqIy,1645780841127719153
HUfOmzmDzLCeC9F0,1645780841227694251
6hxQSCDZEv2NlIJ1,1645780841327680053
kyNUv7fuRrXd0mb5,1645780841427656577
RWVtjjQveQINibOQ,1645780841527682027
XlvSraLISstQcVV4,1645780841627640977
1zvkiKgKkwfRY4r5,1645780841727741278
nkWeLrwljq9LJdNK,1645780841827682969
cH3IbhaJdFk9HaF5,1645780841927662993
KjhdaeOJSWcl9y3l,1645780842027651684
F61qnb9Rosa6Sn9k,1645780842127633115
WqM4SkLuEydNuh69,1645780842227703250
l5xZg4yTwWZMIi5m,1645780842327641497
YRrz9CtO8Vl2Aq9v,1645780842427631150
v6UaBQ35xaQFIV1o,1645780842527617915
wqn53fT98DCI1LDw,1645780842627626883
SgWb6Xe174GPZGCV,1645780842727669444
6xZ7a2HiDTyEmABC,1645780842827641579
ofluDQuIUAg4OsXT,1645780842927808177
n6aO7p4KG1X3BgDz,1645780843027688460
JzrWPlntuTvILTj6,1645780843127647651
XKSe7XxOYUPhAcgT,1645780843227630990
bXyyJlsBElRXCBdk,1645780843327651810
T6OabJy7nNovyUNZ,1645780843427719278
zJYG2ORE9tjM4K4X,1645780843527706358
OQ5zk44VPsPNKmvK,1645780843627714808
3TY3p0Hwr0ItIKOh,1645780843727665332
lTeVVjyvbNGw7BE8,1645780843827695152
cmBPkSMbQcSjxqOi,1645780843927794786
K2Bnl7gLVxFa6Rjh,1645780844027663885
Du6wLSXj50Q0ooi8,1645780844127654909
prwayctRX82cZlJl,1645780844227772544
dNhwoCgrA4rztX7g,1645780844327858271
O1EKc8m9EmjmV2X8,1645780844427686555
OC5COj3ZnsWePbIl,1645780844527702634
dX5DfpKtZ4f44ADQ,1645780844627654825
MGcjxdGiTmLsNdby,1645780844727707960
Af9pUUh4WK6aVHzp,1645780844827620670
VbYSDmBgYUXu78qI,1645780844927619971
n05GSmIy5OWagVPB,1645780845027655810
5wcGiluFFR7MYxcL,1645780845127607093
vgbNQrJVGo3uHR3M,1645780845227621543
Nfa3QVIduPySLaoG,1645780845327590993
ENcfFt8ThCLzdOJy,1645780845427658795
4u1SNI6Hf4k0cWFr,1645780845527622041
rpU4icXQosNPHgNJ,1645780845627612991
YPlvfpDKtvJUPWLG,1645780845727687292
LnL3PqRChobyTzF1,1645780845827623187
Myv1o6Lh1c9Q8UeT,1645780845927688840
HzVfqwrXjSTCRgBn,1645780846027600827
e6mSC88BiHZrkEIz,1645780846127602222
Dnc1iTWRuxbJdk5I,1645780846227637060
prizxoBg4kXowpl8,1645780846327613140
bO9JpeijbH3D16Tq,1645780846427694848
xBqvyzb2h6oetXmU,1645780846527634873
ttnjXVQ7kTKmZnaV,1645780846627624452
wOQuNzu33ihwERR7,1645780846727638402
KCqqiHvSiFCG0nlu,1645780846827705648
99pX6ha9OF5cgUjy,1645780846927616246
hamPphpXu0lulUpu,1645780847027643696
dcPhJxqhAuJoO3n5,1645780847127585905
bZSOFGt9Gf4z9rrl,1645780847227651762
THSkCHQNBjBXkwdJ,1645780847327658545
U3hjJbqXEsUNjM6A,1645780847427803661
bXvnoJ8x2ISlC52g,1645780847527864722
9kNQJEwX6QsomxwN,1645780847627621562
Up9G8FB9VduihwOo,1645780847727726993
ekEvwAS2ZJoLGlhi,1645780847827679091
Yoyh17qXkiFRebFH,1645780847927746522
JSCFadG9w4TAnAsM,1645780848027578787
wo1xvrUdZh5BHIQY,1645780848127574978
idoHE4QA6tIs1ACx,1645780848227619743
yDtr2LUb1XkIoBoW,1645780848327580896
ocn2eCAj5SZ5al0W,1645780848427583513
wtNyFrZGNHWBSKfE,1645780848527556129
vTEXfMGimplMYmsU,1645780848627564746
fDSs3z8QHcZjvEyq,1645780848727664288
hANKXc1JRmg0YWSC,1645780848827593071
iv4juB99ngriunWa,1645780848927650262
xsuUUtotgSrCwKOe,1645780849027539879
FRN7cUFNA645tadq,1645780849127573106
SXLuP7o3ZfFTzc8C,1645780849227578075
1TIdyXy6b29UdmK3,1645780849327676487
IdyhimkFPxjPXrZY,1645780849427674344
IpBEMALxASPnDkrV,1645780849527821534
LnA4ZsHyn0LLptt8,1645780849627645651
i3M3BfyL6O7J6wmR,1645780849727660805
juTGklEXjYsZPkh7,1645780849827668144
l1Awf9FlXM4bIo0z,1645780849927607334
iSFSBSzu0qTPY8UJ,1645780850027900357
AfDpmQaHlcs3Qq36,1645780850127675530
IGYTiVOgJr3ryY88,1645780850227635128
BJvxiTCT32WRsXXB,1645780850327652948
o5eUY0BsqEhomoux,1645780850427616084
5psnG2GJ4lkvGH42,1645780850527682978
KgXshiiXuQLhEFcJ,1645780850627610150
2T7ITLZW6HRNWVPq,1645780850727714210
BwgqcPNXpiC1vmIx,1645780850827593661
DPDhlmDp1cCX7aLG,1645780850927585277
U277PScC9mD4YV0m,1645780851027622616
tDRcyeRzGcXLAqZe,1645780851127596159
sejF7JRG5cKc8KMz,1645780851227585220
WnZURyRfYy0inXNd,1645780851327596429
C6tJQKZTxr53AR0e,1645780851427594082
EX8dVZG4WEmJm7uy,1645780851527565125
EnHc6o51d92la2Pn,1645780851627569204
ZVO23f6XrrqdykbA,1645780851727637450
WqmccqdEzfxXfNIC,1645780851827595104
qhCtKHQB8En4xMFT,1645780851927622127
Dz3nnezkHxIwKa68,1645780852027614688
FI2XZQhffUkaox1z,1645780852127586416
u4niimQzjit1HxAU,1645780852227608607
FA0nahQD9Alx5mx0,1645780852327599112
oigWS6TAnKB2HJUV,1645780852427599488
TUG29gFIp1Eul9sa,1645780852527567586
pW6HbYRMqbM6uqZM,1645780852627573147
LpOUTblIcxBO41yt,1645780852727735392
W287YYRP9nT1d2Nw,1645780852827621121
pjPIL8Zv5iJ7jF0D,1645780852927617774
G6Imej9lUcn8e82T,1645780853027833964
sRkDZJ6czOjgdhur,1645780853127602470
oCeSunCOOzU05XSx,1645780853227573976
wC8WTF6Sdq8EX04J,1645780853327581759
Bgk5RwRptwqyRIuN,1645780853427600079
U0rvDyLooR3JS5bd,1645780853527638343
lLgCH7281q6S8yqa,1645780853627598164
zhTCdo1PF2hf5IIq,1645780853727702909
dw0s4203s4Wy3KY2,1645780853827581786
z1CdnB23BjiGzz4c,1645780853927679680
v5Sx7S1yXVuapTao,1645780854027875869
SkPGwQH57zM7wOhq,1645780854127653505
TAnZamX7HRf6sDtJ,1645780854227606548
yGXsgovmlHtigYY7,1645780854327621776
iJgJ6BONd2STDLkB,1645780854427617633
ZH1G5x0pCtVqP3y6,1645780854527571546
KcPOolmPlCszVb84,1645780854627574829
sAIw5IlF9G4ZH0fb,1645780854727638816
c2yQlipXugWPHeR9,1645780854827574580
mk3p2o5C49jL9Mvj,1645780854927617160
OtA9bzeTdAsunJ2Z,1645780855027543480
13N4sSEwZvGgH9Pd,1645780855127619522
0XmbVP28Xu1KB1sD,1645780855227556787
4FFwfTrCO5sdCFGC,1645780855327572700
n0lIPnOxhPFqO71T,1645780855427586427
KGNzhC93H1gTFwd0,1645780855527543285
vOGKBeFq2VhOagrv,1645780855627548216
xDseP2ih1O8EJmEE,1645780855727593036
ASWK5mA7HpTpWLkR,1645780855827547820
Yb5vdnccAjrTV3fd,1645780855927630362
WBxbx6gCt92NSkoy,1645780856027781274
LuuwfUZpDOGgRvIx,1645780856127625669
5FY2JCDBMDYoxNlH,1645780856227573896
FfBu9iiN6y3YsLTx,1645780856327602994
Z0xqC81WLYJHv4WA,1645780856427612277
jh2sQkDUhF2XYUS5,1645780856527865282
UPwgYvBrTU8MYeWF,1645780856627636029
KX7iHJCwYDT6hvCB,1645780856727721219
J6ppz0gTSnn0PKFj,1645780856827623169
pLR6ec1ApUGUOQfh,1645780856927607619
USWURAvtxisN054p,1645780857027592625
QUu26vCvNRPlp2SK,1645780857127569871
Swmt5fl2LdNMiQ97,1645780857227617783
u190uKtIlG1aGUsi,1645780857327567696
OcaTHJUdwpxcF6h7,1645780857427574424
8r52ByIuCKSSmL98,1645780857527743966
xjaD24qwrlW5rECx,1645780857627578231
3IyCEE6RYYtIr2Rn,1645780857727612922
j10j3ofuZAzOOCKR,1645780857827555983
SIdgWh73FzL5zksj,1645780857927577469
lqSoc6j9GgXcsr3I,1645780858027537290
7ezcL6dY5yd5jTmS,1645780858127546684
HCHrGy0WcW6TN9lT,1645780858227551467
nk36rgfucGxJkhmz,1645780858327543639
u1rAxrfZNl2jtoAe,1645780858427586311
YDlNrOGTeBlOtXOn,1645780858527593020
WDvT4Y2QI59BrJnP,1645780858627547989
UYlLw1mbAXx32JoY,1645780858727570883
Wk1ZG2zY56jwNVJr,1645780858827556129
12Aw1wVCSSFUk23E,1645780858927565764
k2n04kZ7qG1DlJ4n,1645780859027555788
LEjN9EXbem5Om6bW,1645780859127536479
9OXB94JzKIB6bFrx,1645780859227551521
SYIZmp8OZDnMIOsR,1645780859327537360
kNarRrpkA0olDfgd,1645780859427545254
DyAxlILLU6fmSXBB,1645780859527642018
tl2Ibr2lpqU3T9ee,1645780859627648023
5pbr7vCbzpLSKWbD,1645780859727631195
IdWrTWaGL2HoBwRH,1645780859827654941
l26qvGQv5lLPIwbY,1645780859927602688
X5P0bzHuzYjBS8QB,1645780860027546027
AW24kQzpBICREnzl,1645780860127538588
sMkSJ1MJX5S0DsBM,1645780860227544260
MBO6bLtnd3ErrCaj,1645780860327536580
WKBqJY7rbZpnR07l,1645780860427532141
AVplqgWRjlIavqIR,1645780860527839367
BRHUxOJZv8KM7P5F,1645780860627660781
su0gaX7KGPs9FAaO,1645780860727637768
cqrXC848HOSMlYbd,1645780860827596866
SZJ14QJInBR1K2Nu,1645780860927749333
qER2NW8csbwe9VHZ,1645780861027814913
4Za7xrPl3rkNr7Hh,1645780861127593141
KihhEqH7RDjYi05k,1645780861227628109
XerVVHEY6wtx3AeN,1645780861327563022
rJ259JAYUt6CsAvP,1645780861427539584
omsJ16q72j24ugPl,1645780861527571089
yQo7jxgEqkOguH6g,1645780861627541390
4w031o91XB5PqT8o,1645780861727538118
tvvasZmgIBNCQRtU,1645780861827513531
NrWOdfOAoTYeueQn,1645780861927604332
ZKMPt869HTKiuDAF,1645780862027496857
2gcfJ0n6RJkMy97X,1645780862127532695
TRxKa3UrUoXMzibz,1645780862227559034
MDceBNkdhSxfb4A2,1645780862327515058
U7L48ntaZRwY7WVR,1645780862427503545
h75tUnUBERonTzqx,1645780862527786586
491BwtlVIg1PCWqr,1645780862627581444
buk3fEDtd1h70X23,1645780862727633745
g4Eavz5Dd6apcOhD,1645780862827555936
IPEycRpFTWKR1NUh,1645780862927602423
PgHKeKVHQ550TkBk,1645780863027608669
9QgjrVzK2Hk3eCj1,1645780863127649248
tyJXJoojttkNdt5l,1645780863227529699
JlUBGRTIjBMLO5LH,1645780863327573259
1eoKTa2MUkh5dmqx,1645780863427522450
VJ6mkZ4RjOl7R6OT,1645780863527489437
kAlBinWCXDGBy48R,1645780863627497091
NED6lGVUeGZ4KxV3,1645780863727698317
5GEo4kybwCmsHsJe,1645780863827542786
4XiolEINSsRnnwqr,1645780863927714309
B2dFnbqhmbZ3RqfW,1645780864027584037
LOK6caU2QtpEod3z,1645780864127504617
egEPF261bd23TiZn,1645780864227534289
6rtgRLisDW41770l,1645780864327510369
lCAyEEyqr0rJiQ6m,1645780864427501096
HxQgJ7YWdaVifVSQ,1645780864527563657
faNrpLheLWx2w3oB,1645780864627507477
1FsIMOmxzHdek53P,1645780864727591723
gQGTjw72S54N6rW5,1645780864827498896
4MLQl7LiOyK82NVg,1645780864927540234
lm9UiEX8HZVOQ2RU,1645780865027549554
Ons7sDpHAANAVtqH,1645780865127493393
dxlJBGRTqxrGxGjL,1645780865227502009
3bRwnEBxOW7sNv90,1645780865327492200
ssJ37jWxgLBbauwb,1645780865427504779
ULVHagCwBHoYCvX4,1645780865527561951
mo5tXaoBvzmTsh5M,1645780865627487642
2adaFnXQ4JwGFRI1,1645780865727662517
ENsjxgvrdfKVKPpL,1645780865827485468
0QvFDQdHkZXxznyD,1645780865927555954
Bow6Upx7VIbpfQAd,1645780866027541497
r6s2WTKE3pB0d7Dm,1645780866127492743
v9sPzqVS66HjWSNL,1645780866227483415
WDO0hgFiVOi6WvsR,1645780866327481328
2lrzZMRdQjMw9hGd,1645780866427483148
vcdcIqIlF0qltgCt,1645780866527465116
R1tyLKbl3wgCdwnY,1645780866627464177
WR8mFOXUMLDD2O7R,1645780866727563589
P0QlKzUMtAWX4K3a,1645780866827528928
lAMyYsTtDg6D2DfS,1645780866927505989
D3BW2fswoORqiURR,1645780867027541013
clQ9br2nV80YMdyX,1645780867127757573
g93hmtdYI2PyUoO7,1645780867227561283
XmG9dGu6OsekWcGA,1645780867327526936
jJrUDS2TUPPzDn4j,1645780867427530108
XIqAYkFwatf6UvHB,1645780867527544206
C8fNbgo35E0Hz20X,1645780867627501175
KqfqYsl8mQFEJUPT,1645780867727558587
a3r9jdDmpB3pE1KW,1645780867827489537
rxNPq8YaWlmnDBGn,1645780867927544172
C5vth6gWHhJTjd0Y,1645780868027481085
ZLyNTUvxDhiQqwB3,1645780868127482313
04whAaDQIXtz8rXf,1645780868227475244
CT2dxxY8eGWVBgWB,1645780868327491934
kQst13HJY8Ih0nMA,1645780868427499384
HNoCKKLxbrQkVwvG,1645780868527554149
Ml7LoOeLWu0UiMfz,1645780868627503691
hR92lUxKKN4pHz3b,1645780868727591474
k8xXWbq1UqVAA89s,1645780868827498906
ZGsLlpf3AiqRhu2Q,1645780868927521874
2zvXZlY3Z1BjAIZh,1645780869027749248
YR2JEgKOMBp35sR5,1645780869127639013
rKaO38Pc8aKIstzR,1645780869227537075
L0iZe3y0El1HdRMT,1645780869327562339
jxpn3FNBphRibP7u,1645780869427521067
NpRzsNx69wNkNiD7,1645780869527852497
d3seGFo5xFlWcsQz,1645780869627821354
ipwaDtfMq04BiIGJ,1645780869727587009
J6yXMmcHzOlcEBZw,1645780869827565088
yUVBNAVBAaLrqZ87,1645780869927542742
g6e0qGHoc2OrBxl9,1645780870027517506
RGJnOowZMHOCrWJX,1645780870127522067
bvXRAmFmmdbxZN4y,1645780870227490203
bNj0CgXWxvjmP0H0,1645780870327485319
wmS6YfqKHSFonKmM,1645780870427477473
hWKrArO5k5sA59Az,1645780870527489793
ua5SGwlVM0J7K3T0,1645780870627525742
XorhdDnOIdYMkgLe,1645780870727565803
HP5VJq0fqJk9KD9s,1645780870827500605
zyZbCKzSxVmgB8KQ,1645780870927502832
XPvqFtT4ADDVOMNM,1645780871027458412
IuxUFwvAPhqYn9zK,1645780871127476176
Ys8mmbqwm3PBNmVf,1645780871227444645
hS8uM12jitHW2GoY,1645780871327479502
9vKtWAnHBDQWzvCe,1645780871427478322
LIWhJZQzShTSwG03,1645780871527548235
BLwfTjwfwM9uFJWa,1645780871627539425
b3Hscfq4LJUFZUIk,1645780871727564782
nCOHtKuof3iuNEVw,1645780871827508029
FkprOftjwNyWsEEf,1645780871927530126
QcuHvo5aqlSDyv9D,1645780872027464373
gw32bwjYKf2AtEnH,1645780872127465026
riWkUcKKLkVJgdVK,1645780872227499439
ZYM9U5fmkhwbviqk,1645780872327476889
OMUswmBIXeZBH4Vr,1645780872427473024
ary5udpcKmBDS1wq,1645780872527470103
NOgK9paeU9plEKam,1645780872627507404
9Yr3BhfTRoftpbhA,1645780872727528947
xNS6D2kfAZQMtz82,1645780872827504711
V03hfg84UlvJMcSI,1645780872927608383
xuO8v9n5gCRYBZag,1645780873027487537
XcLAISEnD74YhUqd,1645780873127481950
PClKJXN0joYsL6Wt,1645780873227483844
gq1zIEkTLmz3Hnge,1645780873327491812
0PwJwJHd5nVQu2Ha,1645780873427468373
qJX8XHZq2ZtJMXxK,1645780873527460045
vtcpAtTFhydZyv7o,1645780873627768530
CfujuSZwzRDLw8er,1645780873727563592
zGh998Mo60N3vVp7,1645780873827532135
8ko0ALv9m8UhF6WE,1645780873927631047
MDOUJiIQieRb9GiF,1645780874027566201
yUF8qAHaHkHWqoiD,1645780874127487521
z6fJpxhVb87iMnxL,1645780874227471008
IBT8JjiaT04HmnUl,1645780874327469403
r94e5jAgrHNE4KXM,1645780874427467741
T0Snh9LA7QStDue4,1645780874527527802
2hh7QrlG88UARzVs,1645780874627498363
xxff41pBRF4c8heA,1645780874727558034
OLFmCy2I5URUTwMR,1645780874827464707
r24w1r5Q7A2FpeNB,1645780874927503990
0axAY0RbSs5woQLd,1645780875027450847
QNZREdrLnrYcTtnT,1645780875127451464
Ric0g3Z9vd3h3MKT,1645780875227462802
jssxVhHGWnqzhbR8,1645780875327462548
J3606e7zHAgIUyjD,1645780875427462591
obAHGPXmDLjswAyE,1645780875527484948
D3CJhJIwRwEvvv6h,1645780875627694471
UEzkeUUpqDhkOdyb,1645780875727547680
g8tLR9Hq4TjxOpes,1645780875827475242
2dag84TwIAgglfFS,1645780875927626042
n6nDG31KUlHtYtja,1645780876027502456
VKEdOhZgpDKZsY1e,1645780876127712256
empunoCIZRB6Jseo,1645780876227590281
CrRZWyDK9Yt06uek,1645780876327493694
eRdSFninDrrWjTKu,1645780876427478662
KjTrfgBoE4oIwQ1Y,1645780876527487501
pc03PgqaXh4HAOBT,1645780876627486432
5eIiKTXXVJnPioxX,1645780876727501567
OwYocOMA3RPCnYft,1645780876827463517
CvbUM6zrOnE6Z9by,1645780876927533151
5AkgW4oaVBkJjNAt,1645780877027594990
IlLeqLTE6hIdqtbu,1645780877127549329
1JaWOM6rXoAGBK9T,1645780877227465094
4U7snY6tFOV3F4xF,1645780877327461358
OVlkrpbOdkeo4lF6,1645780877427444123
EKy1s2t7OO8cS6ro,1645780877527515961
baYTPAp0uSmwD11R,1645780877627458615
JxRByKGMgOy6Unv4,1645780877727527509
LTVkbKiTmUOyTPNm,1645780877827464644
MoxI6Dfmabr2Nm6i,1645780877927512760
DbRpu9Ggeec530sO,1645780878027434507
mpgt1JdZvUbIGg0S,1645780878127473123
FPF9ZVoBAQGBO8XB,1645780878227449295
wC2vVfUO83eMjdoz,1645780878327442041
236bXumfJ3qf9Mq5,1645780878427416361
Yqy3WSQeU4yDhnAk,1645780878527456126
oFLL760Q7p4GBuKj,1645780878627560612
lIkFjArDDpOuaXeP,1645780878727557765
myit2jI9YMNjEhQx,1645780878827549271
yAAfJ1sWpEONl1mX,1645780878927496795
xTPzCh6i1TPF9pB5,1645780879027458837
xLkELai8o7VY8G35,1645780879127481954
jS2v78b8Z0MgnXlk,1645780879227505496
qVxB3fJsmnQu3Txm,1645780879327449353
uzf15E8fEUJ1z5jp,1645780879427486044
YgzcMIS85q16JwqB,1645780879527428938
uTDzhJcvluukzeXV,1645780879627435610
KW7enZlqPmxhglsa,1645780879727475856
F3YwM8q72kpzMNVf,1645780879827432139
rcJcA4TXoOCV933M,1645780879927504255
6ZJRi7WirMiChBrW,1645780880027558038
lA9vDaR1wbU5eWQj,1645780880127741024
5h8loeUdyApdLeA6,1645780880227643956
nH00rPznySqbyEK3,1645780880327532017
vQnj2HL1P8cinkma,1645780880427463689
1kYq9Xb8zQjve1za,1645780880527540287
PkHR1aSOj36Unq2n,1645780880627469644
badk5Fq5dXyHWvpv,1645780880727472520
f5Nefn2Mq6qcxsPY,1645780880827446785
Q2GWF5ZsaX87Tv08,1645780880927476253
0Lne9n0xupZrfyN4,1645780881027463406
zdaCi93JgBO76OE5,1645780881127433375
k1jrohmgUMX8IsCF,1645780881227746008
WmSCtTTXerfiEtlw,1645780881327523459
sSneAZLctqkAjwND,1645780881427456909
gpPZGt5sikZwbKsR,1645780881527442137
nd5vBOX4FGCwAa9r,1645780881627434883
NYOePTW8B52kQvBB,1645780881727501258
WF4hdbmqpwm0Wtpu,1645780881827457319
QBWpf2vo6yZUrifN,1645780881927493769
xj5ZIpP8lA6G3vAR,1645780882027431774
6gHjgAWm85GzltLh,1645780882127697852
aQGtDdzwl3CnwKE0,1645780882227490266
yTkfeEPmHek2X3j6,1645780882327458068
TxxebwaMxn9t7Mt6,1645780882427459332
pbjTp6E6kw7GzoMQ,1645780882527461930
mJ4LFchAPp3VBuZy,1645780882627639268
WGSJMgO7aVNZJjz3,1645780882727569366
21OFd4N1rQU2I3yo,1645780882827450261
HQ6d4Uiex3BEkAGk,1645780882927484748
9exniKoZiGZ1JYnY,1645780883027445401
wtB1LsdGvpTgxjQ7,1645780883127437555
NMs4gebPuBQBhDjd,1645780883227426004
5ucQkEfg38Kyri5C,1645780883327464898
4vGlZq8T1YegjNHm,1645780883427415015
GsD06qe7yy5nf9zj,1645780883527475835
2ESc4a336iho3waH,1645780883627460507
olIuZuzXr3IWAGDC,1645780883727525845
SeoUCsVHYC5Z8drv,1645780883827435999
N7pw1nUqqkMy0YAS,1645780883927585411
CxuOnPfJZisiMjdj,1645780884027427510
qQfqB7gzs1xqZ6Hj,1645780884127432052
3B7obl7ATzqnhRWV,1645780884227416743
qAL1F0z7zwwW2DF3,1645780884327420729
MKrx5w6XuuKbKp6A,1645780884427415086
xQ9CO8IN3Et3P67l,1645780884527405166
QwjUtnznhHM16Q93,1645780884627468949
oHGCPYXQkQU9Ubut,1645780884727483954
XbLOOK94bV3gwBhk,1645780884827422552
SvvpRSGBrkKLJDCo,1645780884927522372
oXDBrMDRqE7mPmUr,1645780885027418285
iNh9qvLhdd0wqDkf,1645780885127429401
ivoaG1z6F6qfsIUY,1645780885227409944
g9iW23Bfe9ZVKI83,1645780885327407875
DwbRvaXAgLnWeG5K,1645780885427475695
NloQmx5Q6fvPx1S8,1645780885527416570
v1aqb5zFRkl50oNM,1645780885627454279
Z9mL6rkAUdZRfzYa,1645780885727543432
08PbDMqc6af5M2Ru,1645780885827421197
BDFF2xQXbxwGvUov,1645780885927490388
aDVmXJMer2hE268C,1645780886027405190
JLRJJpqunl8iDwbm,1645780886127387065
86YfOuHFuyRx4X9L,1645780886227705661
radAOT2BC8rQ2SC8,1645780886327477298
Ximta38V0YS25ZMw,1645780886427413637
7z4VQ4edCV1DwBLR,1645780886527514864
r7KRBQu9yK94tV01,1645780886627443147
U5Ut79WKeVXYeqzV,1645780886727594670
yJu7kpEi7Nk1tl0L,1645780886827464768
oUEvbiDEBimpZmIX,1645780886927442589
3BclyqU5DC44v2Oj,1645780887027452409
Vcd6JoKSX7G4rYZu,1645780887127396210
jBgfz8lCKpFGsdxN,1645780887227495623
DYRULmxqrDuilTcT,1645780887327426758
cG8bOrlhfyvVbqqn,1645780887427414652
PHHi1EYsRSaBtBcV,1645780887527395843
Ri4oanVFmOiLEY8b,1645780887627398533
pOJrcrj2JIBATnfs,1645780887727457205
Vhg3V9GFXyakWhLK,1645780887827402396
5f9fUqhm8swZdaQ7,1645780887927515493
H4AkEPzjNYTsFnAI,1645780888027383554
QJxu7dgEVdl9DBES,1645780888127393375
GODSnA99idzvO9Do,1645780888227408565
Q9gVmNjFyVM9eaZu,1645780888327383793
xmKixUpd5oZTvkHJ,1645780888427389538
rvpdIYrE1BLgmvah,1645780888527374951
htPcNFGS1pvxXAGP,1645780888627614344
352McrYd3uJnpsUU,1645780888727503646
lr784NY6AR3hZJ6c,1645780888827416708
N7wzwVazPukCkEgT,1645780888927441676
4nZ8A7EIYF05Z4hu,1645780889027479236
Ber87R5UJqg32MW6,1645780889127736129
85DGARZghZlEdR6n,1645780889227667487
3xtAMycgmIhpcCtk,1645780889327447993
F61OWa4B7oPiFTVG,1645780889427422017
QMOkL0Q7G6usGodT,1645780889527496003
uerOCwZJkwzxPTDp,1645780889627418953
pZYAZwGp2AhGyIkr,1645780889727486644
ubF6XnNFjNA9oLwd,1645780889827389520
uUoTR2GTCwi9ESy7,1645780889927460488
3BBZyXmisxpgGlJB,1645780890027371549
G5ch7t8InqRzGN6K,1645780890127374035
YGrVndBfY0Lplcyz,1645780890227486096
iaenRn5EbUEsrIAO,1645780890327402083
YztJa4y94Hwnsuna,1645780890427360866
SRNuCT6mvKcnbkB7,1645780890527407871
j4RJ6PQ8fKvXEg5f,1645780890627382006
8SZItf4pygaZQle7,1645780890727477641
n5PrTpz8AudMbizh,1645780890827392461
8Yx0C2pAgNh56LCr,1645780890927404578
PbisPh0XZbr8JrnR,1645780891027369361
NlRZnEhRZMUfihW7,1645780891127425643
GExdtv8TW0bppPEC,1645780891227416019
