3P,1655713986703041130
eY,1655713986803198784
1i,1655713986903345789
AN,1655713987003492814
S4,1655713987103636246
7L,1655713987203773715
Nj,1655713987303894832
TJ,1655713987404042209
6O,1655713987504187437
CR,1655713987604330796
Ho,1655713987704473394
O7,1655713987804594216
9h,1655713987904739111
Ef,1655713988004883784
Zs,1655713988105030271
hc,1655713988205173963
FL,1655713988305317544
BG,1655713988405442421
2L,1655713988505587743
bS,1655713988605733138
Nh,1655713988705853775
oj,1655713988805974800
OF,1655713988906121751
2U,1655713989006267851
bC,1655713989106389302
ts,1655713989206510235
yF,1655713989306652168
z7,1655713989406794379
xD,1655713989506938646
nU,1655713989607083190
4S,1655713989707204568
7H,1655713989807328853
lG,1655713989907475786
Wn,1655713990007621608
Z7,1655713990107765264
Ev,1655713990207887716
m0,1655713990308010242
eA,1655713990408157305
Fe,1655713990508301054
eq,1655713990608443617
oY,1655713990708566254
gm,1655713990808690706
ne,1655713990908838177
ti,1655713991008981925
pe,1655713991109125618
Dr,1655713991209247960
6I,1655713991309390708
9s,1655713991409538939
Yf,1655713991509684687
d5,1655713991609829066
kr,1655713991709951055
0X,1655713991810075638
rc,1655713991910218479
h4,1655713992010361043
GK,1655713992110497033
u4,1655713992210615893
qZ,1655713992310759865
ob,1655713992410905873
Di,1655713992511051437
K2,1655713992611188576
MV,1655713992711307529
uT,1655713992811431500
l1,1655713992911574472
JH,1655713993011718314
gw,1655713993111854285
MQ,1655713993211972813
mN,1655713993312095341
xd,1655713993412235831
zd,1655713993512379859
iE,1655713993612515756
xa,1655713993712634155
Gn,1655713993812757238
75,1655713993912901413
OK,1655713994013044293
ng,1655713994113180802
L7,1655713994213297997
9D,1655713994313439691
au,1655713994413581368
Et,1655713994513724044
Bu,1655713994613861664
oY,1655713994713979637
Ka,1655713994814102906
tG,1655713994914243285
Bq,1655713995014387054
tr,1655713995114524212
4q,1655713995214642296
SJ,1655713995314782417
bZ,1655713995414928705
Oz,1655713995515073992
s9,1655713995615211595
eD,1655713995715331123
Gn,1655713995815471189
Op,1655713995915611847
gc,1655713996015756134
ir,1655713996115892478
WU,1655713996216010840
No,1655713996316130981
4G,1655713996416267472
2G,1655713996516401668
7v,1655713996616535308
79,1655713996716646948
jX,1655713996816765366
SI,1655713996916881025
5o,1655713997017017017
Gv,1655713997117150935
xu,1655713997217261002
6C,1655713997317395142
fU,1655713997417528505
1L,1655713997517662682
6h,1655713997617795323
Da,1655713997717926074
CY,1655713997818044530
OE,1655713997918166429
pP,1655713998018303107
Uu,1655713998118437803
Ia,1655713998218568722
10,1655713998318680807
5S,1655713998418835170
I8,1655713998518981941
GY,1655713998619120841
3C,1655713998719240315
S9,1655713998819360975
O8,1655713998919483190
dN,1655713999019627368
Th,1655713999119741268
4e,1655713999219878724
HE,1655713999320001162
De,1655713999420149803
T0,1655713999520295648
3x,1655713999620435549
sL,1655713999720555913
Vt,1655713999820677184
JZ,1655713999920798214
Lc,1655714000020943577
ha,1655714000121079756
Aj,1655714000221218861
mb,1655714000321337373
s8,1655714000421478959
hU,1655714000521623342
V8,1655714000621759150
9X,1655714000721877070
nR,1655714000821995712
my,1655714000922117372
3F,1655714001022260922
w6,1655714001122397934
Ao,1655714001222537798
Pg,1655714001322657218
hj,1655714001422778916
F1,1655714001522923540
Jw,1655714001623060367
bT,1655714001723177732
fN,1655714001823298745
2W,1655714001923421165
Tj,1655714002023564140
yw,1655714002123700227
s7,1655714002223818981
Td,1655714002323942531
WF,1655714002424065841
ZZ,1655714002524209983
UV,1655714002624345737
ff,1655714002724484305
J3,1655714002824606374
J0,1655714002924728184
kY,1655714003024870993
z3,1655714003125007525
Sa,1655714003225146057
U6,1655714003325267885
vX,1655714003425413214
aO,1655714003525561171
GY,1655714003625702981
K6,1655714003725852013
dm,1655714003825975823
jA,1655714003926098688
1I,1655714004026244701
jU,1655714004126382882
nN,1655714004226502137
74,1655714004326624151
QQ,1655714004426764887
38,1655714004526908438
w2,1655714004627044804
BO,1655714004727162503
dd,1655714004827285146
SY,1655714004927425086
A2,1655714005027569563
vP,1655714005127706096
YD,1655714005227825314
VC,1655714005327949088
zD,1655714005428067602
Mz,1655714005528182395
T3,1655714005628314631
TH,1655714005728426331
Qa,1655714005828540216
Jo,1655714005928679989
0M,1655714006028818115
uw,1655714006128951759
P5,1655714006229063645
I2,1655714006329181863
jl,1655714006429317711
Yr,1655714006529452652
lR,1655714006629586000
GK,1655714006729696367
fm,1655714006829814678
Ue,1655714006929956064
zq,1655714007030091800
dS,1655714007130223982
r4,1655714007230335998
hI,1655714007330474717
e1,1655714007430619658
4c,1655714007530757062
Nz,1655714007630891410
Wm,1655714007731001778
2n,1655714007831116034
mj,1655714007931233512
WL,1655714008031371231
bH,1655714008131504913
mr,1655714008231635966
ZP,1655714008331751186
b3,1655714008431867646
2a,1655714008532005162
rd,1655714008632139715
1j,1655714008732251416
ig,1655714008832368154
zM,1655714008932505243
h3,1655714009032640074
x3,1655714009132773720
2T,1655714009232885069
n3,1655714009332998974
Ga,1655714009433134898
mk,1655714009533269025
tN,1655714009633403060
2d,1655714009733534983
Fb,1655714009833653259
3q,1655714009933789016
d3,1655714010033923828
PU,1655714010134055955
gO,1655714010234189342
DO,1655714010334311137
4C,1655714010434447561
jk,1655714010534584503
Eg,1655714010634743667
nE,1655714010734855629
7a,1655714010834970071
HM,1655714010935105792
84,1655714011035241475
6z,1655714011135374492
R6,1655714011235505028
de,1655714011335620656
ge,1655714011435766395
TJ,1655714011535906171
hs,1655714011636039577
nN,1655714011736172224
Ez,1655714011836287574
kI,1655714011936424165
9T,1655714012036560404
2N,1655714012136693977
7n,1655714012236805050
aC,1655714012336918494
Or,1655714012437036511
YU,1655714012537171825
vd,1655714012637305028
UL,1655714012737437712
j7,1655714012837552415
zN,1655714012937688506
jQ,1655714013037823320
gQ,1655714013137956337
GS,1655714013238086244
lU,1655714013338200355
PV,1655714013438335669
nW,1655714013538468742
yp,1655714013638601705
s3,1655714013738765037
dS,1655714013838883666
Gz,1655714013939025943
Jo,1655714014039160869
RD,1655714014139292757
Pv,1655714014239405202
Y7,1655714014339519998
0V,1655714014439656053
Uj,1655714014539771035
wB,1655714014639903312
7C,1655714014740014312
bt,1655714014840128979
hy,1655714014940265108
OU,1655714015040400349
UL,1655714015140533904
HM,1655714015240645886
Os,1655714015340759776
oe,1655714015440904757
p8,1655714015541041591
RH,1655714015641174239
Jq,1655714015741288073
Ar,1655714015841404758
x9,1655714015941543147
MS,1655714016041678999
qG,1655714016141812315
by,1655714016241924501
TA,1655714016342038946
pA,1655714016442174539
8D,1655714016542308373
cc,1655714016642440522
Wr,1655714016742552967
zv,1655714016842668912
kl,1655714016942847635
ZX,1655714017042983617
ry,1655714017143116859
mA,1655714017243233953
pv,1655714017343349491
zk,1655714017443486103
4M,1655714017543620456
Cu,1655714017643753772
cl,1655714017743868995
q3,1655714017843984404
tf,1655714017944133682
B1,1655714018044274406
rn,1655714018144416925
cN,1655714018244539983
fZ,1655714018344658669
GN,1655714018444800226
Ko,1655714018544937265
sC,1655714018645070507
mf,1655714018745200860
Kb,1655714018845315455
aK,1655714018945455475
Mc,1655714019045591087
gW,1655714019145725182
UG,1655714019245854980
GL,1655714019345970371
I9,1655714019446094077
yT,1655714019546233634
Bp,1655714019646366728
Hl,1655714019746498453
Bu,1655714019846634066
KR,1655714019946769567
Fe,1655714020046904736
F7,1655714020147037479
o2,1655714020247170019
k9,1655714020347287521
bI,1655714020447423894
Tv,1655714020547560581
u7,1655714020647692676
SN,1655714020747825382
Li,1655714020847957681
id,1655714020948095054
re,1655714021048230130
70,1655714021148364410
SM,1655714021248497228
jd,1655714021348630712
G3,1655714021448766845
2T,1655714021548901903
gI,1655714021649034683
aU,1655714021749167001
IJ,1655714021849298782
dt,1655714021949435636
b4,1655714022049569658
pU,1655714022149702383
BF,1655714022249834738
rX,1655714022349967908
vZ,1655714022450082207
8k,1655714022550216470
BF,1655714022650349214
jd,1655714022750463291
bS,1655714022850595239
Gp,1655714022950733890
WH,1655714023050868671
IC,1655714023151095211
Zr,1655714023251234288
gp,1655714023351374533
AI,1655714023451521388
gj,1655714023551660040
KT,1655714023651795747
DW,1655714023751912584
g4,1655714023852031662
1b,1655714023952146944
b9,1655714024052281836
Mn,1655714024152415933
P5,1655714024252550196
Qy,1655714024352665145
Xf,1655714024452803519
m1,1655714024552939301
u2,1655714024653072657
DR,1655714024753206494
ts,1655714024853320980
G1,1655714024953458928
8u,1655714025053594284
jS,1655714025153728196
Ow,1655714025253861552
w4,1655714025353976816
1x,1655714025454112339
ea,1655714025554246825
50,1655714025654381200
NS,1655714025754511297
3m,1655714025854625616
OY,1655714025954762102
PA,1655714026054896588
aJ,1655714026155029852
Dl,1655714026255143820
k4,1655714026355262788
by,1655714026455399089
4j,1655714026555534205
sn,1655714026655666988
AE,1655714026755782326
j6,1655714026855901072
Ji,1655714026956040410
2v,1655714027056176156
J7,1655714027156308921
ve,1655714027256422315
Xw,1655714027356540135
Ov,1655714027456683918
Un,1655714027556822164
64,1655714027656956429
4H,1655714027757091175
qo,1655714027857210939
LR,1655714027957336574
kN,1655714028057475617
9d,1655714028157616067
AJ,1655714028257741776
rs,1655714028357882356
N8,1655714028458023380
YP,1655714028558160812
3p,1655714028658294206
Uw,1655714028758408231
U1,1655714028858548885
ss,1655714028958714057
xN,1655714029058851303
g1,1655714029158986495
Ri,1655714029259121019
IF,1655714029359240748
Xb,1655714029459358013
fH,1655714029559492612
zo,1655714029659625674
s7,1655714029759759106
5k,1655714029859877482
xS,1655714029960015322
qW,1655714030060149587
qs,1655714030160283149
LI,1655714030260415656
on,1655714030360533089
Ih,1655714030460669521
gD,1655714030560803213
2K,1655714030660936923
ET,1655714030761068263
2U,1655714030861187307
hX,1655714030961325980
5K,1655714031061460023
n2,1655714031161594438
8f,1655714031261726093
8B,1655714031361845915
N5,1655714031461990718
bC,1655714031562130058
bP,1655714031662264454
4v,1655714031762398739
is,1655714031862518301
iy,1655714031962657734
XM,1655714032062791111
BZ,1655714032162925119
gN,1655714032263060478
1h,1655714032363180671
ri,1655714032463296030
Eu,1655714032563429112
21,1655714032663561860
x8,1655714032763696053
f5,1655714032863815449
H2,1655714032963953475
As,1655714033064087797
Ck,1655714033164222305
GG,1655714033264333813
dw,1655714033364452765
9J,1655714033464569625
ug,1655714033564702244
g3,1655714033664835900
GM,1655714033764970315
QF,1655714033865107267
3H,1655714033965243812
xG,1655714034065377579
Bx,1655714034165510939
F6,1655714034265644837
3u,1655714034365782030
BK,1655714034465918816
vK,1655714034566052935
A7,1655714034666185518
2O,1655714034766319063
Of,1655714034866455201
KV,1655714034966592172
yC,1655714035066726791
Bc,1655714035166860744
FP,1655714035266994790
zf,1655714035367136521
e0,1655714035467279270
wZ,1655714035567418260
G6,1655714035667532861
UU,1655714035767666259
CV,1655714035867787230
OM,1655714035967926202
nJ,1655714036068060155
gw,1655714036168193683
Pg,1655714036268329340
Kn,1655714036368450701
Lf,1655714036468588691
IH,1655714036568723089
pR,1655714036668856451
u5,1655714036768989589
pr,1655714036869111376
kR,1655714036969248663
pf,1655714037069382320
z4,1655714037169515737
lT,1655714037269629284
Yv,1655714037369769515
xw,1655714037469905321
Fk,1655714037570038627
Et,1655714037670171599
gd,1655714037770303497
Zz,1655714037870424433
Qu,1655714037970542294
eg,1655714038070678933
AR,1655714038170843943
52,1655714038270975934
Wu,1655714038371115518
tH,1655714038471256509
Mi,1655714038571400001
uJ,1655714038671533973
md,1655714038771667928
kK,1655714038871807827
Yh,1655714038971946022
Fo,1655714039072080828
ST,1655714039172214875
f6,1655714039272348589
6F,1655714039372487599
5U,1655714039472609628
7h,1655714039572747620
8H,1655714039672880519
9D,1655714039773014733
Jf,1655714039873152892
8A,1655714039973290846
uS,1655714040073425505
ro,1655714040173558793
lb,1655714040273690582
RV,1655714040373830296
uy,1655714040473963529
B9,1655714040574098743
kd,1655714040674231606
aP,1655714040774363580
he,1655714040874501405
en,1655714040974638601
8m,1655714041074772741
SE,1655714041174906678
1b,1655714041275038689
RJ,1655714041375160219
FX,1655714041475296712
R9,1655714041575431204
xI,1655714041675564141
wg,1655714041775697801
uN,1655714041875835793
Co,1655714041975953415
JN,1655714042076086926
v3,1655714042176219753
yV,1655714042276351450
Tf,1655714042376490276
95,1655714042476627973
QF,1655714042576759873
pt,1655714042676893181
Tr,1655714042777027285
Us,1655714042877166426
8h,1655714042977304993
QZ,1655714043077439023
rL,1655714043177571961
qn,1655714043277704436
2i,1655714043377841966
8C,1655714043477965793
WS,1655714043578103731
ZP,1655714043678236891
VV,1655714043778371070
uw,1655714043878512045
81,1655714043978650427
0Z,1655714044078785309
Gp,1655714044178919618
Sh,1655714044279052685
eu,1655714044379191568
Zk,1655714044479328043
cx,1655714044579462426
KR,1655714044679595012
J8,1655714044779729303
EJ,1655714044879867852
qK,1655714044980005123
VK,1655714045080138599
m4,1655714045180271130
jG,1655714045280404828
Xd,1655714045380544915
Cf,1655714045480679279
cA,1655714045580812903
Es,1655714045680947342
0e,1655714045781082799
Ze,1655714045881225126
Z6,1655714045981363732
P9,1655714046081498485
2h,1655714046181631850
aJ,1655714046281766345
pm,1655714046381887932
cd,1655714046482002242
67,1655714046582136718
xr,1655714046682268971
Bg,1655714046782402725
7g,1655714046882524276
HH,1655714046982661252
Lt,1655714047082844561
Sa,1655714047182978574
lQ,1655714047283092551
EI,1655714047383234491
4l,1655714047483379541
MR,1655714047583517980
uO,1655714047683656216
6S,1655714047783798082
ht,1655714047883918466
EJ,1655714047984038646
WJ,1655714048084179437
OT,1655714048184318303
AZ,1655714048284454558
9F,1655714048384594516
DO,1655714048484733567
UZ,1655714048584874858
Hw,1655714048685015558
70,1655714048785159590
MJ,1655714048885303363
GP,1655714048985445784
5d,1655714049085587113
ox,1655714049185727849
zt,1655714049285869160
Qf,1655714049386010563
me,1655714049486151318
yJ,1655714049586291944
vL,1655714049686432032
k5,1655714049786572620
uu,1655714049886747597
I6,1655714049986889815
In,1655714050087032070
fY,1655714050187172992
hm,1655714050287312637
Y2,1655714050387456540
5p,1655714050487599222
P8,1655714050587719903
QD,1655714050687860455
6P,1655714050788001970
6W,1655714050888141725
4r,1655714050988283832
81,1655714051088424662
A4,1655714051188564918
Mu,1655714051288688507
7E,1655714051388866670
mQ,1655714051489009629
K3,1655714051589149126
Dz,1655714051689288993
Zs,1655714051789431934
j7,1655714051889572301
un,1655714051989694927
uJ,1655714052089834757
vK,1655714052189972939
V1,1655714052290114177
kb,1655714052390266489
Xm,1655714052490415189
Qe,1655714052590560649
nY,1655714052690729757
i7,1655714052790872995
Tn,1655714052891016066
KD,1655714052991158544
De,1655714053091300245
EO,1655714053191453131
cn,1655714053291602387
HJ,1655714053391725404
t9,1655714053491847956
6n,1655714053591990602
T2,1655714053692132192
8y,1655714053792273412
3q,1655714053892416465
XZ,1655714053992559536
cy,1655714054092683719
BO,1655714054192826679
Wt,1655714054292970011
Tx,1655714054393110119
gn,1655714054493252932
9s,1655714054593394467
SL,1655714054693536446
G2,1655714054793677666
9V,1655714054893818979
L0,1655714054993961032
fQ,1655714055094102845
n6,1655714055194242287
St,1655714055294382563
4T,1655714055394526691
hZ,1655714055494670152
0K,1655714055594858576
XB,1655714055694978592
g2,1655714055795122128
27,1655714055895266367
xj,1655714055995409068
v6,1655714056095550641
ZL,1655714056195691677
Sn,1655714056295834453
NZ,1655714056395979470
Jg,1655714056496120783
Zw,1655714056596262800
6K,1655714056696403355
0W,1655714056796546575
C4,1655714056896690018
0t,1655714056996831498
b0,1655714057096972071
B7,1655714057197111477
Ap,1655714057297254550
9C,1655714057397377716
x4,1655714057497516919
vs,1655714057597657770
BS,1655714057697797491
Db,1655714057797941305
GY,1655714057898085081
8X,1655714057998229247
Cf,1655714058098373709
TH,1655714058198522467
xT,1655714058298670670
n9,1655714058398837688
Vn,1655714058498985724
34,1655714058599127927
mE,1655714058699268778
Bw,1655714058799411315
4I,1655714058899556703
81,1655714058999699832
N2,1655714059099841924
rW,1655714059199981479
U2,1655714059300103257
5i,1655714059400246812
aD,1655714059500384182
Fk,1655714059600525441
si,1655714059700666645
1p,1655714059800809682
9p,1655714059900953367
xc,1655714060001096792
a0,1655714060101239644
hM,1655714060201378071
Cq,1655714060301519793
GE,1655714060401639497
9N,1655714060501775404
DU,1655714060601914923
N4,1655714060702054812
0p,1655714060802196535
65,1655714060902338775
Ye,1655714061002480627
Gn,1655714061102620906
P8,1655714061202760684
UQ,1655714061302903166
vd,1655714061403045537
Ds,1655714061503185538
Go,1655714061603322835
qv,1655714061703462742
83,1655714061803605391
lN,1655714061903748984
Fs,1655714062003871800
kT,1655714062104012356
M5,1655714062204150616
XK,1655714062304273673
uc,1655714062404418433
PS,1655714062504559379
Ed,1655714062604700732
Ed,1655714062704841640
ji,1655714062804983604
2f,1655714062905127957
LD,1655714063005271883
VZ,1655714063105412977
1M,1655714063205554571
S8,1655714063305698184
NE,1655714063405843537
Vc,1655714063505963853
6D,1655714063606103280
5R,1655714063706242041
Gb,1655714063806381709
lA,1655714063906523784
B9,1655714064006667823
bP,1655714064106858435
mp,1655714064206974474
3W,1655714064307114754
V3,1655714064407256496
Bo,1655714064507396961
Ge,1655714064607538092
OG,1655714064707678168
yo,1655714064807820688
ML,1655714064907963431
2r,1655714065008105488
w7,1655714065108246490
2z,1655714065208385807
YI,1655714065308526142
YJ,1655714065408666719
Qj,1655714065508806332
Q1,1655714065608942297
9D,1655714065709082484
oA,1655714065809223301
jJ,1655714065909347692
Ds,1655714066009490343
8R,1655714066109632160
WU,1655714066209770125
fT,1655714066309910461
I1,1655714066410051945
mJ,1655714066510191929
qi,1655714066610332654
Os,1655714066710471953
gw,1655714066810592659
8E,1655714066910736050
DZ,1655714067010877738
ye,1655714067111018019
Y5,1655714067211157077
pN,1655714067311276025
FY,1655714067411399028
eQ,1655714067511541549
Ok,1655714067611680237
ru,1655714067711821592
CV,1655714067811965225
LV,1655714067912108339
W8,1655714068012254045
mL,1655714068112398326
oA,1655714068212521145
DU,1655714068312664129
4K,1655714068412860984
hH,1655714068513005469
tf,1655714068613148416
tR,1655714068713288901
ki,1655714068813406942
mx,1655714068913549963
ER,1655714069013675374
Nc,1655714069113816285
9C,1655714069213967196
VM,1655714069314118885
hq,1655714069414263204
pC,1655714069514405170
yb,1655714069614546211
Xl,1655714069714717844
li,1655714069814837718
Fp,1655714069914979296
2w,1655714070015121874
4t,1655714070115264507
Zy,1655714070215405697
LH,1655714070315546626
e5,1655714070415664223
Et,1655714070515804950
UZ,1655714070615943695
Te,1655714070716083532
ky,1655714070816204851
yR,1655714070916345540
nn,1655714071016489248
bj,1655714071116631308
O6,1655714071216771905
U7,1655714071316895280
pi,1655714071417040488
up,1655714071517183715
ey,1655714071617325015
jC,1655714071717465298
u2,1655714071817587469
RX,1655714071917731473
5g,1655714072017873755
Oa,1655714072118014242
Dr,1655714072218155598
Cx,1655714072318299177
oA,1655714072418442553
Nb,1655714072518584520
vw,1655714072618723840
IH,1655714072718863289
3n,1655714072818984572
Oq,1655714072919128392
VG,1655714073019269970
f7,1655714073119410957
EM,1655714073219551111
J7,1655714073319693523
Ml,1655714073419837362
cQ,1655714073519956052
P0,1655714073620095965
0a,1655714073720234230
pA,1655714073820354846
Wd,1655714073920495666
It,1655714074020637931
CD,1655714074120779918
pV,1655714074220919497
Ss,1655714074321044281
Go,1655714074421186935
gl,1655714074521327903
4M,1655714074621468446
qG,1655714074721608063
gA,1655714074821729272
N1,1655714074921873018
tz,1655714075022017043
RG,1655714075122158326
xP,1655714075222296943
on,1655714075322440097
ZK,1655714075422582955
Op,1655714075522726572
Db,1655714075622865356
01,1655714075723006214
4S,1655714075823129072
rK,1655714075923271337
GY,1655714076023414510
3K,1655714076123556035
st,1655714076223697893
YY,1655714076323839973
1u,1655714076423982591
Xs,1655714076524123060
ry,1655714076624264974
8p,1655714076724405573
Lv,1655714076824528042
as,1655714076924646179
Fy,1655714077024789704
hR,1655714077124929192
Xh,1655714077225069291
SZ,1655714077325213446
7H,1655714077425334620
tN,1655714077525480422
pw,1655714077625619022
ff,1655714077725737677
oE,1655714077825876239
Cp,1655714077926013913
8j,1655714078026160197
ix,1655714078126303130
go,1655714078226424175
m1,1655714078326568182
jM,1655714078426746114
ux,1655714078526890233
Jb,1655714078627033295
Oq,1655714078727152932
Ho,1655714078827291902
QM,1655714078927412632
5H,1655714079027555047
kt,1655714079127694887
CN,1655714079227813302
Y0,1655714079327954847
Zk,1655714079428098039
pf,1655714079528240584
UV,1655714079628379221
dA,1655714079728498358
KN,1655714079828635088
B1,1655714079928757226
k3,1655714080028898252
y1,1655714080129038038
dM,1655714080229157379
ru,1655714080329302517
AF,1655714080429444247
GE,1655714080529584106
Xy,1655714080629723540
7h,1655714080729841789
Kf,1655714080829980223
hr,1655714080930102287
OW,1655714081030244239
Xs,1655714081130383636
08,1655714081230502515
0K,1655714081330643968
V9,1655714081430766606
LD,1655714081530908059
DK,1655714081631044567
Eq,1655714081731166186
e4,1655714081831304639
in,1655714081931427796
Hw,1655714082031545138
1o,1655714082131683720
t6,1655714082231802822
VD,1655714082331924016
jA,1655714082432067339
27,1655714082532217718
fX,1655714082632363523
xf,1655714082732485013
fx,1655714082832624263
z9,1655714082932745790
5I,1655714083032887187
KG,1655714083133027400
aX,1655714083233149132
4D,1655714083333273678
bm,1655714083433420872
0s,1655714083533563640
gz,1655714083633703279
fZ,1655714083733825695
58,1655714083833963982
ko,1655714083934086658
Jn,1655714084034228760
wy,1655714084134368306
Kt,1655714084234493483
by,1655714084334637122
pY,1655714084434779150
7u,1655714084534920455
qP,1655714084635062242
AP,1655714084735203159
wC,1655714084835342428
cX,1655714084935464067
ya,1655714085035654631
Oc,1655714085135793216
Z3,1655714085235915003
Ae,1655714085336053958
9u,1655714085436196375
QQ,1655714085536338199
fM,1655714085636475635
Oy,1655714085736616200
Ez,1655714085836755062
w1,1655714085936896461
V1,1655714086037036248
vK,1655714086137177110
Q3,1655714086237316935
jL,1655714086337460982
FJ,1655714086437601826
sB,1655714086537742169
tE,1655714086637883883
lQ,1655714086738024801
Fv,1655714086838165403
