UwMnNc24,1645780553901997548
9waF01Dw,1645780554001904185
9E2F0tQY,1645780554101789341
SufDbjI3,1645780554201850680
fdo0Dr3M,1645780554301785039
ndZlcnil,1645780554401768250
1iz2ZNYz,1645780554501707868
HDCrwVsa,1645780554601727060
6haJYdgJ,1645780554701781030
EF5q2la2,1645780554801832703
RZ20uazC,1645780554901806858
m91ictGi,1645780555001742846
Yp24QiOf,1645780555101742020
vTTyC3yd,1645780555201772341
a0dVYafK,1645780555301742885
he3KXJ24,1645780555401741966
648XkWCg,1645780555502072509
xdc9hamF,1645780555601798387
YNk6vNRd,1645780555701786227
1SxXjxbq,1645780555801812993
2jNkGXOD,1645780555901729389
A0NrY754,1645780556002096172
VnBQBc3A,1645780556102035531
2yhlwIbw,1645780556201823187
2ygGT5Re,1645780556301849583
3mTauYeN,1645780556401803923
MpnVPpfR,1645780556501849800
nNDjdmfd,1645780556601752344
jMtCPJoQ,1645780556701792314
5I0xofK8,1645780556801764654
S8dqxJHk,1645780556901784809
eSSHD7vw,1645780557001760927
Rm6o5vF9,1645780557101790138
BF6zsP8J,1645780557201764681
Xl9S2OAg,1645780557301707781
pcw2irw7,1645780557401767676
b2wfvBo6,1645780557501728443
Os6HHCam,1645780557601731524
xhEy5Ncu,1645780557701762382
xYudNqlz,1645780557801748778
rhemsQtG,1645780557901793951
IzVaB3M6,1645780558001760291
kZ2oufir,1645780558101768002
DdVZRGYI,1645780558201747305
vA5nay1s,1645780558301748460
vVQ4YlAH,1645780558401739467
ID5Cqn13,1645780558501742381
OWcok86f,1645780558601719147
G9Qq7Qh0,1645780558701799376
v74RqFi8,1645780558801854493
QnKGZMHx,1645780558901775741
qsjZyoCF,1645780559001755563
xb331k3w,1645780559101777181
q8LgL4nj,1645780559201745410
r7xQREMG,1645780559301825750
45p3tzGp,1645780559401757961
aJsb2vVs,1645780559501785301
3pWMtJ5k,1645780559601749215
P29oFT4H,1645780559701752648
WrIQrYDP,1645780559801756599
s5zu0Sk2,1645780559901716976
HEOAYStv,1645780560001735539
S0jfTmxz,1645780560102048951
dFNSoaqe,1645780560201865311
fpWeFEgX,1645780560301741874
S2fySWtv,1645780560401787028
WbazNXzy,1645780560501777683
lKPZvFBa,1645780560601742709
2hEHvsmL,1645780560701753734
tQKLwBGT,1645780560801734037
mpQ7KN65,1645780560901742303
iTedgnBi,1645780561001741810
UOxNEij7,1645780561101729372
81T4ChVz,1645780561201922712
Ww6rJAw1,1645780561301794793
dZcJMozp,1645780561401741411
AvAOdtWl,1645780561501727585
uxn7eJ49,1645780561601717462
FA0YJuYu,1645780561701751172
RACmwBb6,1645780561801776846
4lThdzQV,1645780561901762167
wEcYXehm,1645780562001743193
nfI6Yq0z,1645780562101970476
zClvMK0Q,1645780562201756799
6R8hQYCK,1645780562301817065
mnqHRY3E,1645780562401742868
BKKj8Jj7,1645780562501791671
VS1pnzGr,1645780562602024880
QMYouk6f,1645780562701875869
XwwxSyBe,1645780562801766876
GULOn2WG,1645780562901752365
VX6GUM7u,1645780563001775853
idiaLmDr,1645780563101717212
i8oB4xnK,1645780563201718830
R8iEBETe,1645780563301767484
jZsDtz5Z,1645780563401729825
al9vXLmG,1645780563501715554
TaPXYArx,1645780563601763505
GZARmd3T,1645780563701740845
Avh3skaS,1645780563801726111
WjM128FV,1645780563901843950
he0DmpA3,1645780564001749495
NKS9vWc5,1645780564101791168
PH6I0giW,1645780564201721156
O4XQBluq,1645780564301772533
Ps3AiBD5,1645780564401719466
UfCP9mTZ,1645780564501703566
2Zp2EVWc,1645780564601773794
Y10jmuXA,1645780564701755931
naKTjXWD,1645780564801747215
AidKS6rU,1645780564901743241
deUr90Rh,1645780565001723525
0SOmKvw5,1645780565101716884
TEYDj4Qu,1645780565201691187
k1CD53fj,1645780565301792897
h8Yo80W8,1645780565401718330
QstkonqH,1645780565501737466
2MUlRtd9,1645780565601788732
upM0q0jV,1645780565701760998
8FIEDoLd,1645780565801705709
gCMSzAi1,1645780565901726882
WClx5M70,1645780566001795630
CR00PhUV,1645780566101739674
umi8Y3jE,1645780566201705569
F5fEDNEk,1645780566301739724
XxfdJkbT,1645780566401727564
AZUZEw38,1645780566501704664
ilGGoyS1,1645780566601975280
37DHSPz0,1645780566701818417
MebePA7Z,1645780566801746036
jZ6vV93B,1645780566901752783
uIRgGsfH,1645780567001750401
ztWQIVQd,1645780567101713427
81HV9M4s,1645780567201730674
w8lPGmb8,1645780567301712996
22pIuSYs,1645780567401704558
L2GcWgDe,1645780567501685361
fU9oqBek,1645780567601703701
HPAX9jgC,1645780567701777059
lTSev0UF,1645780567801682252
1ipXO2B1,1645780567901686703
WInKRR3i,1645780568001726487
oBGxuu9d,1645780568101665883
NaFGajTZ,1645780568201655927
RI6nKFmo,1645780568301751637
VZ7w0Afm,1645780568401685422
LvkDprqA,1645780568501698280
R6O0nsZD,1645780568601915952
Ae0VtnHP,1645780568701791386
MOJLWy7r,1645780568801690393
rp2efto4,1645780568901690140
zB2m3azB,1645780569001706777
Eyg5jwS3,1645780569101982838
KmMriUga,1645780569201718235
HjEua1xZ,1645780569301686260
CzJFXHQj,1645780569401692563
D5nwzFxJ,1645780569501679033
zK8imnG1,1645780569601727780
UUw4Vrbf,1645780569701725046
ousM9H5M,1645780569801697775
KsGJ6Ca3,1645780569901683060
UjjGUzHy,1645780570001678363
UB0x0Zdp,1645780570101690666
RVBbkEv4,1645780570201664210
5AN9MyCq,1645780570301676383
fu49tJ5L,1645780570401664260
T3JTcuG3,1645780570501662711
NRc8eYCh,1645780570601667422
gYq0W0o9,1645780570701692262
usGo9L7c,1645780570801703935
MQ4yIKzg,1645780570901674423
kcmM8w3o,1645780571001670356
Utoyrc7m,1645780571101707214
UNYbgdE2,1645780571201655147
4GyKayyK,1645780571301723061
YkeghhU9,1645780571401660587
YI8QuDAM,1645780571501701260
bgxHJ9IL,1645780571601679859
PGgyCeGk,1645780571701677162
NvQ4csBB,1645780571801765446
8HZ0VhM6,1645780571901657528
NILePb0n,1645780572001672256
qel2I1lf,1645780572101731837
w9hX2rgA,1645780572201653585
8FBdwVjH,1645780572301736943
l3v9evwU,1645780572401671468
ZhVqgGTb,1645780572501675160
N98N0oW8,1645780572601670167
1hmvATCu,1645780572701859876
U7371xbY,1645780572801707884
e4MIIqtg,1645780572901663484
z13xnX5o,1645780573001661472
EpjNJtFl,1645780573101662386
zIsyFUWr,1645780573201747596
Wr9ph3Te,1645780573301695751
2Ubq2gcE,1645780573401666702
WKbnDqYA,1645780573501707190
6P8Jtd8N,1645780573601663345
UGC9HfnJ,1645780573701686574
AO9A2kOW,1645780573801703599
40HHoqQt,1645780573901780476
FYA69JRd,1645780574001678539
XemoHX7P,1645780574101642546
vFZwzyS3,1645780574201636219
wkIiYiZl,1645780574301732484
FipOzG0W,1645780574401654918
skK8IRXB,1645780574501704998
g57d1Yev,1645780574601679949
GxbodBXq,1645780574701686882
rKFqYDMR,1645780574801682926
xgZF54Rm,1645780574901674506
9WN8423K,1645780575001652476
xf6aobRf,1645780575101889111
veVUrptm,1645780575201687582
VS2aURKe,1645780575301638441
xim0ioIf,1645780575401650225
TPFFyesu,1645780575501645880
GLM5AFsf,1645780575601796053
fuD9JWnE,1645780575701920966
EYEuMXZn,1645780575801721715
um0sPskf,1645780575901682314
D6lNLb0y,1645780576001731135
TB8mht0t,1645780576101661235
PDnjkMWe,1645780576201649816
9UUWMFBX,1645780576301645063
LusfVsdy,1645780576401646162
2jijdhb2,1645780576501642780
uOmejGGq,1645780576601651731
lkM5xXdJ,1645780576701713015
QTwvMXsM,1645780576801673522
HY3uFeu9,1645780576901689362
3gnkv1ae,1645780577001648665
kwjhRKyr,1645780577101636876
oul8SbUh,1645780577201628586
9XZPCTYD,1645780577301716593
8Kx1JVf3,1645780577401697618
ROlqhjgV,1645780577501685884
cRb205j9,1645780577601649206
aGWkj3vp,1645780577701699416
LqqeLTik,1645780577801652811
sRbX8F2k,1645780577901674725
gbmegTnE,1645780578001649658
jIxRLsEe,1645780578101653202
j5I4WynM,1645780578201623672
NMtWbtGH,1645780578301649086
U1t8UgNC,1645780578401652592
wKdHArvt,1645780578501630895
uCwRAjnY,1645780578601634476
5h2eaIt3,1645780578701700982
HmBmSYyP,1645780578801693693
qZe1QYsJ,1645780578901650737
koksVVOY,1645780579001655688
AQCjh5my,1645780579101625343
rxkIUgfK,1645780579201616553
FJLerExZ,1645780579301649319
0fSWAo2L,1645780579401629289
FF4wKquA,1645780579501625425
ldSFJ7aX,1645780579601604543
QtBG56n6,1645780579701978881
lFat2cEH,1645780579801730333
rGBA45Kq,1645780579901652285
im50rdXH,1645780580001689902
XgVcmJgV,1645780580101645687
WEOYrbng,1645780580201622805
pyou46ik,1645780580301706089
snijRFzw,1645780580401631133
tSWdlB8I,1645780580501654232
PXoE6ctv,1645780580601645665
ahpcoXNe,1645780580701658357
J5MiJLeC,1645780580801644512
n8qXJwnh,1645780580901619574
RbvXBoTm,1645780581001643599
UGOGmju5,1645780581101619384
nGn4ZPGL,1645780581201600483
X4qpzdWQ,1645780581301693230
CPyOCP8g,1645780581401626200
fUwRCoUz,1645780581501603744
5H3ceHvA,1645780581601596491
KlzJMTjZ,1645780581701860793
sfv441ki,1645780581801671726
Ve9fTceW,1645780581901645437
tf6Wv2gF,1645780582001687147
ldW86Dfy,1645780582101650635
tY1vZjb2,1645780582201907066
OlipNKLE,1645780582301686130
yRitRO6D,1645780582401635266
1cJ5py2g,1645780582501627773
U3a3mB38,1645780582601621595
ulxF4IS2,1645780582701665823
iAv9X1KW,1645780582801633423
bdcOZe33,1645780582901629096
hd4Rm8af,1645780583001617306
rVuvoKxU,1645780583101595887
Vsb0rwWS,1645780583201635597
X8r5mu8R,1645780583301703400
VBrHHPw8,1645780583401622759
up2g9zAc,1645780583501635321
qmchg9AD,1645780583601776716
F1I0tPRO,1645780583701742000
YGfpfava,1645780583801851969
PxGYxP9n,1645780583901715977
9lUpsc28,1645780584001632965
bJ8UgXsE,1645780584101599139
oW1R6wzT,1645780584201606293
uEzpd8cm,1645780584301617596
u4bkfbsG,1645780584401610807
s0jYYZkK,1645780584501611924
3ll7ilaa,1645780584601585653
zaPcizMa,1645780584701597179
1xLgWBvP,1645780584801617500
CevkBg4F,1645780584901730654
RnM7YxhX,1645780585001619902
V67B3Tk5,1645780585101587261
O5jvGeIQ,1645780585201652286
GD8StAfJ,1645780585301608737
y1QWw62P,1645780585401576003
C7bEZLJx,1645780585501557269
O2qcf83t,1645780585601561461
KBJBMyUI,1645780585701590430
ytmszoI9,1645780585801595529
utNTCeQa,1645780585901715943
fFAKLDBf,1645780586001605357
NVrhTJzP,1645780586101606697
CjIBWaJQ,1645780586201898573
RgtdLHBy,1645780586301710803
WLGqXRVs,1645780586401643921
wKZQeWpo,1645780586501662001
F5ylfH94,1645780586601586990
v0fEIoCm,1645780586701625922
8Scfu6Vo,1645780586801633984
O2C0Y0pl,1645780586901620787
5lVj2enx,1645780587001592590
dRCvFMfL,1645780587101549227
pG0hMTTk,1645780587201554937
Vgl1gYnj,1645780587301601036
JGSJsEGV,1645780587401577913
dQOql4CY,1645780587501588790
KAFeegO9,1645780587601555760
M7B0fwkw,1645780587701584359
CAF2MUYx,1645780587801549199
uwody0BI,1645780587901536391
AOuo5JwP,1645780588001565416
O7Q438yD,1645780588101560385
GEFbilYa,1645780588201825261
gMEeMPvV,1645780588301638380
mpHr6DGV,1645780588401591035
IeXJkVWz,1645780588501567745
hkaPT8y9,1645780588601565233
VCmpZhIL,1645780588701790665
UaAZnP26,1645780588801664265
3XNm0uli,1645780588901615920
cL55R3Du,1645780589001625741
Dzkle266,1645780589101602637
aFfMefQf,1645780589201563384
CnRDhAtH,1645780589301603205
VyLx0YrD,1645780589401570990
VZy9a3FA,1645780589501607237
ItWuYwZj,1645780589601555985
izwP9nfd,1645780589701618769
l0alWPx1,1645780589801584590
xtAVwNfC,1645780589901586301
EA6l4eUm,1645780590001601881
dOAm9nPu,1645780590101546685
lxeHLZII,1645780590201537987
SQnPlQZ0,1645780590301545142
YgjbKBLv,1645780590401552408
ZThgG5az,1645780590501536877
0CGJjYbC,1645780590601536403
wMZil8gH,1645780590701622076
mPq4aCz7,1645780590801584379
dfnskLri,1645780590901584052
W82FebPb,1645780591001578133
wwJf3zwp,1645780591101536324
Mnswxr1a,1645780591201533831
WoSE7Ivd,1645780591301568875
Qxr4WGfS,1645780591401582622
Bw7Et21F,1645780591501545814
nt9klAIF,1645780591601544209
wjU41PfR,1645780591701603382
KWTql7Hw,1645780591801650037
3O8vO9AB,1645780591901553822
3KtmSC1P,1645780592001568736
vTRwq6LA,1645780592101536168
bozKvGGx,1645780592201518527
cMszV0AY,1645780592301639514
I4IlEK89,1645780592401554262
lX3cbOkC,1645780592501601806
ChU6vi3W,1645780592601542998
4tVatd6C,1645780592701646115
fPxth32S,1645780592801664566
a32BRlMe,1645780592901578369
SqiOZlud,1645780593001650875
eNBX0Ihg,1645780593101541901
fcXMfYmD,1645780593201524482
bpN3ajf0,1645780593301535544
XNO46Ggi,1645780593401524680
brDa7vEm,1645780593501515168
Xl6BJtOv,1645780593601535027
glyGSbE0,1645780593701573496
yb22pikR,1645780593801538077
ax1fsFSO,1645780593901697860
yYZIPvD5,1645780594001574886
h9J9kY7g,1645780594101497837
9AiysQNQ,1645780594201515825
NM6EZWcY,1645780594301541998
2BoS61Xl,1645780594401558931
8rtqNyUU,1645780594501510845
6ASxaoNv,1645780594601521574
AR9kvlGy,1645780594701728802
u4Qz3viB,1645780594801610105
mbz7YRbe,1645780594901528131
b2b9qx40,1645780595001590304
OEiKxyGq,1645780595101502718
2gn5bVEM,1645780595201648261
5DRbe3FD,1645780595301784970
5rMvoPtA,1645780595401586867
baSWYgMb,1645780595501642595
M7ewdtGg,1645780595601537306
4hHhkUun,1645780595701552220
JFi5eaGD,1645780595801534819
AgjiN6Hh,1645780595901543770
DwbonrSr,1645780596001554833
ZhYHCR5V,1645780596101510395
glZILpVT,1645780596201518975
TEAoIPUU,1645780596301536889
J5I6xjwU,1645780596401600247
OUlYvq2Z,1645780596501500218
cbpvOKPr,1645780596601514502
ZXepw8JG,1645780596701525027
DaM8JIcf,1645780596801525348
lMEeAGEk,1645780596901612021
r3gFM34t,1645780597001531676
aiiWq2k2,1645780597101515479
c78tNjY8,1645780597201495597
5mnF0z0r,1645780597301562955
0e6MhBFF,1645780597401521869
twjiyUiY,1645780597501496320
ZoPwXv3a,1645780597601542567
gqqgnoYn,1645780597701540555
Sc87nNKf,1645780597801530988
J1LFV1l2,1645780597901519846
pAzN62xk,1645780598001520723
qlQbXwMx,1645780598101487730
ZU2KqMz7,1645780598201503274
OINrJ8u7,1645780598301622576
HrSLrN5f,1645780598401582879
7VGeSccz,1645780598501560719
7eJxzJ4L,1645780598601528837
ZPArW4yn,1645780598701636824
tO6klBPs,1645780598801548627
edX6G75L,1645780598901517949
jNGggI1D,1645780599001538659
iC4CE0x8,1645780599101498962
O3qAEE0s,1645780599201496432
rXx7c0SM,1645780599301609252
Ni21z2Dh,1645780599401637351
CHtQIoWg,1645780599501549359
rLo5ZpvQ,1645780599601532180
KqWxpwHA,1645780599701553112
dHAcHNJT,1645780599801538508
cAssyOXn,1645780599901513237
jLqG8lhT,1645780600001535113
aDON9dXm,1645780600101563064
sfOA2fbd,1645780600201498460
nTVjq2WX,1645780600301524281
MMoU8Vxg,1645780600401511029
gJ3nwYYn,1645780600501511739
EuvEaWrL,1645780600601501579
yL5oNbLj,1645780600701520622
y7E4a9kG,1645780600801523073
Tl2NHa8T,1645780600901519635
U3i2aXOY,1645780601001522253
sTKG4dx2,1645780601101496723
l96LJoak,1645780601201484581
Xc5pCEIg,1645780601301685179
FyjpU7LM,1645780601401591334
YdacHWd2,1645780601501617470
fhLwUvg1,1645780601601522811
Vkohw5MB,1645780601701571225
33zX8Isg,1645780601801795378
wQIDwtDc,1645780601901598015
bWY5SD6v,1645780602001585448
xtdryz21,1645780602101479733
01X8KNoE,1645780602201509535
n4RiycIZ,1645780602301490709
8qcY1gUw,1645780602401530400
Z5nX2qX2,1645780602501498111
p2A7NyL8,1645780602601502006
0kqyK8VR,1645780602701545346
x5zymRtJ,1645780602801550037
UgpWUKYI,1645780602901509637
MgNjchpd,1645780603001530810
RgZmm3Bj,1645780603101497779
8AgsaZC4,1645780603201469545
D1ZgL5wf,1645780603301487274
mJMM0BxQ,1645780603401470355
pXAcaLLg,1645780603501496120
TzZ3Wl6i,1645780603601636737
kdO5iKiS,1645780603701534096
b4ncDk23,1645780603801543473
HCfpXyUy,1645780603901581664
y32Um6CW,1645780604001557875
jYZPqHsS,1645780604101470641
Jf2WP4Zf,1645780604201488851
ECSjBwh9,1645780604301588246
xhbjnmDU,1645780604401495790
KmuB1kbI,1645780604501555185
PdpmfMPt,1645780604601489988
XqaikFri,1645780604701493865
vQPgCdBX,1645780604801533260
N5gPpHfC,1645780604901574378
uUwZpMQM,1645780605001503496
Cy4uDtc8,1645780605101430170
H0pUdyzy,1645780605201432787
1fNqw30o,1645780605301543626
VwLIGlcQ,1645780605401472263
jeLuVv1n,1645780605501431658
voHWmEVn,1645780605601502739
tsbntbZN,1645780605701478468
VudkfGAM,1645780605801781084
uVGQRFDK,1645780605901546295
3SrpgMcX,1645780606001541691
CDI4mrPG,1645780606101438901
j20MIAiB,1645780606201439723
ewZ3CkNF,1645780606301485303
CC3qYfLl,1645780606401460958
rdpbSEpB,1645780606501434816
EpXVyDga,1645780606601476322
7FdJzyX9,1645780606701481255
BaxjDIS2,1645780606801511983
tFcJRRSg,1645780606901490120
Fx9BAplH,1645780607001513274
2OZzK46V,1645780607101429077
c3DnLdoC,1645780607201416195
tQVIpxw2,1645780607301548442
s5D2uyHu,1645780607401443097
Kotdsz8S,1645780607501502862
0JGLx4Vo,1645780607601475610
S06Fv3In,1645780607701476024
6Vn1S3tk,1645780607801724899
plNgiU8j,1645780607901530962
lO2gQYUq,1645780608001474043
WZ6QaODg,1645780608101436679
rzfH0Z2p,1645780608201423834
IPV0rejd,1645780608301641599
0kJPImFm,1645780608401525421
LLCthOXZ,1645780608501455650
NDoNkqA2,1645780608601471545
Eg05IkiI,1645780608701520033
U2fkovW7,1645780608801530613
Ejyw7VTS,1645780608901693064
gHnQ6xQK,1645780609001667589
bRPt98Cb,1645780609101501911
8pLukpzz,1645780609201462325
WxtbSK39,1645780609301554127
ZoXfkyzL,1645780609401444060
NNFUVP5b,1645780609501538677
EOTxDSui,1645780609601488740
PnJp5Lwe,1645780609701478154
9UItQHFl,1645780609801474697
eSF7pKg1,1645780609901455426
g9yrbsZy,1645780610001474692
dtmiEiLL,1645780610101431995
AdFYsSJX,1645780610201410557
sWchoJiU,1645780610301554266
QfK0Xtw9,1645780610401448570
kirwPAIX,1645780610501506372
lV4evN9l,1645780610601449268
slSg289T,1645780610701493663
nTRJKNS3,1645780610801480966
6HzTQF0B,1645780610901478472
i4pbQyMG,1645780611001443349
imwkv3Bg,1645780611101409838
Ucxn0Nq4,1645780611201410696
fnV51TEj,1645780611301509998
Y4Jw0fCi,1645780611401436894
S6RL8czc,1645780611501410067
DxPBKDFx,1645780611601470777
1k02DFjj,1645780611701539190
J2dJin08,1645780611801568882
sRT01SaE,1645780611901434148
N0PiBedC,1645780612001440914
MeCYtwFA,1645780612101409291
wtReeRkW,1645780612201405353
qDUse561,1645780612301537026
3UhE8JPT,1645780612401538199
xbzoXEwU,1645780612501514909
5N6inrEb,1645780612601434527
2hTemYgn,1645780612701469533
2Lz8eOZZ,1645780612801492336
0YNVlJxo,1645780612901434954
f4WQtj1t,1645780613001567108
QVYA1Cx3,1645780613101462633
VwB8JlhJ,1645780613201438733
H3o2Mmpz,1645780613301543646
oLPf4RWS,1645780613401446820
u2cvEXwi,1645780613501479418
S5qloX46,1645780613601434481
aq6vavsO,1645780613701445654
FI1HhYkZ,1645780613801453827
aKSnsOTI,1645780613901534666
RJ3Go5KN,1645780614001429673
vQGWK8sX,1645780614101403254
Qso5QWey,1645780614201388964
r4jhSCzs,1645780614301556729
V28I5Sf0,1645780614401472291
qvU83LfS,1645780614501434909
DSVbyAXn,1645780614601416027
EHSfRRXv,1645780614701466496
RdDU5qVt,1645780614801547984
lx0mGfCT,1645780614901785211
5i22qan2,1645780615001564441
pGfGfAB5,1645780615101438170
nMZqC2iv,1645780615201417288
0igGLqiR,1645780615301483738
YkRMIEN5,1645780615401429393
U2M8BVDy,1645780615501425048
smn2nVyn,1645780615601515091
Dc1YShxz,1645780615701492135
QOJgdgm5,1645780615801447845
h6DsbQoR,1645780615901500629
BbSy6OjH,1645780616001437099
0ioSQjRo,1645780616101392494
8lUjPEo6,1645780616201381019
K0wuOlJX,1645780616301487321
MlVR9Cg9,1645780616401412699
vUaJCz5K,1645780616501495223
iZ18onC6,1645780616601426378
n90AuKhE,1645780616701442736
5BdDNIKG,1645780616801461817
ksZwscGa,1645780616901494342
AFgy3t2o,1645780617001448811
23yuNg6Q,1645780617101454392
rkbE2wTm,1645780617201419010
o0hedxFn,1645780617301439497
DvjEml2o,1645780617401422208
m1i7fnYW,1645780617501384751
X7iX1BHo,1645780617601409998
CySpufa5,1645780617701451245
ZJJL2JAp,1645780617801407900
KqwzdUT8,1645780617901562017
aCdbLtPX,1645780618001452617
rsKjVsm4,1645780618101412234
B3QENa3h,1645780618201397074
Ozf0S860,1645780618301386507
Ikbed19S,1645780618401374365
rSAMKwRU,1645780618501622037
0piNPj2l,1645780618601583006
ghl6os66,1645780618701710438
aiiDhsdW,1645780618801495538
InsckH4i,1645780618901750229
6k5TT5D8,1645780619001490644
nwEZmLfM,1645780619101428762
1OXgEBCW,1645780619201401287
w26eIBMM,1645780619301530959
vPoNV1VG,1645780619401410744
xhpk0U4z,1645780619501462917
qcf2lpYf,1645780619601487590
sdK8oeUh,1645780619701445782
4I4XJXnF,1645780619801409973
DaxD21Dt,1645780619901450795
bqtKgS0W,1645780620001408134
3Ierw8Wy,1645780620101396160
RZVi4GxH,1645780620201386722
osTrueiV,1645780620301393839
Ubq81oe4,1645780620401416901
6It2PQzq,1645780620501461481
xSW1hSJV,1645780620601413766
KkMCO4iq,1645780620701523309
gWzhIdkO,1645780620801606333
udOJ3N70,1645780620901655950
od0V3H0O,1645780621001467773
1NaNPGD3,1645780621101394909
kCj2qTOi,1645780621201526804
6n18886w,1645780621301677457
l6RnLSBM,1645780621401631075
njjCyxGi,1645780621501503675
7xjvQ5dU,1645780621601469941
qeczmjtW,1645780621701471466
nJJ9jSTW,1645780621801434954
9Bg76uoD,1645780621901440701
rV9FakkR,1645780622001454041
PKO91Ffp,1645780622101403788
YwwFMNjW,1645780622201403924
YQbeIPs8,1645780622301505430
szNTj7s6,1645780622401456900
SEGTTtG0,1645780622501457999
qAFAYzg6,1645780622601461209
NGlfdbnW,1645780622701457474
Y9xHEpOe,1645780622801428314
1c6SVKSJ,1645780622901418580
VgU3d870,1645780623001429253
Oqd2RPWz,1645780623101405685
YTFkGbPH,1645780623201386877
DTjgnA0I,1645780623301420402
qSJRaRRx,1645780623401464186
H2xhRTex,1645780623501416248
utiAS5Pf,1645780623601399199
Y6MLGKc4,1645780623701427205
mvVKKuHc,1645780623801418656
xCHOfvKZ,1645780623901528533
n2hF56td,1645780624001660168
DDwTXWWH,1645780624101464157
Q1bkurKr,1645780624201418608
3bDjVXGI,1645780624301460836
XyVc4ODH,1645780624401442935
Z8j4eDL4,1645780624501384627
Cvp6m9xp,1645780624601412078
jBWEgnUE,1645780624701436566
lzqnM23v,1645780624801417202
Am0oxJt9,1645780624901452338
EgE0n9oW,1645780625001412159
IKiz7CDs,1645780625101414480
A1eW3hPD,1645780625201376913
RN2OhtVv,1645780625301485678
ZjuMtirB,1645780625401706220
2Z88kL0s,1645780625501487691
LcOOJnck,1645780625601419401
Bc8qVej2,1645780625701430722
LbOEJFOK,1645780625801462506
nWSXqQPB,1645780625901452309
3lXMW77f,1645780626001402205
jDVCpDEB,1645780626101405137
odN8qjQd,1645780626201394070
EsA4GXDJ,1645780626301421705
IkensjSZ,1645780626401424286
uwmk90tx,1645780626501396978
bE3SwT3A,1645780626601384540
JECajPt0,1645780626701422916
7VnzEFZ9,1645780626801434552
9JrIHkGr,1645780626901415984
wJJslM24,1645780627001411139
YEeGbWGj,1645780627101396072
11gEEDNO,1645780627201386337
WCgmwuds,1645780627301390918
EujzEl3l,1645780627401623719
yg1ZCFGB,1645780627501451263
GxPU8ksd,1645780627601386196
wXPsR2jd,1645780627701412165
wScABet7,1645780627801445690
IufU9vdN,1645780627901646992
q3sznici,1645780628001452443
FzYf1HIv,1645780628101417043
ht3rVxyn,1645780628201394086
pdFzXsKN,1645780628301503185
tCKftuN6,1645780628401403358
tvlsB2nq,1645780628501411124
vrhOmeBb,1645780628601409815
FOYmEt88,1645780628701414081
3QlwL81E,1645780628801439272
3m7Cms3f,1645780628901442649
hi3TKC5a,1645780629001421045
adKnUSvY,1645780629101398236
tgSEmTQn,1645780629201355484
EV00M1g3,1645780629301455082
jjX4uaeU,1645780629401380459
DyHgPAEI,1645780629501355225
ogUYAsMO,1645780629601365491
MKMiL0l4,1645780629701478774
kG6cqi64,1645780629801435003
fMk4UwKH,1645780629901449880
cmpkc96y,1645780630001408127
TTeoTQrB,1645780630101391319
gvnXesZJ,1645780630201397677
CHLgBdvn,1645780630301382368
PjW1scyK,1645780630401368505
3c8X0xgf,1645780630501318456
tUAVKhoW,1645780630601341906
w7A7k6s9,1645780630701377542
nO8fz4z2,1645780630801382734
f6Zd1GIs,1645780630901403833
iQN259W1,1645780631001380043
Gg60kz7V,1645780631101328272
LEBKI8Lv,1645780631201336537
CuZE8p6o,1645780631301468839
GSoLbKLq,1645780631401346180
zRqhOwDk,1645780631501383352
AM2QUNMh,1645780631601342822
GttMixBw,1645780631701370680
PxGzGbpF,1645780631801363594
0duPZ57h,1645780631901603155
R76uVQbj,1645780632001476347
JS51NEwn,1645780632101355057
CCkSnXfn,1645780632201352638
AZAifHN4,1645780632301438847
PTystXbA,1645780632401391632
zeANt683,1645780632501349435
IqT5N8qX,1645780632601384163
f1DIIbNf,1645780632701409169
2JXur84o,1645780632801371972
lEBeIHfa,1645780632901415293
78dSEU0t,1645780633001360837
TBAjmVPn,1645780633101335621
owhf3jUo,1645780633201353646
wdQEt5p0,1645780633301410078
BQRPuRGL,1645780633401339196
aQ5LvU8i,1645780633501334850
OpNPYrBS,1645780633601277486
TZhMcUKn,1645780633701297808
ulAnAP8l,1645780633801369443
pB6jdER0,1645780633901630948
1mPXcZ05,1645780634001414696
8fPl9jW1,1645780634101357314
Tfmd4vMr,1645780634201388654
4Qaiczid,1645780634301490160
k59Me7Pl,1645780634401389111
moUtXyuy,1645780634501534931
dhchawZe,1645780634601418068
N7Kz50bp,1645780634701393241
6kBirYTb,1645780634801438118
MxUruMqX,1645780634901421717
3QFbMmEj,1645780635001386371
tYhwZIld,1645780635101331674
0uLpSnQm,1645780635201366458
isecESAG,1645780635301410909
qNrC95u0,1645780635401384841
cZxBrimp,1645780635501364570
b7e1u4od,1645780635601400298
uQF8qPOg,1645780635701391360
mGqtJkuv,1645780635801357255
Jr48Xqx6,1645780635901417706
yZ8qbuTV,1645780636001370398
Ihe842mr,1645780636101360719
GckYLcTc,1645780636201361059
TYjzMg5I,1645780636301372195
EB9p5aLL,1645780636401418553
HzTMzDBE,1645780636501364967
qtm9WFlx,1645780636601421584
lUw690ON,1645780636701384590
BXAF8VaN,1645780636801399985
S2jSFue3,1645780636901392029
oQCIdwFN,1645780637001372720
OCTXArsL,1645780637101346449
N3aVWBqz,1645780637201343085
DaPQS3UE,1645780637301468017
TeW4akRz,1645780637401372635
uuU4kLP7,1645780637501402474
Oyau9QrK,1645780637601384536
yGiRJCdk,1645780637701396302
pApPsEMm,1645780637801367382
7pqrAFwW,1645780637901465536
DUOKuGcr,1645780638001378191
WLIoVtYK,1645780638101350883
1Lita4ff,1645780638201372648
tVW1jQXu,1645780638301399914
uwDmApdg,1645780638401858473
8tUen1wo,1645780638501681388
MeguhLZa,1645780638601437710
p3aWR7QL,1645780638701415643
1b6BPhqX,1645780638801413149
bK9MJ68g,1645780638901391137
koYR880x,1645780639001364162
9aRbfruh,1645780639101389020
R0qqigLH,1645780639201332082
zVdIblyJ,1645780639301354718
YVlgbjbk,1645780639401360150
H2LwrEbI,1645780639501336157
EQ6u6SB5,1645780639601391644
xmOWWKp4,1645780639701407206
nYiOFJ9W,1645780639801358435
LSRCg0Tt,1645780639901354052
QZlV1vaw,1645780640001352188
hwSBFGF2,1645780640101340602
ovR4EaYX,1645780640201343627
0zif0BYO,1645780640301420651
iJtiCSeu,1645780640401359065
O55bLJe9,1645780640501615700
C3BRbkwb,1645780640601403170
hcGhlm4U,1645780640701427325
6xCGPoAm,1645780640801408831
tENCVzKh,1645780640901385004
2V6dD1Dv,1645780641001652046
dTaPGerK,1645780641101423276
a3axpjhh,1645780641201476689
v3tQ2B53,1645780641301484418
hAeuBrnm,1645780641401625016
LOBZ02ta,1645780641501374209
3RWr8DY3,1645780641601369919
GPRHbXIG,1645780641701342536
fw8qowc7,1645780641801326765
ImgIoXrq,1645780641901381530
wLh5YD8n,1645780642001398703
aa2B7KPm,1645780642101357747
GYa2SA9k,1645780642201309346
wn0jKpXH,1645780642301329889
ACMhPSSz,1645780642401329599
2U97mYr0,1645780642501324661
4P3WaAEU,1645780642601325519
yFBI2iXB,1645780642701366414
stsHMIFM,1645780642801342162
kMUWuJWz,1645780642901360538
jXVJiilg,1645780643001397915
xvyxdW8U,1645780643101309421
NylhGy20,1645780643201308335
KWWDp1CY,1645780643301411933
YfpGNZwI,1645780643401333718
UtG5NMZi,1645780643501380261
LJQZHSaa,1645780643601334805
w4nj5zGc,1645780643701388088
c3sycnG4,1645780643801429409
eUA1pjjA,1645780643901459101
07jGXHqR,1645780644001400922
MdBPaRzC,1645780644101351336
SqA5dP7H,1645780644201329602
rHGgzzoz,1645780644301350867
5YFcn527,1645780644401340836
gDVGcUT4,1645780644501405787
Kb7vyFAo,1645780644601358182
UQUTOJRR,1645780644701345207
pg1ak3iQ,1645780644801377713
GDhqf8ty,1645780644901362386
hyteB2Sg,1645780645001636095
Qu7oBYDy,1645780645101407306
DFZxIHLX,1645780645201369220
S0L76E5o,1645780645301414726
DxQMzs2P,1645780645401326011
k8CwgNur,1645780645501326591
cTmvi8QA,1645780645601322375
8lGD0LzB,1645780645701341418
GPVDFWbz,1645780645801330610
entIAoAl,1645780645901344598
Fwey246B,1645780646001342326
pMMngLww,1645780646101304666
kSAzylwa,1645780646201300487
Wqsec0Np,1645780646301420752
x1nz3s8t,1645780646401331907
CUespZnX,1645780646501348820
zvUveRV8,1645780646601371827
FLkpM8eJ,1645780646701400999
9QGDIP4U,1645780646801364302
rgLhD8EC,1645780646901378716
3j7f8anL,1645780647001523721
wXAIfoZn,1645780647101343692
EpyUC2z4,1645780647201336161
gKluSx6T,1645780647301379167
eC6mmt5g,1645780647401324192
QFw44VpG,1645780647501625234
JnlTnkXT,1645780647601433408
2GLSEStq,1645780647701351859
czbMsg1G,1645780647801388402
wxIyR7Ei,1645780647901329816
sxBfhj9h,1645780648001321415
zU9Bu20U,1645780648101297014
zbrrHq6B,1645780648201291354
nO9CUOuM,1645780648301342267
J621n9gk,1645780648401302199
bquUquyq,1645780648501340650
VnfkdjwP,1645780648601327286
85baRUwl,1645780648701372181
awkL3Q5d,1645780648801339095
Ex73r3rK,1645780648901325731
pW5QG1pM,1645780649001330348
4PuWtoFR,1645780649101292262
lzmmNpPa,1645780649201289472
nWdcYSxN,1645780649301395700
y0nCzbW3,1645780649401302040
yOXrDmIy,1645780649501359916
j2k5p8fa,1645780649601324719
eGBAi6Xe,1645780649701496113
6Jp5sJ6q,1645780649801342361
iefvOvr6,1645780649901406571
xZBkhoLK,1645780650001314874
2WUkc0Mg,1645780650101287028
HBl9VpxB,1645780650201240072
Rc6qXxuS,1645780650301340467
U5CCrXWt,1645780650401297269
10ddyzHF,1645780650501315572
90OcqJnH,1645780650601291967
vt5QozsI,1645780650701416214
25Staykc,1645780650801328220
xNDvLV9S,1645780650901317430
VV4Lprbk,1645780651001302196
igBUe3mg,1645780651101268425
6FYhBIJ6,1645780651201247838
eU0xz9PV,1645780651301281067
eRoTGPCy,1645780651401262943
4LSiMCMT,1645780651501618614
PuAZBRfp,1645780651601363918
vdmtm9OP,1645780651701366610
aAsoY2mc,1645780651801346375
NCIkMeDk,1645780651901293697
XLJikwXf,1645780652001281833
aHWKQsjy,1645780652101262969
3akbcUD0,1645780652201259845
gTk07vkc,1645780652301350333
E1KywpbW,1645780652401296469
68oU0YQ3,1645780652501321012
8AckeniI,1645780652601258537
GQHMJzyX,1645780652701347839
1JVx85RD,1645780652801292679
DFfBl6Dt,1645780652901293648
GpctbIBr,1645780653001299766
jQD0QAYR,1645780653101256883
R1MX6lkH,1645780653201231964
yQRkUedi,1645780653301318099
RDb2WlsD,1645780653401312124
B3DbDj0e,1645780653501451055
lKCp5u52,1645780653601325025
IWmm8NTZ,1645780653701332013
b2a5nSGx,1645780653801393093
