H,1645719998242890829
H,1645719998342565467
H,1645719998442437142
H,1645719998542535852
H,1645719998642625044
H,1645719998742508366
H,1645719998842493003
H,1645719998942472010
r,1645719999042464313
r,1645719999142565135
r,1645719999242464142
r,1645719999342427520
r,1645719999442465304
r,1645719999542410960
r,1645719999642431133
r,1645719999742427752
r,1645719999842429999
r,1645719999942446710
h,1645720000042413292
h,1645720000142418298
h,1645720000242415361
h,1645720000342465146
h,1645720000442477393
h,1645720000542427808
h,1645720000642734258
h,1645720000742466174
h,1645720000842583014
h,1645720000942486021
8,1645720001042424306
8,1645720001142680164
8,1645720001242521727
8,1645720001342450198
8,1645720001442412076
8,1645720001542410823
8,1645720001642514441
8,1645720001742445745
8,1645720001842425974
8,1645720001942458537
R,1645720002042408099
R,1645720002142453069
R,1645720002242416447
R,1645720002342409676
R,1645720002442394776
R,1645720002542395209
R,1645720002642449549
R,1645720002742418556
R,1645720002842415749
R,1645720002942466126
d,1645720003042396874
d,1645720003142469621
d,1645720003242464629
d,1645720003342415266
d,1645720003442390106
d,1645720003542525631
d,1645720003642446676
d,1645720003742409831
d,1645720003842413801
d,1645720003942436604
6,1645720004042415000
6,1645720004142471674
6,1645720004242428385
6,1645720004342416596
6,1645720004442391455
6,1645720004542403314
6,1645720004642490524
6,1645720004742432828
6,1645720004842412094
6,1645720004942434713
T,1645720005042406275
T,1645720005142525782
T,1645720005242553789
T,1645720005342428259
T,1645720005442472970
T,1645720005542388978
T,1645720005642454484
T,1645720005742424547
T,1645720005842521091
T,1645720005942471932
h,1645720006042592994
h,1645720006142423169
h,1645720006242398824
h,1645720006342383498
h,1645720006442368264
h,1645720006542483493
h,1645720006642413482
h,1645720006742341860
h,1645720006842384089
h,1645720006942426355
7,1645720007042424177
7,1645720007142706535
7,1645720007242453710
7,1645720007342395791
7,1645720007442359317
7,1645720007542327028
7,1645720007642583294
7,1645720007742630893
7,1645720007842472271
7,1645720007942457705
Z,1645720008042430860
Z,1645720008142507219
Z,1645720008242427171
Z,1645720008342389733
Z,1645720008442412537
Z,1645720008542379192
Z,1645720008642517958
Z,1645720008742427873
Z,1645720008842409473
Z,1645720008942426795
0,1645720009042390117
0,1645720009142396291
0,1645720009242392002
0,1645720009342396268
0,1645720009442490423
0,1645720009542392931
0,1645720009642425252
0,1645720009742418074
0,1645720009842392230
0,1645720009942407663
A,1645720010042384800
A,1645720010142388548
A,1645720010242394073
A,1645720010342368266
A,1645720010442352199
A,1645720010542345466
A,1645720010642440861
A,1645720010742554701
A,1645720010842403617
A,1645720010942440790
f,1645720011042380501
f,1645720011142374583
f,1645720011242374183
f,1645720011342362153
f,1645720011442345512
f,1645720011542338427
f,1645720011642364249
f,1645720011742674384
f,1645720011842443781
f,1645720011942444011
B,1645720012042388759
B,1645720012142446025
B,1645720012242406718
B,1645720012342400058
B,1645720012442339825
B,1645720012542359239
B,1645720012642478931
B,1645720012742361272
B,1645720012842377187
B,1645720012942395194
A,1645720013042379312
A,1645720013142391283
A,1645720013242397919
A,1645720013342352612
A,1645720013442341286
A,1645720013542332478
A,1645720013642446004
A,1645720013742632177
A,1645720013842437463
A,1645720013942424248
6,1645720014042388681
6,1645720014142440577
6,1645720014242681139
6,1645720014342454184
6,1645720014442390266
6,1645720014542393662
6,1645720014642458724
6,1645720014742378250
6,1645720014842400943
6,1645720014942372395
s,1645720015042379198
s,1645720015142361854
s,1645720015242430749
s,1645720015342378627
s,1645720015442365912
s,1645720015542348531
s,1645720015642582852
s,1645720015742393786
s,1645720015842424256
s,1645720015942393152
n,1645720016042386382
n,1645720016142413778
n,1645720016242441933
n,1645720016342372681
n,1645720016442344096
n,1645720016542397122
n,1645720016642448610
n,1645720016742376859
n,1645720016842375051
n,1645720016942377799
b,1645720017042389880
b,1645720017142396240
b,1645720017242397488
b,1645720017342383087
b,1645720017442330799
b,1645720017542343102
b,1645720017642487831
b,1645720017742384506
b,1645720017842371976
b,1645720017942370502
W,1645720018042368453
W,1645720018142405016
W,1645720018242634171
W,1645720018342453864
W,1645720018442370446
W,1645720018542389712
W,1645720018642416238
W,1645720018742378819
W,1645720018842353308
W,1645720018942372741
S,1645720019042340508
S,1645720019142379460
S,1645720019242355023
S,1645720019342357937
S,1645720019442337185
S,1645720019542339619
S,1645720019642460737
S,1645720019742488299
S,1645720019842589084
S,1645720019942427962
R,1645720020042380303
R,1645720020142403218
R,1645720020242559262
R,1645720020342380844
R,1645720020442360296
R,1645720020542368840
R,1645720020642448199
R,1645720020742603891
R,1645720020842427454
R,1645720020942416795
Q,1645720021042388895
Q,1645720021142394513
Q,1645720021242343706
Q,1645720021342376102
Q,1645720021442320943
Q,1645720021542335062
Q,1645720021642388735
Q,1645720021742368354
Q,1645720021842347195
Q,1645720021942418739
6,1645720022042353339
6,1645720022142323828
6,1645720022242347168
6,1645720022342344472
6,1645720022442349146
6,1645720022542320987
6,1645720022642429383
6,1645720022742397520
6,1645720022842348527
6,1645720022942358442
N,1645720023042344783
N,1645720023142334253
N,1645720023242351427
N,1645720023342339935
N,1645720023442332387
N,1645720023542415449
N,1645720023642348568
N,1645720023742354946
N,1645720023842334934
N,1645720023942356516
0,1645720024042368912
0,1645720024142324716
0,1645720024242334131
0,1645720024342344360
0,1645720024442317794
0,1645720024542319727
0,1645720024642391864
0,1645720024742372093
0,1645720024842448674
0,1645720024942440978
Z,1645720025042358393
Z,1645720025142361827
Z,1645720025242344075
Z,1645720025342331564
Z,1645720025442298756
Z,1645720025542349264
Z,1645720025642349697
Z,1645720025742356297
Z,1645720025842329101
Z,1645720025942340664
K,1645720026042327134
K,1645720026142301382
K,1645720026242324297
K,1645720026342330953
K,1645720026442312479
K,1645720026542331449
K,1645720026642326308
K,1645720026742633999
K,1645720026842351026
K,1645720026942350867
2,1645720027042369597
2,1645720027142364067
2,1645720027242453648
2,1645720027342561081
2,1645720027442329090
2,1645720027542342375
2,1645720027642365364
2,1645720027742338871
2,1645720027842322471
2,1645720027942364978
Q,1645720028042311227
Q,1645720028142336253
Q,1645720028242310464
Q,1645720028342338008
Q,1645720028442306868
Q,1645720028542298264
Q,1645720028642380641
Q,1645720028742317371
Q,1645720028842322119
Q,1645720028942326997
f,1645720029042304357
f,1645720029142308586
f,1645720029242301798
f,1645720029342338842
f,1645720029442272664
f,1645720029542317894
f,1645720029642333327
f,1645720029742288205
f,1645720029842279620
f,1645720029942299664
d,1645720030042303672
d,1645720030142429456
d,1645720030242361538
d,1645720030342337287
d,1645720030442339035
d,1645720030542304061
d,1645720030642310642
d,1645720030742460908
d,1645720030842491342
d,1645720030942526312
h,1645720031042348894
h,1645720031142343754
h,1645720031242302891
h,1645720031342552897
h,1645720031442330369
h,1645720031542300914
h,1645720031642368532
h,1645720031742317503
h,1645720031842331084
h,1645720031942317425
b,1645720032042298321
b,1645720032142295107
b,1645720032242305484
b,1645720032342283640
b,1645720032442281740
b,1645720032542276951
b,1645720032642375921
b,1645720032742337281
b,1645720032842291585
b,1645720032942307092
G,1645720033042281174
G,1645720033142274033
G,1645720033242270874
G,1645720033342507381
G,1645720033442306833
G,1645720033542270174
G,1645720033642361922
G,1645720033742279949
G,1645720033842581103
G,1645720033942360130
Q,1645720034042323360
Q,1645720034142409959
Q,1645720034242307708
Q,1645720034342322604
Q,1645720034442288705
Q,1645720034542266305
Q,1645720034642327146
Q,1645720034742303227
Q,1645720034842300031
Q,1645720034942292557
D,1645720035042279065
D,1645720035142269591
D,1645720035242282950
D,1645720035342269680
D,1645720035442268576
D,1645720035542258251
D,1645720035642469016
D,1645720035742334228
D,1645720035842314458
D,1645720035942293095
E,1645720036042287955
E,1645720036142265203
E,1645720036242266081
E,1645720036342274162
E,1645720036442253874
E,1645720036542349122
E,1645720036642407610
E,1645720036742293692
E,1645720036842298015
E,1645720036942309078
7,1645720037042270474
7,1645720037142268667
7,1645720037242264249
7,1645720037342256053
7,1645720037442245135
7,1645720037542245679
7,1645720037642336760
7,1645720037742553859
7,1645720037842536145
7,1645720037942365042
j,1645720038042340124
j,1645720038142323298
j,1645720038242326194
j,1645720038342264443
j,1645720038442257673
j,1645720038542259328
j,1645720038642290836
j,1645720038742272047
j,1645720038842255796
j,1645720038942268784
m,1645720039042256681
m,1645720039142268077
m,1645720039242252511
m,1645720039342243852
m,1645720039442237267
m,1645720039542229052
m,1645720039642282189
m,1645720039742232308
m,1645720039842507981
m,1645720039942326101
X,1645720040042267423
X,1645720040142289616
X,1645720040242254142
X,1645720040342505223
X,1645720040442341750
X,1645720040542315183
X,1645720040642332617
X,1645720040742272995
X,1645720040842260891
X,1645720040942285491
w,1645720041042246499
w,1645720041142241025
w,1645720041242232866
w,1645720041342297003
w,1645720041442246604
w,1645720041542248296
w,1645720041642277304
w,1645720041742242793
w,1645720041842250375
w,1645720041942287586
Q,1645720042042239816
Q,1645720042142209824
Q,1645720042242228757
Q,1645720042342265320
Q,1645720042442233217
Q,1645720042542237613
Q,1645720042642276417
Q,1645720042742248425
Q,1645720042842240914
Q,1645720042942260699
7,1645720043042236096
7,1645720043142228196
7,1645720043242228296
7,1645720043342254359
7,1645720043442236126
7,1645720043542269578
7,1645720043642286456
7,1645720043742328704
7,1645720043842245693
7,1645720043942256145
O,1645720044042236005
O,1645720044142228346
O,1645720044242236539
O,1645720044342345675
O,1645720044442377109
O,1645720044542297672
O,1645720044642326069
O,1645720044742243781
O,1645720044842234196
O,1645720044942262666
r,1645720045042228822
r,1645720045142225552
r,1645720045242230356
r,1645720045342221826
r,1645720045442205334
r,1645720045542344674
r,1645720045642453848
r,1645720045742267412
r,1645720045842279327
r,1645720045942260113
e,1645720046042282398
e,1645720046142208832
e,1645720046242195951
e,1645720046342294680
e,1645720046442278373
e,1645720046542272659
e,1645720046642278814
e,1645720046742246359
e,1645720046842362829
e,1645720046942495873
e,1645720047042284919
e,1645720047142234612
e,1645720047242223972
e,1645720047342254072
e,1645720047442248469
e,1645720047542213643
e,1645720047642204299
e,1645720047742216436
e,1645720047842219462
e,1645720047942264933
g,1645720048042218385
g,1645720048142242318
g,1645720048242228215
g,1645720048342225056
g,1645720048442197230
g,1645720048542210460
g,1645720048642270820
g,1645720048742281938
g,1645720048842229798
g,1645720048942260769
x,1645720049042228406
x,1645720049142214117
x,1645720049242221403
x,1645720049342209651
x,1645720049442188992
x,1645720049542188870
x,1645720049642297211
x,1645720049742273367
x,1645720049842223782
x,1645720049942288975
f,1645720050042221631
f,1645720050142184787
f,1645720050242176202
f,1645720050342193802
f,1645720050442191699
f,1645720050542206281
f,1645720050642437713
f,1645720050742408240
f,1645720050842216896
f,1645720050942482884
4,1645720051042276578
4,1645720051142215660
4,1645720051242196575
4,1645720051342276564
4,1645720051442179924
4,1645720051542189358
4,1645720051642177791
4,1645720051742157818
4,1645720051842168696
4,1645720051942205388
w,1645720052042188378
w,1645720052142169034
w,1645720052242210597
w,1645720052342171345
w,1645720052442149853
w,1645720052542150861
w,1645720052642208017
w,1645720052742221987
w,1645720052842181217
w,1645720052942460187
p,1645720053042240807
p,1645720053142195500
p,1645720053242201878
p,1645720053342222997
p,1645720053442472892
p,1645720053542277660
p,1645720053642264964
p,1645720053742164417
p,1645720053842235720
p,1645720053942210821
V,1645720054042186902
V,1645720054142186670
V,1645720054242160363
V,1645720054342179000
V,1645720054442192285
V,1645720054542172701
V,1645720054642193690
V,1645720054742157198
V,1645720054842165261
V,1645720054942190880
W,1645720055042176499
W,1645720055142165840
W,1645720055242176347
W,1645720055342174503
W,1645720055442173696
W,1645720055542154186
W,1645720055642422377
W,1645720055742275756
W,1645720055842165468
W,1645720055942205550
M,1645720056042200724
M,1645720056142196880
M,1645720056242176944
M,1645720056342190118
M,1645720056442178292
M,1645720056542236948
M,1645720056642271752
M,1645720056742174316
M,1645720056842159398
M,1645720056942206164
e,1645720057042171117
e,1645720057142152921
e,1645720057242170558
e,1645720057342164103
e,1645720057442461591
e,1645720057542290933
e,1645720057642202978
e,1645720057742222060
e,1645720057842222290
e,1645720057942209816
R,1645720058042182306
R,1645720058142185332
R,1645720058242185414
R,1645720058342163144
R,1645720058442139430
R,1645720058542161900
R,1645720058642227223
R,1645720058742146212
R,1645720058842145146
R,1645720058942187468
v,1645720059042150421
v,1645720059142178058
v,1645720059242162066
v,1645720059342136426
v,1645720059442360136
v,1645720059542191589
v,1645720059642181653
v,1645720059742130716
v,1645720059842184594
v,1645720059942454656
2,1645720060042263795
2,1645720060142196062
2,1645720060242182366
2,1645720060342194707
2,1645720060442105660
2,1645720060542119501
2,1645720060642369785
2,1645720060742544033
2,1645720060842307783
2,1645720060942285105
h,1645720061042247947
h,1645720061142180696
h,1645720061242128204
h,1645720061342143526
h,1645720061442186830
h,1645720061542179579
h,1645720061642205735
h,1645720061742160854
h,1645720061842148991
h,1645720061942208980
N,1645720062042144933
N,1645720062142149404
N,1645720062242123986
N,1645720062342148271
N,1645720062442116150
N,1645720062542120917
N,1645720062642270609
N,1645720062742164599
N,1645720062842125403
N,1645720062942212762
f,1645720063042153641
f,1645720063142122760
f,1645720063242114990
f,1645720063342157683
f,1645720063442260301
f,1645720063542177661
f,1645720063642155317
f,1645720063742138011
f,1645720063842126741
f,1645720063942438525
D,1645720064042243478
D,1645720064142178597
D,1645720064242146661
D,1645720064342207169
D,1645720064442132528
D,1645720064542115518
D,1645720064642211155
D,1645720064742139552
D,1645720064842112079
D,1645720064942233216
A,1645720065042135835
A,1645720065142137269
A,1645720065242106295
A,1645720065342144729
A,1645720065442096070
A,1645720065542096226
A,1645720065642344214
A,1645720065742156705
A,1645720065842283897
A,1645720065942367812
2,1645720066042190487
2,1645720066142115496
2,1645720066242129133
2,1645720066342179789
2,1645720066442159241
2,1645720066542296489
2,1645720066642179424
2,1645720066742110321
2,1645720066842145254
2,1645720066942156355
g,1645720067042137937
g,1645720067142117871
g,1645720067242108212
g,1645720067342114053
g,1645720067442112487
g,1645720067542117680
g,1645720067642173577
g,1645720067742112677
g,1645720067842149296
g,1645720067942127860
w,1645720068042110016
w,1645720068142122838
w,1645720068242114735
w,1645720068342103965
w,1645720068442126843
w,1645720068542118203
w,1645720068642173341
w,1645720068742113534
w,1645720068842085412
w,1645720068942113290
G,1645720069042118169
G,1645720069142129306
G,1645720069242155592
G,1645720069342089804
G,1645720069442103441
G,1645720069542211689
G,1645720069642148623
G,1645720069742069095
G,1645720069842081954
G,1645720069942116999
A,1645720070042105470
A,1645720070142125089
A,1645720070242110227
A,1645720070342111309
A,1645720070442301334
A,1645720070542411490
A,1645720070642136480
A,1645720070742176784
A,1645720070842206514
A,1645720070942112486
a,1645720071042123734
a,1645720071142113872
a,1645720071242104917
a,1645720071342116240
a,1645720071442110655
a,1645720071542116644
a,1645720071642140615
a,1645720071742127808
a,1645720071842080465
a,1645720071942122083
q,1645720072042104332
q,1645720072142089785
q,1645720072242099830
q,1645720072342107301
q,1645720072442082753
q,1645720072542307186
q,1645720072642210805
q,1645720072742136814
q,1645720072842141192
q,1645720072942116533
b,1645720073042396632
b,1645720073142204086
b,1645720073242115872
b,1645720073342190213
b,1645720073442103369
b,1645720073542164377
b,1645720073642189607
b,1645720073742108708
b,1645720073842098735
b,1645720073942134187
A,1645720074042143250
A,1645720074142113869
A,1645720074242082192
A,1645720074342131533
A,1645720074442086134
A,1645720074542099142
A,1645720074642085854
A,1645720074742100824
A,1645720074842062296
A,1645720074942068933
q,1645720075042115978
q,1645720075142076357
q,1645720075242089105
q,1645720075342082261
q,1645720075442083936
q,1645720075542083388
q,1645720075642309932
q,1645720075742129978
q,1645720075842082116
q,1645720075942098976
W,1645720076042121039
W,1645720076142075844
W,1645720076242097907
W,1645720076342089712
W,1645720076442078257
W,1645720076542146357
W,1645720076642174624
W,1645720076742101243
W,1645720076842073955
W,1645720076942088204
q,1645720077042455136
q,1645720077142149053
q,1645720077242175931
q,1645720077342127939
q,1645720077442091836
q,1645720077542076215
q,1645720077642092001
q,1645720077742083546
q,1645720077842071609
q,1645720077942115265
3,1645720078042090181
3,1645720078142091466
3,1645720078242064919
3,1645720078342081427
3,1645720078442061805
3,1645720078542127591
3,1645720078642166358
3,1645720078742079070
3,1645720078842065059
3,1645720078942124678
g,1645720079042300482
g,1645720079142113435
g,1645720079242096591
g,1645720079342129192
g,1645720079442071145
g,1645720079542355966
g,1645720079642183327
g,1645720079742109020
g,1645720079842115899
g,1645720079942062203
Q,1645720080042076748
Q,1645720080142065275
Q,1645720080242061635
Q,1645720080342072569
Q,1645720080442057058
Q,1645720080542083047
Q,1645720080642120759
Q,1645720080742085545
Q,1645720080842048016
Q,1645720080942097654
y,1645720081042068458
y,1645720081142046429
y,1645720081242055234
y,1645720081342197222
y,1645720081442221249
y,1645720081542292627
y,1645720081642132432
y,1645720081742082514
y,1645720081842070448
y,1645720081942054864
6,1645720082042034279
6,1645720082142027361
6,1645720082242030444
6,1645720082342062655
6,1645720082442042034
6,1645720082542125356
6,1645720082642145068
6,1645720082742101502
6,1645720082842089880
6,1645720082942047426
X,1645720083042031934
X,1645720083142044312
X,1645720083242028543
X,1645720083342023106
X,1645720083442024448
X,1645720083542326028
X,1645720083642112686
X,1645720083742016009
X,1645720083842071646
X,1645720083942055617
U,1645720084042047385
U,1645720084142043856
U,1645720084242041234
U,1645720084342040909
U,1645720084442032343
U,1645720084542069092
U,1645720084642161507
U,1645720084742025719
U,1645720084842028894
U,1645720084942043402
s,1645720085042023336
s,1645720085142028788
s,1645720085242051722
s,1645720085342023249
s,1645720085442006942
s,1645720085542234801
s,1645720085642089254
s,1645720085742067448
s,1645720085842076622
s,1645720085942053649
S,1645720086042047991
S,1645720086142123554
S,1645720086242040099
S,1645720086342074181
S,1645720086442054615
S,1645720086542038790
S,1645720086642023613
S,1645720086742088621
S,1645720086841999981
S,1645720086942053341
w,1645720087042043664
w,1645720087142036450
w,1645720087242017977
w,1645720087342026225
w,1645720087442000085
w,1645720087542000538
w,1645720087642027324
w,1645720087741992332
w,1645720087841972266
w,1645720087942038033
0,1645720088042055726
0,1645720088142045623
0,1645720088242014058
0,1645720088342017455
0,1645720088442005148
0,1645720088542016712
0,1645720088642238108
0,1645720088742078468
0,1645720088842009866
0,1645720088942036911
P,1645720089042033400
P,1645720089142030334
P,1645720089242022880
P,1645720089342010092
P,1645720089441996137
P,1645720089542094126
P,1645720089642047227
P,1645720089742015661
P,1645720089842002410
P,1645720089942020548
Y,1645720090042589109
Y,1645720090142275174
Y,1645720090242061479
Y,1645720090342101061
Y,1645720090442028810
Y,1645720090542046800
Y,1645720090642025752
Y,1645720090742030279
Y,1645720090842019565
Y,1645720090942020888
B,1645720091042039951
B,1645720091142016774
B,1645720091242019134
B,1645720091342011402
B,1645720091441999243
B,1645720091542005677
B,1645720091642208796
B,1645720091742019564
B,1645720091842031646
B,1645720091942036525
R,1645720092042033107
R,1645720092142233207
R,1645720092242047827
R,1645720092342070705
R,1645720092442011714
R,1645720092542023518
R,1645720092642254247
R,1645720092742072219
R,1645720092842134875
R,1645720092942039939
O,1645720093042039411
O,1645720093142010308
O,1645720093242013446
O,1645720093342005546
O,1645720093442004758
O,1645720093542013081
O,1645720093642098718
O,1645720093742002690
O,1645720093842014809
O,1645720093942021540
G,1645720094042019714
G,1645720094142031963
G,1645720094242023416
G,1645720094341989739
G,1645720094441992396
G,1645720094542009700
G,1645720094642209540
G,1645720094742019920
G,1645720094842017724
G,1645720094942044158
r,1645720095041996315
r,1645720095142028452
r,1645720095241994961
r,1645720095341991191
r,1645720095441987570
r,1645720095541978133
r,1645720095642106122
r,1645720095742093816
r,1645720095842043306
r,1645720095942023888
F,1645720096041995359
F,1645720096142010608
F,1645720096241992820
F,1645720096341989514
F,1645720096441968318
F,1645720096542022123
F,1645720096642216389
F,1645720096742078379
F,1645720096842013832
F,1645720096942036266
O,1645720097042007849
O,1645720097142056060
O,1645720097241992032
O,1645720097341987244
O,1645720097441996307
O,1645720097541972279
O,1645720097642050046
O,1645720097742033554
O,1645720097841994229
O,1645720097942013404
E,1645720098041999727
E,1645720098142079401
