KE6lOXwj5O1kr6tR,1653536127459676099
Mk5J2SPQiUwf7OPR,1653536127552126626
bTBx17h4TgoLkgk5,1653536127652142410
QqORGnrwFnbMCymn,1653536127752092417
SxkR2PTV3GoowZtK,1653536127852146275
PFld0cZFO8aa6MLW,1653536127952041393
H3xJRRmUhbIbA9tX,1653536128052056196
OfAOFhcdpCBtWUQl,1653536128152220443
WN2xmoPRPi0Zpu4E,1653536128252135542
ZEamvCOiMXcs02dW,1653536128352045586
NfR8UqXrWYPMSTYz,1653536128452062648
g6jbH7KdduWdu79H,1653536128552015822
nYNFOv4tRTDtxjqd,1653536128652165994
pZC6fUkIMEtGJ0W6,1653536128752041779
YtJumOnDpy4mhuNX,1653536128852131989
SYb50JNNVEdpE9tm,1653536128952341087
1DelZQzOO396wUbM,1653536129052336001
2AR1UoOx01mE9gy8,1653536129152208601
rctO2smRuvVoQ4AQ,1653536129252150923
EbRgNpeNpOZw2X4r,1653536129352350891
9vFAm2bev4SJ8akK,1653536129452168899
991Uxdpk1Oe2vit2,1653536129552154924
b9CN9l14pROvz6G8,1653536129652122264
DFcAsPsrnWrgCjjo,1653536129752100974
sv9zhB1UaNQaTegf,1653536129852068352
rHphggWUCOAP7rBx,1653536129951988933
nKuSVvw4JKekwKPn,1653536130052219494
bDSGtzk5LsSSkdNV,1653536130152087538
yHvRArVTA7E4Qdsz,1653536130252033304
oIFhHxlcoD2WrPzn,1653536130351983589
euCpjgGtlSwB4m9s,1653536130452025891
4MaMILy4WzaLOX81,1653536130552066046
RLoAz42kXyubi3Rm,1653536130652103552
N18fK5jr4HCQoJPF,1653536130752052411
cDObGOLnKFM2Gloe,1653536130852073973
nvH5yzu0G5O5OoIy,1653536130952173534
1eZH2s2M6MMK89yt,1653536131052063060
4Ey0Dr0TwOWKAnIC,1653536131152178307
RpRUfSolo96uI2nK,1653536131252329757
GkIRbGvVePnnC5ze,1653536131352136746
sO6XqsJdzNXHPJZe,1653536131452093790
1r5a7y5kOsXYvUAl,1653536131552004056
qGIf7ZI6unMI4tw3,1653536131652126284
lzdqwgYKW5qPX1AO,1653536131752526326
FT3M0JRv4lD9e7CN,1653536131852350759
6oE2UmKzq9ONAZjP,1653536131952132897
0kk039t8u4FYBRuG,1653536132052149088
D8Gisbhii54sclFc,1653536132152194391
WxbX6UdyZsViIPyV,1653536132252078250
VFBNoq4Ww6MWrb9L,1653536132352031127
ZkrdCUcjN7SdUQ8z,1653536132452061356
dKKPAOv4SHbIridO,1653536132552027659
QS1cxbMIgmvAA37o,1653536132652046980
LSDWq7YHM9ZBpCZF,1653536132752137431
fZsaACspynz8o5uA,1653536132852099215
X6eLDCcXKBj9MIPz,1653536132952054796
rFZ0PPpNAmTyrO6M,1653536133052168339
UkifxICHUvQoCnn3,1653536133152013217
0K1PjoktbEpQawl2,1653536133252036260
gTfdlrsDlH1x2oy3,1653536133352028026
80QpmBiLNYmvSVx8,1653536133452007977
yckhRctCtu9wh6xn,1653536133552003558
4NdqYJCtpwoHRjQN,1653536133652132601
J84lkxvcq3WX9TKD,1653536133752077275
ov1NFDE293Kakiv4,1653536133852095892
q0nYviAlleGs7Z3w,1653536133952032344
U5HhITkQU4yFkuHa,1653536134052136368
s46nkHXUtlKzKOvn,1653536134152129338
TAUjdE76G4L0yaYo,1653536134252043160
efZMu6qnqBmAXfxy,1653536134352047148
nQhPenVtrotnOQb0,1653536134452014451
5AMxFBi5KVFr8Bpu,1653536134551990402
bUJDFm66aytyOUyR,1653536134652020371
dKOsT4xnXAcgLRau,1653536134752114414
ur89dCEDA59WY7xB,1653536134852088995
PJ3tOyet8HZSg7Ma,1653536134952036465
wSiZfuknztIV0DgO,1653536135052058731
XhHtfvmmAKErPYRM,1653536135152123144
z7vc1ePzXfUWt9uO,1653536135252075447
q9HU21GDJS4jyT5x,1653536135351972510
byZacxXAc0eT9Yrz,1653536135451997591
f8Rh8hsR7w86QB1z,1653536135552021949
AZXkW5u65WaE4PBh,1653536135652067177
YbPeIH3OCCSaLTZV,1653536135751987647
24GW98bCf9OhYYP4,1653536135852280301
9mgP1knDuDnFhKjh,1653536135952120141
PxCW5nhiu5QQbnVk,1653536136052046870
Z98Yrtml7XzoqgTD,1653536136152070747
dfhgQOPKSnj3aCm7,1653536136252032754
LufDnPwsvvgjZ8wC,1653536136351983835
ndtC2GUS3DVbPFgl,1653536136451967193
7JwvjsncoSLNYFYJ,1653536136552008700
qPVqfyIgBmFZ1vI9,1653536136652132909
EE2v6nXsDqEl3m5u,1653536136752033620
9YkmW3SgphFoaXvo,1653536136851960516
lxipjDiw2wg5ijzp,1653536136951978597
Hkbml1SYgfKGAG2t,1653536137052046566
BkiuyQp0MT32A3rP,1653536137152086702
lQBURb27GMNQaOJm,1653536137252056838
82e4QR2lu6n47dUs,1653536137351951679
3dKTFMaTgwuHKB1Q,1653536137452005666
BfVa7VLzZ84gjWWl,1653536137551972303
9qEMAmqrii60t7R3,1653536137651971495
mudrPyrx4tdmP8VW,1653536137751951353
wjt7TjwCR2AI7bLr,1653536137852202303
TwjrsYoxRPhoXCKU,1653536137952021533
tDZMwVWLVheaGxRk,1653536138052012169
u8bmePh5mOrKYCmR,1653536138152067268
NLoIoIdJzFtEDIy5,1653536138252023886
PXp3uX7gtyyQ8krW,1653536138352314872
5dmrwPAtd17oI3th,1653536138452037936
agkUBr93o7TwsKQv,1653536138552019609
yCnsavjDvr1DssuR,1653536138652058634
WctiS2lGAEA0WbvS,1653536138751964734
lgKLc2WXtVijNcAs,1653536138852025629
C4ae6LsEX1E1a8UL,1653536138951986913
mmhOoDtfhbP2BXuM,1653536139052152345
bUygnruIq7KQFoj1,1653536139151971501
YQOLcF0JpNLyvEKU,1653536139252002840
iJAU83mwA6MNs5MP,1653536139351983329
Ukk4yiLn4ejzs4RZ,1653536139451960594
Lc3RfpNnujAkmW9G,1653536139552002638
FrIDYdycGhZ8j0h2,1653536139652188032
akTDYq0SXAAIfIWu,1653536139752039706
9p5hQ3HgiqpQrWSP,1653536139852049454
FwdnkbDGmNYPf4Jn,1653536139951960905
tOSIPky7anXPIypV,1653536140052002374
uQIc1TsloOASTRFK,1653536140152067696
pfcCNbKwMpLcn87f,1653536140252004388
WNIYq8JfVS7ytKGh,1653536140351997302
zttLSBHm1aPmhWSD,1653536140451959031
silio3NJVSFMmW1k,1653536140552006889
Nv5n4KZ3uwqbRGpJ,1653536140651956081
wY1iZN22nFPajQI6,1653536140751952532
JLrOfPRZLF9kVw3P,1653536140851987094
S382O84BNRj7q1B9,1653536140952130877
M3VzSvXlAgUeaV32,1653536141052022088
WB4uH74fYnkMnvU7,1653536141152091187
wz7Ouc83Iafq5isc,1653536141252045342
svU90YmWKWt5SNCO,1653536141352036589
KHlDtrG9RvzUbq6T,1653536141451964282
lZbl7NHPs8UKVfgq,1653536141551958733
uR3oGHvfAtAljEDS,1653536141651990609
nmBt7QIzZlJ4QysI,1653536141751936801
Nt6e80JItR2agF2T,1653536141851996086
zDM6df6CONFmL54j,1653536141952044388
x9N59eO06OambcDa,1653536142051965395
pagQDmbbAqNVtRCq,1653536142152017031
aXwhCIhGgH0HtDpg,1653536142251962316
lV5yIgZQUutNM6Cu,1653536142352250247
d6anMH10XzFOB43w,1653536142452049236
Z8vpoUDGN7bhBlbm,1653536142552006280
r9aDRZBwZQKkSNg2,1653536142652266433
TZpF23VP856Hqf3i,1653536142752012811
pbtEB5AiTSSwo6wH,1653536142851991503
gjXgm05s5B9wqDed,1653536142951962139
oVrxYzf0S5wGAqVo,1653536143051957479
Z2UK1ZC6iK2WVe8J,1653536143151972542
8zFgxugNyab6Q6u0,1653536143251993826
7OI8vUEbmF5HtDZ1,1653536143351898870
Dog8gKVcv6iJCcHH,1653536143451943358
yZPr2cSorW6ijfiw,1653536143551884920
RM27gXibdQto3A5z,1653536143651881334
kTpm3FauleaVJGPi,1653536143751956896
cSoJzWsbwlNxwQve,1653536143851950569
tkQwzyoldNGudddE,1653536143952061316
5RX3vNer9zn3PihJ,1653536144052083156
S5DP308gNMZy0CC5,1653536144152120773
bj8W5kLCj8F9ouQE,1653536144252048502
zbe0bmfw7Ev7Q7Az,1653536144352137064
pJTu1m6jvJqhBEw8,1653536144452032423
pY8PInLP1GWPMhMB,1653536144551813653
yp3xa9gVQUAZi6hW,1653536144651980177
cntvbEKaTpypUIyS,1653536144751926147
61Pg849YWJ7DOmj0,1653536144852055005
Zct8oChF1d4Vv2vz,1653536144952022011
1If9Kofr6m4SWlS6,1653536145052029148
NKC9WtPVUR0QStNT,1653536145152027321
B3dWpINv3PNXAodV,1653536145251968550
6occf15AR3YtwvM7,1653536145351910001
yxbmEwhFL3mVpOyv,1653536145451903582
CbVraa11dZuXVFeR,1653536145551912366
AEDOAtdWuQzjoycy,1653536145652418111
X5p7dr9EO1lrGNJR,1653536145752020953
bUnmNRGHpFybBYZi,1653536145852015922
dOoGDvScuDRBZkaA,1653536145951954170
FLuakAsZOoAZNhG0,1653536146052089102
42FHxhrrtJ0S3YaG,1653536146152063812
uVpedhC1TKZq2np6,1653536146252032393
p4LkjDZcUa2V6bmy,1653536146351905234
4bbhGnhh5GY53N9q,1653536146451941184
PVa8g9jAhlfoMPkQ,1653536146551923432
yL6C6nuC1QH2nPsC,1653536146652173548
uSIYZ1iHlL37jnWh,1653536146752036722
9asFLkPMAfMx4E7w,1653536146852075969
ePUDPAUATXFCLjsS,1653536146951947884
JiheS5yckKXoYeiA,1653536147052026001
1AOQIqalMqwfZm7t,1653536147152056878
UmVurUWZm1LJf3Tg,1653536147252044422
Dp5VefF0T9d3viuN,1653536147351953133
UNHKplrcmDtPGM3S,1653536147451954472
A8vom8mFHPGC78XZ,1653536147551942349
WmrJXjtHwmgA9iaH,1653536147652053707
qW5ccrquG64LDcsh,1653536147751948048
Ok0uTuBNgqXnY84M,1653536147852140942
c9xEyn6CrBX4nOl9,1653536147951992579
8m3ZeDwK1T6ZZAv9,1653536148052083345
IsMGdSRVdyXOMJYS,1653536148151963370
3Z1hmxznP5KwEE6W,1653536148251958858
4QkisBBW8iuSzQv2,1653536148352019124
0whksfWFkqBy4FS7,1653536148451938779
fDpYOy2WguzeLsgJ,1653536148551825231
mM3e1ZtjO3gQI8Xy,1653536148652575752
LMUiIWCzQ9dj1H2o,1653536148751976428
b4QabIKzL0Qb6xZQ,1653536148852025509
I18aXKXwUAdVQeHz,1653536148952213588
igaJyuHJshsyeSMu,1653536149052077429
RUVzn2tHBWkZ80Yq,1653536149152143954
g88e0Pvq6nniD9df,1653536149252048257
e6cR6TgHxQq6ONu4,1653536149352102208
V2gUPbKTN7AYHlDt,1653536149451972900
rnIxEyDCM3IlOCnu,1653536149551934574
DUOc3g4QoEz3zAuq,1653536149651989191
wClA8yMS0cBOnzGy,1653536149751921568
ReaUJev5qs8p00fw,1653536149851974056
AR5INPiN2uknr0lI,1653536149951992081
dJmwwh1mX7cY7FSF,1653536150051919551
eXX2xDNx77ky6VGj,1653536150152017039
o3diieVEj7moMC31,1653536150251958823
kY1flOcrUKpap4Jb,1653536150351901626
5wKnYpzFuj3Ew4Fe,1653536150451887485
cEJLdtC7D0f04yZ9,1653536150551781066
sruOeudYdenXg0BG,1653536150651929350
FSbqJmvUmaUqW2xO,1653536150751860060
trkYjN4Nzrsfq4v3,1653536150852211898
UWroImI2KlsqnpCg,1653536150952089165
fwEOHJjG8cvwgqx8,1653536151052096690
KowbYFds0UglHsRw,1653536151151942234
oeJ5v2L1eEwI2tRN,1653536151251985148
iLwEYX7W1nHJejDS,1653536151352368708
LWWEXpF94BS43rPl,1653536151452204660
ALxjt2FsqX9SELuZ,1653536151551938149
rOnME0WGCyKFnkyx,1653536151652675615
3tguwunkRuCfF4C5,1653536151751964274
TxRhxxx7tFKgzGc3,1653536151852006891
AGx6Aiqbd0Eq4OvX,1653536151951962953
LNCHI7OCNhsKxSN5,1653536152051948442
jJBrzzRazfR42MZL,1653536152151997707
hmc0tzCGg2bbTwhC,1653536152252041158
Dq1BqSln6Cp8XPTC,1653536152351877628
94C23MHhNqIqkx0w,1653536152451964320
o17cSsNY3Dgaa7kj,1653536152551840234
BvjEHyvcoCQX9OTx,1653536152651916815
OaXqQvOR821g9kPJ,1653536152751857044
f6Xw5RXtdxQkKrii,1653536152851939772
PDWq8sFGuHu1zJKe,1653536152951902779
OqYTH5Ks1jcLaI1y,1653536153051878989
WXmeP1tHGnGF5btR,1653536153152008680
PSugXEWYv6rWPqUt,1653536153251893558
NGVkHOzYAGlDpfeE,1653536153351852342
7WsekOBgU0ArrckC,1653536153451933515
qGv5cubk8Nxx2Z99,1653536153551913781
51loNuSstcjiCSu2,1653536153652039343
in7Iih3o4yk6YtDb,1653536153751918498
vwPIpr8iRqOdIIdy,1653536153851945671
6jGmQJYUIIYoCjP5,1653536153951884437
fnLSeU84KWfanJYr,1653536154051997962
2obQ69uMSQ8c9Xhm,1653536154151876747
K2FxWL1oseOfxuUx,1653536154251888716
h5NlEF5gfDImixZ1,1653536154351808427
0myU7xHxbdaXY4UF,1653536154451958525
9q0M552lGJXyE4zE,1653536154551801014
ovhwqyrQbSv9UPMe,1653536154652017816
DK0JN02dHXaWcXiQ,1653536154751973693
TPKHLCfxca46yRiB,1653536154851922330
jgU7fWku2IOeq72H,1653536154951931669
UNYqXCl9mpDiEuuy,1653536155051908121
aM5Frn8t6WVudXB6,1653536155152014256
sjwPtfWeUiMhcEfC,1653536155251881504
biQQTYJX4mRgJcmC,1653536155351862696
KgZDL6rnoCUQQ9a1,1653536155452162868
p0PJWgqZSGDmsxwC,1653536155551950394
dVOwZDjNPClqJMp9,1653536155651878901
KFQptEOMUb6LW0V9,1653536155751856741
Vt357kQWwAKEWANo,1653536155851963469
NldGxzcSYgn4gIDA,1653536155951874735
AEFHzdltn67HES6b,1653536156051899798
DhrBhSbF8MKncVxk,1653536156152019841
iA1hnlYZpgq36ucI,1653536156251881607
cRRJt2W0MonwKih2,1653536156351799558
sghfRFCEt3F0vrGX,1653536156451837620
JhoAhLA39vzRbeTT,1653536156551832849
L87kMJzFKEDG4TnN,1653536156651874300
AaVrves2ZqU9Uvcn,1653536156751818029
2jYO1VbLhpZlGL6P,1653536156851864887
vcGoG7onvIwNCZBC,1653536156951851116
GhaHCBbty8fFTjeM,1653536157052031863
LsAbxxPsDLGPuPb9,1653536157151859852
69OGJz9H6mWXW8ur,1653536157251850451
12RwzqpDB3a4SADW,1653536157351827643
JbmcZtsfeMCAV4zU,1653536157452124314
7QQ4EDHQEqUe0fAH,1653536157551947952
GuspokSQ6dYZhX3m,1653536157652043939
wSrAd6Ysw0WuffCw,1653536157752030279
X4jJmAjqlHQSnRDj,1653536157851946453
r2rV8OL3Opv4U5y0,1653536157952234643
7hJtp3kaKA17ZEoR,1653536158051992910
GewM2HNO6JSZOQZU,1653536158151919806
6qNtt5UCFVHnh4Ev,1653536158251938646
iAHiPd4TuX0GvXkz,1653536158351932078
O6tHBNTPqjCXnQQT,1653536158451882270
Yf9xIDOCiPRewBbK,1653536158551942091
HUaTp1qfk2AXSay0,1653536158651879746
G7vWLHh3g8fbHHtX,1653536158751848216
lT0ZVqEFqNlIvjGB,1653536158851861167
r9gAQNB5Trgk6ZHp,1653536158951937173
1FOW3bjtyS9rAN3z,1653536159051962143
Wh9v4I0X7eHDBX1C,1653536159151963168
mPgqyOhuormyEnxj,1653536159251902952
U4eYLe3SGIeRpfea,1653536159351885107
2IO1g5tVufR7SNqu,1653536159451848818
RUQm6TDKkrlXWN7Y,1653536159551892769
eVXIZRlR6DYXaOPz,1653536159652029608
qqmuHzE1qyZKJeqx,1653536159752002077
8OGhn18tEfOm3oms,1653536159851972121
cWktVztJvQbE4RCA,1653536159952014627
nSpaTySgboSeaEUC,1653536160052058467
iF4DCvU5L3JNTTWG,1653536160151927160
vLrNHJ1s5RVgezsM,1653536160251930185
CuYMp2R84jUXC0n6,1653536160351893395
JcRbtSTztyfXyVu8,1653536160451858420
OSVBSuKUdm1qknu3,1653536160551891908
PLeHl6Ge4tA0M29k,1653536160651989377
ScwsUEN8yMwi9qjX,1653536160751968532
9MouS2YUtgVFgc08,1653536160852001057
Cuzg8Km6gimoWTJf,1653536160952123415
n5ZD76i0kBDRlDXx,1653536161051955422
7WbDqOHV61HbVaGG,1653536161151794559
foUksCicLv167Z3C,1653536161251950343
3eOs0fN7hcgACuQp,1653536161351915405
gsZY2F9N8ATFjUQl,1653536161451900171
7od7TyC8asGklfZR,1653536161551843030
X60aJ9xRJPf1r5ky,1653536161651917036
tL6KJGRr9hZuM8Lu,1653536161751840728
CJSTSNukmZjecRaT,1653536161851838013
meo5vFu4wTwHZFBj,1653536161952176999
ZdCz04hlcONEpxib,1653536162051946692
cUeXjYZdzTuYg3HF,1653536162151967032
eRDfWsO8FlK4g2eI,1653536162251884372
UInBpKpolhLSjafN,1653536162351944452
2q0WjOcy9w0oxe4R,1653536162451824848
vsdiAQUw5pMoQ1CQ,1653536162551829781
sCwZZWVgSTUP6Zp1,1653536162651898695
PQhZqBTt1niPpsnf,1653536162751810572
2hCbDhGf8k3EHqDg,1653536162851827393
GuE46fx5TdSGVDtW,1653536162951827678
u555kLis4l7LZK0p,1653536163051970054
FCrJrpMIQmYuzRQr,1653536163151856209
UTwEpe7rOEAxY8ll,1653536163251883475
Kc2ARMSq8zk5OAwt,1653536163351827334
dq7QVEFrQQoxWXgr,1653536163451829322
AjzZ3RPCO9FnHCev,1653536163551789940
2jJVwZMMx9HRgyIo,1653536163651913631
fHOihns3v8oCIS5K,1653536163751947118
CPo6wASrHiIwgZkJ,1653536163851866051
o8zTusXpyL1Gm7Yw,1653536163952196927
UK2OTSFkAVgq2R7p,1653536164051963453
X7IRxnGv7I9tNfnr,1653536164151996515
ypFRHSBSvqGwFMlm,1653536164251907133
T1EQpUJukQn73aw1,1653536164351928917
N9SeZc4VSJPffAR6,1653536164452037701
9fWw8nqsBdyEBuEY,1653536164552011726
2gBbGD4iWTN9bnFl,1653536164651997177
SjhaWYRf9PuJH8pJ,1653536164751867166
m0t3ExjiP5s0s7jI,1653536164851998005
pPrLvGz2frLuxBCj,1653536164951987290
95kL2S4PXuQNz7do,1653536165051878593
WU8Pk7SNynGtwSc4,1653536165151945840
XLPXnRxIJLfJSI7x,1653536165251889273
lDMVKorGa79WZka4,1653536165351766595
3ybqPW8jrn0I35Fo,1653536165451858175
JZIbO9syGzSph1rk,1653536165551873885
zSYMzg3oR36T7JHQ,1653536165651786652
tZ1FirBwpdjUcaFb,1653536165751814399
3nw0Szor1vK8CcY5,1653536165851840998
9XKqNVmA7Wej6tL7,1653536165951828764
fH55EuwFnHLzrr30,1653536166051929011
NNqktbu07YjBQ2H3,1653536166151811073
HM8UE2hzH3x8s07F,1653536166251857080
NvzEWrCbOulou2pC,1653536166351762161
MxgZxLYFOTNHTSWp,1653536166451860352
OU1sJCUh6DT0DIAX,1653536166551757655
Do6BAdQW6nlYEINc,1653536166651917365
kMS3Yulc7EbKVlsi,1653536166751923816
YwtgZJAe5wCJCXtw,1653536166851833897
tLxQGg2NtdgONW6t,1653536166951778663
S0Z2HhgMdqdpNWjG,1653536167051867225
she6LhREK7afbhY4,1653536167151973323
f54uniHQYuEtPx7H,1653536167251840405
cmNwTmAlujPVOxX3,1653536167351779264
1bxoHCCn5OgUKoju,1653536167451886955
a6q1qzkki9E65j76,1653536167551831017
J2saF2OIR2mloVfO,1653536167651837283
ZUNPT88BFMFK3MQM,1653536167751888771
MGxZJJriLdRA64Wf,1653536167851956573
Ys31yBADVNYYhwv4,1653536167951812062
DqdU9VCS6baDf5qE,1653536168051779513
xtDt4O6Xjc6RZzVk,1653536168151776168
p6CwbOMgxxrc2hqx,1653536168251854193
Z2qdOu97XFY6C1o1,1653536168351770218
80vhMHNJECvEuk9T,1653536168451625411
mx4AsDFPQoTcpHbv,1653536168551938305
FWdZmys0BlD5TMWD,1653536168651841367
KYNAmdZAP2lCHK8U,1653536168751811911
pl3bjtZscmx67RHP,1653536168851902750
0fZkG6sd6dpLwxpl,1653536168951807146
gqMOhvGJgCNldfAb,1653536169051932912
IhJWnC9tnyEju3Sa,1653536169151814437
royYiDrMPD72sHeA,1653536169251795296
yxgj7ncvjqcdr5Cg,1653536169351772914
t8EZL3vkG0l8FNGD,1653536169451901364
KuuQhWLRKv490Eps,1653536169551811038
N3Rg5LRLLASbXimp,1653536169651883451
dhFIBYjWUofU0TML,1653536169751847477
Um2Z5RtObLx81ixc,1653536169851819909
NBvYje2DQggR92md,1653536169951804138
mmBrD4EmNBuMtqzG,1653536170051896478
1spkUpwtVcKec4GP,1653536170151996002
pPE2TSpoehAVV7mW,1653536170252012823
zZFSOBLslfUNhikW,1653536170351803220
7zXaPKO3zXXVeJ1e,1653536170451835782
qG6CPR4A4XYjFIEN,1653536170551841011
Flvf3Ig2pDXTUX5K,1653536170651826665
nBXBaZJc6rMK8YhL,1653536170751861764
JcyMufMhsuBLRGfC,1653536170851893882
QANyihboWv6cTnwk,1653536170952329127
Ou4GZQyQI9jjNOun,1653536171052114987
XFmFuL1RE81hvvPH,1653536171151836032
qTYNrWlAdUryrlmO,1653536171251855983
1WdvpeK3kKigF5v3,1653536171351846860
YTRNxAXYfPXUAHsB,1653536171451817051
lT5a5PbqjHUzMP0u,1653536171551678485
tRFoanNDAshK9XUs,1653536171651843398
0ZS5w1vgINdendWe,1653536171751836812
3lSdYnogdV1k2Tc2,1653536171852005392
025u3zYLM9x9nTlo,1653536171951864269
FCPlzDSbgRLiswiq,1653536172051964461
ylk0kJJ5SHEDiyzv,1653536172151795246
AMh7X7iDW2tOybCu,1653536172251811826
Nwu5DCAgTNr9Lr5V,1653536172351754185
BkcjrJwNLqjJPvDk,1653536172451783192
p6q3I0hjLWqgLv9X,1653536172551670254
fmGU5ApO0WhORs8F,1653536172651898389
wyGCxxtITkxnf6KJ,1653536172751839877
qanvkbHj7w7XpFmj,1653536172851787570
C2u7xnNQXKDBRVSH,1653536172951791724
3DBmoSVwPaTCpDtz,1653536173051894045
Fn6AbUY6mkFDFhTJ,1653536173151791663
te5h4YbR82dvFXvS,1653536173251868207
KzctRByEvDR8tsRk,1653536173351838306
WUPZ210A1e4F9zfR,1653536173451781628
wGJOPHcIU1QLuq5O,1653536173551645894
KVxLUyTVaXihUO8R,1653536173651830048
eRp3gPL9OjUIZYfs,1653536173751839740
1aBVWey6Ahle3u3h,1653536173851796858
JsiyF17ekZuI7ZA8,1653536173952040289
ALbgxYl7DWmGOpvg,1653536174051963759
gdetclXMKQeQxmW7,1653536174151780859
78m3eVAr1u7Oi24O,1653536174251832458
dgFDPlZjBC78weE2,1653536174351791520
m05OVFFUAMqsMsEx,1653536174451786786
YTAxEhfNrmWoQkqA,1653536174551785885
itYB8ndG7U6RMIOt,1653536174651799095
kWqwETK3GqreYfpE,1653536174751780158
YLPf70vEU0gpI2i2,1653536174851738794
XWxj0HmE5csdHfro,1653536174951801059
zET6EMIhMwWdzCdW,1653536175052010750
iaFgpzsubjVtOKfL,1653536175151861072
Y8RlUkSpgwQd817o,1653536175251860912
cMTRKLKv4pmRARmg,1653536175351849178
ZCR2wrpanDEtELgo,1653536175451798018
g9E0UYvXNgwV7iCf,1653536175551774284
ubhoTUPEhb6vwmka,1653536175651918234
vyaNUUsrAoLHXXuP,1653536175751912315
6bCZ3bmkAqe4cMfV,1653536175851762952
KDqohjdpXy52TzQa,1653536175951812236
Zc7cBrLLhxPHJ2md,1653536176051805558
GdPvK0lrxosQlIyK,1653536176151879582
u4v3vEObBlsUod52,1653536176251839552
ESxYSgNNUFmGXkYP,1653536176351760207
mRSifqHoa7IOkLQy,1653536176451757603
nLUE2sbU7Nid6H2s,1653536176551748054
iTYMJnArvRDfkdcY,1653536176651818579
x4kzwJT2fAdlRdb7,1653536176751641327
68ROvcFq1TUl44H1,1653536176851758759
8zy3JQ3yaghzJG6Q,1653536176951846450
OYmK8187ScsXg8Wn,1653536177052017641
7VqQttMTZ3SqKWEg,1653536177151784852
20y807FSh6zMCU9J,1653536177251854896
xziqq4JN6jDODQ2E,1653536177351802013
Q1MQ8arneo9qII7F,1653536177451778576
Fp35sKSw3gIF4KTU,1653536177552090544
LntRLiFzWOnnfv2u,1653536177651879848
i60YQSSS6kf836dM,1653536177751815577
tUoFC1CgN0T2vWxb,1653536177851825454
avAyLcOQN1YO79k1,1653536177951833590
dWEnXQUtOxvJRqvz,1653536178051865189
l3w5fIV0K1ORB7Qm,1653536178151754307
deY9322RxxjNmcKV,1653536178251767610
fEaKX3Jr5fIEmj0Q,1653536178351721709
LYZMYZmUUVpG57mk,1653536178451724642
MK2tOLkTz0flhf91,1653536178551826796
CgLiF7Ckaz0f7kPT,1653536178651891099
5QKRj2si2XUiCbjM,1653536178751823235
I45XAHFkFEQMynn1,1653536178851762816
D7Sx9Kd9r5p2hYOz,1653536178951754841
bTUljkTyytKuh5ws,1653536179051841033
AOnJjRQYWGaDmzAL,1653536179151897817
Sf49PY7LRPF6UBxe,1653536179251797027
YkvFBMniaOtML4gl,1653536179351745182
jkv6I0RiQgouqlZO,1653536179451712226
USdfmQLMmFh5JNp0,1653536179551871380
7k6QkV689s3zcaL6,1653536179651757610
2ylnN797KqDdB0bJ,1653536179751788653
ifhSAnbJfcHHAcLA,1653536179851743364
Z7xuC71WvC77CiOu,1653536179951802222
L5LVqumVU1lee6oB,1653536180051796376
Bm5Nr4rmFyrReFKz,1653536180151823550
KdU8VFczGNbsRN1d,1653536180251829815
76yy9qjOmanRo5Q6,1653536180351728008
gtFB6r8MChDd5EEC,1653536180451713218
JBBS1solQbCEhbLN,1653536180551793243
SaXYRdubL5EQKRcb,1653536180651719601
cl3bbrM2QXG58bRa,1653536180751616405
9y6Yb09w4MKOnxxN,1653536180851826892
g0wIpGKDnYJtAkRH,1653536180951908731
gXqFWxAaJUw6PtR4,1653536181051903071
rNKeecrPA8JIqiaU,1653536181151817393
GOikLsIfKEji59ku,1653536181251800881
W4Y8gNYqWr7KZfpn,1653536181351717092
3XXMNpzh1jN4s7yM,1653536181451717006
9UVps3eMsjePOTDR,1653536181552098751
yilLWl1VUMaKSYeb,1653536181651916962
39RtA3D2mrSAJdZF,1653536181751946950
JKZp5YLXuvpMRUyS,1653536181851842106
bNJmQWmAMCKdntq7,1653536181951821853
BPuHxDmq8cAY48yf,1653536182051811249
TIPrmC16MLjACaHO,1653536182151888199
x9dvNNjTzt1300hT,1653536182251820040
I6L2GM9dgslsQ0EO,1653536182351733250
9pHWD00Ar1ErztLF,1653536182451734201
xgIE0RpgHaXgaj2j,1653536182551589282
ZHGkHEu8D60DzJQx,1653536182651768510
xg9x5yeLW916s1nP,1653536182751664110
I19ZF4fTAde8w25t,1653536182851712505
jEpoAR9ga8mS9XsR,1653536182951742845
Zzym3cFCFrKAuP1b,1653536183051713611
bqNlHXRpdBGli8AH,1653536183151872987
7949jHLw7d6106ab,1653536183251920549
uxMASlz6wFpeLzuR,1653536183351817353
6wYpBrmIUqHUur5p,1653536183451811915
pPxF8wL4A8gT8YuE,1653536183551994531
UQ2gHmwlcEFV5IIs,1653536183651819613
fF8nBRpJaWng2fsX,1653536183751801138
6uBNg77HLMmPd2HI,1653536183851799237
HN6QpvkPPV3S8vxE,1653536183951820059
q6aUDfjX1TueV9vm,1653536184052067675
X1DKuvhKQkmYfhlT,1653536184151862905
nJyyyhTx9NaeVVR2,1653536184251812856
UcMOX1gxlSTQ7Cuu,1653536184351873807
TqtRVMNeixJDQiDs,1653536184451620315
KXGrYxmJNDhVOZNr,1653536184551771950
PEJtbeXHZoSzUfro,1653536184652037900
C5dk0N1MbirzGCqd,1653536184751828778
R7W0j2HIohHJM67Y,1653536184851688322
CjGA6FWfxLcBYRpz,1653536184951753532
WLxGLCYAtoTFuYl4,1653536185051817501
FzDKEjz95aLd18aX,1653536185151865526
RVnnhKvY8On0uW38,1653536185251723626
TGShzPo2z7f0FDWh,1653536185351724873
iHUNbPvhlggdAjjd,1653536185451706936
xBIub7xYCaXSo39U,1653536185551726775
IbqsyjZhQFIYw2Ct,1653536185651702504
DSmmXjJkJqA5rHY9,1653536185751778159
sM1o5ZTTml2jlCax,1653536185851675258
cMhA30sNq2QfJyn9,1653536185951773598
KoxQLOr87tpt3Nqg,1653536186051801030
iXqlYi8MiX21VpAo,1653536186151732537
b5CvT31avqTyBHct,1653536186251628896
nSfL8lfqIfpmSza2,1653536186351765365
4kxVny6imXfxnHra,1653536186451670335
iUtoDWdWCSGcSoeU,1653536186551676286
Yb0LX42JZhHMw6uc,1653536186651806699
anRlI4HUWV6wJjRr,1653536186751835817
KPDqTD90sOLoUFR2,1653536186851712843
1qoJu3lOZpLsYkit,1653536186951728719
9vjc6qcyFvkhB9kA,1653536187051899336
zWTrXCG61ZxaJfRS,1653536187151725992
YA2eyccDYKtjUbrT,1653536187251757572
7KJeUZjV6g5PJWrr,1653536187351747968
erTdT3o1NhirIZJN,1653536187451669697
rc0L9jrFNwcgRTV3,1653536187551776388
KygnzTnM8VCP5Tmw,1653536187651980820
3kICT7Po11USSxWm,1653536187751788086
tAXsbIDkoN9rotnr,1653536187851671353
c335AQsARKctI6dB,1653536187951773174
F82qRDaDYh4MZrDB,1653536188051659848
tEE1e6B5RmwjsZs7,1653536188151914075
fsw43UHbCLxjBAu4,1653536188251764231
M850DH3e3zLtWBzC,1653536188351740885
2vG5PYhZrcI2lA47,1653536188451639522
HA8UPB6Q9RJfaGpc,1653536188551685602
B4iZaN6RzPSkXWqo,1653536188651679554
ewG37MREljsMzhy9,1653536188751703134
leiLzolxBDhjjVVM,1653536188851670067
RmPX6plsYdCXJ8g2,1653536188951786536
nMMk97hIINzzsVLK,1653536189051711524
FjrLYaB6CNbVWGXH,1653536189151789067
ct1jyj2G6zEySZGf,1653536189251733519
I51ogAusYUL4kqJK,1653536189351697766
iK4g34v7394UgK9x,1653536189451683995
O8l2Jesr8Dts1CCj,1653536189551687372
UEOYIHdKOhm40v1M,1653536189651723008
4lONPGCVR5LSFVCj,1653536189751661867
kaF0rtKFY6HW0Hs4,1653536189851650688
2GPPUZuveDOriaaS,1653536189951693028
8qTxhlADqRkqiasi,1653536190051871941
pH7JozDQCbHv9rNF,1653536190151771707
foCKaMWQlEEUo6Cb,1653536190251795529
LIt9F6ZSfqLmfg1J,1653536190351730036
VBb3V7RGLfk8jvj4,1653536190451613765
BaBQgiqJYB5Bs6SL,1653536190552286990
F2Mk7n1RQjZ9cGDn,1653536190652197905
rMCV42paCuj2zALE,1653536190751848802
ChzJUyiuhH1IWC3L,1653536190851827864
YFqcGdAQYtSV3ljF,1653536190951884019
SgXucFmIVnazzdKV,1653536191051881507
r855mFVI8vnAgUN6,1653536191151835199
Bu0l8k3bVdaSFsx6,1653536191251873335
00BmFg4LZpVDKtJT,1653536191351777508
lHErzISUt2w8urEt,1653536191451806756
rNf41iPaXvnrm4KX,1653536191551669800
JXPIppmisgpkV3dM,1653536191651844509
RHQSxo1UjmKTrc08,1653536191751744609
9NRwDBd3qSlLTPgs,1653536191851768449
e4JbsK3Z6L2vy345,1653536191951959362
OT0bedcS3OoWlSNP,1653536192051844684
WgyP0zy4L1yH20KQ,1653536192151949505
TK05vcYy0KTlmq8I,1653536192251720698
W4hU2eWNfUcfUu5x,1653536192351677686
F31AgZ7etaOfOUvu,1653536192451768988
ZdMbFswuLWXpQcld,1653536192551832346
gmoKJtwATKprnkjK,1653536192651847279
L5vavpSGJz4hanLE,1653536192751746452
X7Wq0S0TlnIYVzsp,1653536192851756737
4lNxYqErnGYL3tXa,1653536192951773466
y3OyUMPF9hncgdRi,1653536193051883860
OpgudsjO6Hk99Fh7,1653536193151723849
J36nPV0WBl8pOYYk,1653536193251755744
NCey2NM8c4FjKwrb,1653536193351711529
zvMMOMqX7yNVUtDp,1653536193451762128
5pn5A8DmCSWUML3J,1653536193551792079
EPdclT8sPVLuMWjR,1653536193652070899
LVUVdhGn7kGR5JkH,1653536193751787240
jLrUozLDUe5qBnFU,1653536193851710673
IhytOEgTywu3GcIx,1653536193951841679
v9Pj9kvbN0QWlf03,1653536194051785112
NywjCbB8V39jeRgZ,1653536194151850970
b6JkoCLBAlhwPgzk,1653536194251694274
euRpTcxye5gIWMr7,1653536194351698354
Q8rFIBQTw6PJkM3M,1653536194452598615
ETBh57ejCKzgepo5,1653536194551503239
xdKGoihjm60WS2th,1653536194652031817
V2Ma70IHIHyx4m22,1653536194751687770
NKGA2vrn1rJRtA8M,1653536194851693424
DVvKTDcmSYjXIjXf,1653536194951792671
3ln3geqfU86LIDiT,1653536195051720567
gdm9oMtGuclCJGpM,1653536195151741833
1dQfHEKjMP5dcn6I,1653536195251707858
OsPCCJS6tCGDS6ZU,1653536195351700679
jx7yCQiWpl9RWGhu,1653536195451727612
666JNWNHgeS9k1bR,1653536195551681156
xiP765dvonKK11C7,1653536195651782088
6GORnmiTQAaAABb5,1653536195751745372
syCy2puqcC9dCLjI,1653536195851686453
c7jNrQoHYPPiYylQ,1653536195951713071
xxNxnHnNRuzdGitq,1653536196051824299
nbDf11uXOIExGzLB,1653536196151662491
xi6ixs5Pm422musY,1653536196251672220
V3BU531RLFMaFijA,1653536196351639097
QqsOixlU2lVmfNIA,1653536196451690955
PTeSVetqtGO6y8GM,1653536196551528537
w8ie4R64Dbosx71M,1653536196652191855
Ydo3Hfs9vGDrMUCI,1653536196751831048
asueK1gXaVNVcMrA,1653536196851697297
0dCFJ4MCIa2d2Ctc,1653536196951725118
4oFOnvtLQFr0bgBZ,1653536197051733754
KLnbN9lfhlGjxAM2,1653536197151923760
wZOjUG2tVtt6a2gs,1653536197251770656
NTRkaAOIwc1rmLti,1653536197351763625
sGPLWSEzJ75t8jjV,1653536197451748706
AAEjLa1FC06zKyfC,1653536197551681583
E3XiVlhorkgzSPSc,1653536197651686979
YeLrEK6RLCOdA1pM,1653536197751690430
4L2X4jKvSysuLJUt,1653536197851561215
xqkC8obT1x49yuU1,1653536197951674647
FWWHEoDgm3Y6M2zI,1653536198051722598
qiUzW3QV0VdwN7va,1653536198151665475
bSrpE2T14z7Q24gq,1653536198251731926
kAnFBCkBhL82S3c4,1653536198351692043
TRriUJhYImwKqd9Z,1653536198451646735
lwox8Y8nuEpKGPMh,1653536198551625872
rEPJX4ppql8fMFE8,1653536198651601101
B23IY95QOtjcG5H5,1653536198751630607
HfOmjDaYxiDJxPP6,1653536198851701521
PSOvcSMyL5YZ8pfQ,1653536198951660361
U1CCDmkASvRNKpUh,1653536199051824607
HqcrIypb1L9ABoYd,1653536199151721022
nip0TZ8vUaHmPlTe,1653536199251632510
Z6Wq2JR2faAoMiRA,1653536199351616535
OF8roHnHp41CnTqK,1653536199451624838
ZKAZcabH8j3VRSdq,1653536199551684030
hlhU2SjpUk1FDsak,1653536199651761295
AiKmIt1Rd4u2VXqC,1653536199751880357
GWgJyP8R8AgJ0E48,1653536199851681253
xMvDDueqzWrU3heK,1653536199951709074
DJbAghbopF8nSAwP,1653536200051726303
WrajlFYilPAn4n5I,1653536200151827476
6gQmNzZBEhygru3L,1653536200251562595
je4VrcBazKL47QKD,1653536200351718971
4kxQjWbvBZc2UdND,1653536200451638237
FQg40qd0Ay2FNMQR,1653536200551630855
4NrnsSi30I6UuRf7,1653536200651653880
pKCqAnoIlqX6AvYE,1653536200751705201
IN1AohEoyIGshvzX,1653536200851662652
F9LNw9dgxAm75IJM,1653536200951809529
gKUSzgGxwWncPn9d,1653536201051744610
uSypZcVWmFbqWuAA,1653536201151901541
CecBJq7FKurjfyKa,1653536201251743937
OJPxvsRf52Tbudl4,1653536201351814425
GLEZBLmVFeFvaXVz,1653536201451928579
qswlkMPpMsPHW8Lk,1653536201551973271
UZJfs598hM1GtUFk,1653536201651710464
M9T4VsrslG7FPQzr,1653536201751699822
yIWqLfw1zxHtRUdl,1653536201851694088
b4p5xfxiv2xISw7O,1653536201951779187
CeFVH9UH7l8YDlKp,1653536202051776342
p7ukmpQgpLwFF4eR,1653536202151659701
grvv0PC79KeM3w9r,1653536202251681652
31boo2SdNOtdQX26,1653536202351612436
Ox2MLCUUV6oW2yN3,1653536202451600832
zxpoxHPIgIt4nuBB,1653536202551612487
pBWALycq4RN6Pi7M,1653536202651739530
dx8YEYpsqixea6nQ,1653536202751770536
HJYcHBRJcmPzSVL6,1653536202851635543
SUcg2RXq8UUiYG6p,1653536202951659235
ZdPpoq8OcWN51i9R,1653536203051653427
Al7CDc3J6V1el6RJ,1653536203151917117
jr6VfCtGiGLhyS89,1653536203251679106
BEJMqKfvofXZlzqS,1653536203351656058
ouxR7qhn60V2Sb9e,1653536203451619972
pRyeleZZJ6723vUp,1653536203551618126
qRHxFyiLzDLPnT1c,1653536203651953891
u0GdenDvsIxvBPj1,1653536203751735584
o0w3wdOtqhJdAIE4,1653536203851658424
ISiuGtn69i1K7iKv,1653536203951677912
iEwdrKWg0nHA6TDM,1653536204051676770
wvFAm0GvjFDoyVie,1653536204151762017
keHbxmFxZX5f0I0u,1653536204251663783
BF4vDIowY2jUXR8F,1653536204351602272
3OpyA4tjZzNYFNSR,1653536204451593371
aXMnn9iLBRpgqwut,1653536204551669414
KjsUllBLiYrytJNT,1653536204651680939
ohFcqxxzMleChY3z,1653536204751651687
HtT0dcJLBAH4UeWG,1653536204851620064
KlsAgoA2ZoCEKFDZ,1653536204951660996
9eZmEr5P1NSTzykJ,1653536205051741410
hcUNOcNxOZ9imKHv,1653536205151640046
wofBfjaf6085ysPf,1653536205251636590
Tr0rRLnpuwVhFkaB,1653536205351580208
WEMCvvr1vx4soRVH,1653536205451617159
IW8hrtWkozP3jxEE,1653536205551599258
9ZQ4UF3NA8FyZlFq,1653536205651825189
FMX4F2o3zB4j7JvG,1653536205751755159
sLLKYMhiUxh2guqv,1653536205851502908
ENxSNmTNvY42rzHh,1653536205951645155
Ia1owgURb9RH4HAI,1653536206051663939
c8k0sELlkPobM5Ge,1653536206151775167
fFSbvu0X4Rm8ivOL,1653536206251599397
37JtJee31QcNVsz8,1653536206351608348
7Pi0JiVN8IToDs7E,1653536206451560595
xQ5G2jH3AtOdjNmq,1653536206551527806
kSo4AKPGct5nlCzg,1653536206651802441
b4wdlDfv41ZnPJb7,1653536206751661652
lPBthbAHSD4BP1r0,1653536206851668065
5lcrwHk0IHlfYKlJ,1653536206951724850
jwBPVLgxWl8vkxuq,1653536207051666893
iWfelNc1fNfDhQVP,1653536207151742270
KgoqzUlVDsOypImW,1653536207251630018
mPAVmnVR8AdqY8Ds,1653536207351627136
m1glTQGfGcb5vNZf,1653536207451597179
ki9WVewboZRKfcCR,1653536207551625630
brC3HQiX2JaveAbO,1653536207651452897
sisLMmw8JMSyyeNa,1653536207751776069
VZbkxJHyastC0SYq,1653536207851669279
AQBUD5cWR4TOhqwA,1653536207951755860
OXvLoCHO29a0b6qk,1653536208051749144
WzEh5rCUtdqaTklr,1653536208151726003
HgB3qQRrZzrB5gta,1653536208251609010
f5FiuPBo21OWm7L1,1653536208351591294
nU5cvUTUUIdXyU5c,1653536208451612615
aLKUkVInXfHHmaGY,1653536208551457567
5LA0qbSIt4nqYtS8,1653536208651632980
CmdwGthlYy2JZIrc,1653536208751760171
czaQY2gP4TFdKflW,1653536208851595049
SMTgE8Rm5R3chsEJ,1653536208951647111
rmjPoPnrr2UBiDi8,1653536209051689062
a9ooHDYKecwLU8dK,1653536209151775105
uKhhiUYZV2iBFQJn,1653536209251602576
X5ZnI87ui2DAAqS5,1653536209351602304
9AmrcIO7K6GXXZL2,1653536209451592978
cupu0xogz0r9qJCz,1653536209551562892
Rwo2EC7WJO4oxNqa,1653536209651612787
FgSGbFwaFlh53s3U,1653536209751793663
orW14eVL2X9xszV8,1653536209851614171
dyMEDGmQ2UT5KWX6,1653536209951728084
M27Qeble8sb1r57T,1653536210051679887
3ThEjUejw7mGcIMy,1653536210151641968
KSMw15a9x98mEFFF,1653536210251920269
ivTQP59LBuZnCtjU,1653536210351737314
L3OK8yU37cpKq3ZY,1653536210451649765
y3wN64gHyF286laQ,1653536210551537106
oykuwEx1pnJfotBm,1653536210651705482
u870CnIA0IG62qWq,1653536210751683451
oHjiTghGR1vFs71m,1653536210851594458
D8mPt2XtJnyLbSBN,1653536210951751816
js3BZkR0jLEbQDLd,1653536211051721712
K60D8X5PI3krVuED,1653536211151650904
mFMLxnKh6WGWjc73,1653536211251657003
i7HocKEsLyjosv1d,1653536211351670287
ALy87GnDm3iWdpXL,1653536211451603516
vo8X6KORG7G71FkB,1653536211551470172
bgHix4th6bDhRl3K,1653536211651633029
X9peTD3jJJoKZYT8,1653536211751727832
FlqAnjrrL5Zkoa2J,1653536211851625765
hrvA5zrOGggnC9vR,1653536211951658512
sjbeTTVmW2UIcUbH,1653536212051694278
LVRQSHmivSU7aPZS,1653536212151704692
986aZaK5cmNDGxSb,1653536212251655421
Qu0s9kY4B29lQgBX,1653536212351683538
pG7OqPSQ9nbPi4y8,1653536212451595323
wwy5fV7qXEZvvkSk,1653536212551466719
0X6ouYF3KoQ2sNBm,1653536212651609318
J7pwcum89J344Um2,1653536212751612398
1qrwN4xhsOjjlsV2,1653536212851703090
0JzcDjiM1mO5GA5F,1653536212951616578
zuBMy73pVmYEf1Ed,1653536213051647733
IBFWtyquiFxwN2BM,1653536213151587110
xLitSlivYE9BELoW,1653536213251641209
X12QxtId8FZTFjqA,1653536213351601475
4Y4UKmPqzWzDpnjM,1653536213451559352
mmkid0LjFtCTc2de,1653536213551556451
bh8tSVhRzgeoRN9D,1653536213651609457
7rtksFR78eaigCMF,1653536213751552279
tS8JxpkwTMiuir6p,1653536213851620748
jzYbEzgKbF2IROVI,1653536213951636088
qcclRKfvhOnPDtCu,1653536214051706002
tkT5i8QJNQZmn54d,1653536214151584861
heN6z2zgOn3aeFSX,1653536214251921273
0wbi2zzPPZ9CeBoJ,1653536214351748540
qBPpBPTYAW6olYKj,1653536214451652214
SvPUuPtHw0UaCIr2,1653536214551463258
RGpadI6lmCYVlsFD,1653536214651683189
lcid1ZuvYOTkeKk3,1653536214751684992
ZZeCpkwbvU6gMJr5,1653536214851588814
wXiv5crdzKNbf7fC,1653536214951558506
eHOTzI2um6Y6QQBK,1653536215051608642
xrD0U4dRNy205fCh,1653536215151690056
wY8urAobHLifjtxe,1653536215251570970
lAfDFIeaHeaKKk2E,1653536215351588921
IA87JvjaERDxIAb1,1653536215451602798
KGCXZo7oTf8lPAzi,1653536215551550620
J6nczWADxLAEVlFn,1653536215651580367
2SJZGONh4VSReQ7v,1653536215751545040
WvXTRfgP0odVXqGZ,1653536215851599380
IZ6XyTE0xhRZ7ZUb,1653536215951632812
Uz4veiIeWt73kLb0,1653536216051602393
vfXr7kr4RGbWp55H,1653536216151531122
29DgpTIJNNK5iv5b,1653536216251832923
ZbSgLHikYJELMJdO,1653536216351616635
Qo2FHKYchsfNmlzL,1653536216451579882
KR1dhjND0bYMu9iI,1653536216551554408
xkXD23nhvT4fC30W,1653536216651624210
Tz9AgUNg3t0x3iDy,1653536216751914363
QkBSnx9gQEMcFM6i,1653536216851677834
KDq0hBfk5ff6Ms4m,1653536216951729248
aGDNDM3bYNBoiHU2,1653536217051685329
UJ09UftXJWdfMiPw,1653536217151655724
wcJ7xKgVirHQ8mQa,1653536217251558824
3QhV6Y3N4e0QKNME,1653536217351568053
0dJvvzQdqg1wQRUT,1653536217451577115
qByujzHleHByeVBc,1653536217551598825
6UX2UwdIcfD24fVu,1653536217651559684
rToYR3K5KT1xxCX3,1653536217751710930
f5571jPbMadOG6J5,1653536217851630882
X5by9v3RN3MKFuLs,1653536217951599129
zRzy8PZSxAqDG9Gl,1653536218051597136
DskKllj8o6Q20mux,1653536218151694660
ButJHQjEaZQohgZu,1653536218251618334
YJCK3vQr1rtzbmum,1653536218351558304
gn3vDm7lLXX0C7ui,1653536218451566422
O60R2RH1GA1rwvba,1653536218551560650
hcVuMdeh8BgKGa3d,1653536218651656990
f34fSJggUfXOZ6xE,1653536218751616589
iQ641kkAuQSAyTld,1653536218851560337
VoGx7vebY9y5EtJw,1653536218951560954
JQzL8hT25tB3Nwfs,1653536219051587405
kvnsoPRNXNSlGkfa,1653536219151538153
AetGJKHODSSaM5Q5,1653536219251451419
0CvpbMA8icryMXWU,1653536219351541536
9NlTh2rtSJRmMsrN,1653536219451558802
4mAd7IkpsblF8GhI,1653536219551561809
dQlJQaCssddETUZV,1653536219651527149
Hh9MztBsSu5bAmro,1653536219751707025
Ba5bAFS2q5HKZono,1653536219851621458
Ww8VnJLGEQpMBe8M,1653536219951593076
EDvOSNPJSeb0SOmy,1653536220051696026
JvS4CnIOC7lNlthx,1653536220151588422
7cKX0joQNNOnmBk3,1653536220251556966
4C7GxQf9VOUFH9CM,1653536220351604805
mWskDg8Y4XMog6pk,1653536220451537275
GwyDMbLqzp5HzHbj,1653536220551544930
mTRz8ZYA4sykwnSC,1653536220651504955
hPN20isyWxFTEoAy,1653536220751946423
IbyQ8WaDMWvIHMUy,1653536220851671634
lpyjWqh2nuT0jdyz,1653536220951723474
CuNKOvVkRR2glUcW,1653536221051651777
IbDoRvqDpHBYs7V4,1653536221151689210
2sMOns9CH9s2cVWu,1653536221251554809
4jiVeWgSlpydxUfx,1653536221351557520
MzL8pSK6aD6Cga4k,1653536221451600711
ImDuGsM1hLccnHX9,1653536221551527922
ErF4Ja8tlD3Rn7B5,1653536221651510040
tM07EK8wdiWQx4YC,1653536221751615786
vnGCNM48Z7XNFgQ6,1653536221851557515
3OEHjKBM1glyiJAd,1653536221951552689
6OnSlrYKz6fCm6Gp,1653536222051603806
SU5BnEWosFkaYvDc,1653536222151533998
Hz22qbLnh0xR4EFX,1653536222251423135
gIgRWAFPP0zvtBY8,1653536222351528289
8Y9w9UioSfGVrV2Y,1653536222451526870
ngzHrDeGBcC2liAt,1653536222551502525
GJnOlVCEBQh2tjYe,1653536222651505939
PYwElYVu8fwtL6kZ,1653536222751792111
OYv936LCW2FQjn47,1653536222851593192
JyL2VowdRsVkxFKL,1653536222951554384
nDSpJm1qoEEW0GdJ,1653536223051704353
DwMilGJA9ov44DPp,1653536223151614323
QpckbeYOqksqyVAB,1653536223251862625
PUrAkBLrxGvzTIpr,1653536223351572392
8PZh375upxioQqzq,1653536223451622491
Kpy3yHuvVqtw6ioE,1653536223551613257
7Nw9Tz1Ivj6JY47s,1653536223651595597
t6vpLoirebnkHbxN,1653536223751686177
xrWQoVihCp1kt6dk,1653536223851521166
CWXYKFNwrAf6kaTh,1653536223951587487
Rz7FSnvfcwNT2yBD,1653536224051669826
Vgjnw6ilENryxLdM,1653536224151684907
IiZjWUM6QjYRijcB,1653536224251577451
QLyKPg5b1uawDDIU,1653536224351540550
wsDQMZWlI4Aymm9A,1653536224451558223
58UUmX5mPdidp17j,1653536224551499564
rI9Brfw7i66UqFev,1653536224651498589
L8P6dTs26aftZkcO,1653536224751569058
0larPUx7b1ZPEDLa,1653536224851488898
LkgwBWyG4c9eKk2L,1653536224951547201
TaAs57xe6W3LjOt2,1653536225051535041
7XwG3vW7XejrOkAr,1653536225151562214
KLiNSf1ZA3srRlsW,1653536225251599054
IonLjHQEvA4JuEBC,1653536225351576894
Zta0WZXgcPY2AQYQ,1653536225451502919
CJlub98WJAqBNzMw,1653536225551518407
suuOTR34oZ6yxcO9,1653536225651540562
u73VHAzYKpihm4ce,1653536225751505735
wW1Pw2RkbXhY85f2,1653536225851490853
BjVQtUyBIer4gTjc,1653536225951537767
xi0rkRcJxHr5MW5V,1653536226051683791
Dav44sGMW5RDY8nT,1653536226151551650
onJYDvpAAgFUAI0M,1653536226251562990
stQwleJGjiTHoEjc,1653536226351552867
228FvxN5baZjsX5k,1653536226451488115
RWgCAxSudt9R8q18,1653536226551478603
q9Ll4iofIMPArUuI,1653536226651584905
yYT9Ut17nAXt1Yzr,1653536226751623337
iKbk0NQIhnQZFIpE,1653536226851497752
qILKCMQxWxoVVnLB,1653536226951675091
5uw5HKNx7nWK3LYt,1653536227051596820
ctCmFcjkXXD0IYCN,1653536227151646271
Q6SgOndTY7nbQMS2,1653536227251461445
DeoREV9l0MkItudJ,1653536227351626229
