J,1653535626468620994
9,1653535626568584908
g,1653535626668593840
X,1653535626768583736
d,1653535626868573428
p,1653535626968585842
L,1653535627068614959
I,1653535627168613466
U,1653535627268585102
f,1653535627368588720
z,1653535627468561208
Z,1653535627568576714
V,1653535627668575240
B,1653535627768602765
K,1653535627868598530
r,1653535627968585815
C,1653535628068559896
o,1653535628168555847
E,1653535628268559224
O,1653535628368579397
X,1653535628468562144
N,1653535628568602095
a,1653535628668561176
9,1653535628768581293
e,1653535628868579670
E,1653535628968593843
E,1653535629068559776
W,1653535629168557653
0,1653535629268571771
Q,1653535629368555611
T,1653535629468546840
H,1653535629568549791
X,1653535629668550705
A,1653535629768567600
o,1653535629868552032
9,1653535629968578817
z,1653535630068544990
7,1653535630168584978
P,1653535630268542003
R,1653535630368634861
k,1653535630468544072
O,1653535630568569153
y,1653535630668539585
E,1653535630768564981
a,1653535630868544247
G,1653535630968616734
5,1653535631068544926
m,1653535631168566988
5,1653535631268542273
H,1653535631368556594
8,1653535631468534749
a,1653535631568575200
e,1653535631668537336
i,1653535631768561769
i,1653535631868542960
G,1653535631968564208
u,1653535632068537992
u,1653535632168537258
m,1653535632268550820
s,1653535632368565160
I,1653535632468527852
G,1653535632568531988
9,1653535632668530643
o,1653535632768547149
O,1653535632868563248
w,1653535632968560292
x,1653535633068535836
L,1653535633168575601
1,1653535633268562145
M,1653535633368561281
m,1653535633468555825
m,1653535633568548276
k,1653535633668554449
j,1653535633768551937
0,1653535633868546629
K,1653535633968554580
z,1653535634068550994
3,1653535634168548038
4,1653535634268603785
2,1653535634368553588
K,1653535634468540909
A,1653535634568617304
d,1653535634668549163
w,1653535634768547170
s,1653535634868598454
J,1653535634968555016
C,1653535635068548060
k,1653535635168523141
B,1653535635268565202
z,1653535635368632968
c,1653535635468551845
U,1653535635568542852
D,1653535635668545303
k,1653535635768528347
I,1653535635868519779
Z,1653535635968536841
e,1653535636068538070
D,1653535636168528114
u,1653535636268542213
f,1653535636368519442
Z,1653535636468538319
e,1653535636568536547
P,1653535636668532443
H,1653535636768503450
N,1653535636868509641
N,1653535636968534129
a,1653535637068534747
N,1653535637168580809
Q,1653535637268535056
c,1653535637368586322
P,1653535637468529847
i,1653535637568541335
n,1653535637668535323
0,1653535637768504460
e,1653535637868508207
d,1653535637968524121
H,1653535638068522868
r,1653535638168503856
O,1653535638268545067
T,1653535638368589573
o,1653535638468525376
0,1653535638568501457
v,1653535638668525926
z,1653535638768544951
i,1653535638868538162
D,1653535638968522372
W,1653535639068499693
M,1653535639168512959
Q,1653535639268500355
Q,1653535639368505009
0,1653535639468535590
x,1653535639568517930
4,1653535639668526585
P,1653535639768497554
E,1653535639868513153
Q,1653535639968516456
l,1653535640068514870
m,1653535640168518395
l,1653535640268515328
9,1653535640368518816
P,1653535640468515563
A,1653535640568532551
q,1653535640668519280
C,1653535640768489842
9,1653535640868489682
U,1653535640968532189
p,1653535641068515825
Q,1653535641168513998
J,1653535641268530949
B,1653535641368517956
r,1653535641468528092
5,1653535641568492265
A,1653535641668515772
m,1653535641768490390
2,1653535641868510915
s,1653535641968531662
x,1653535642068518205
Y,1653535642168522527
F,1653535642268500033
N,1653535642368510410
y,1653535642468507362
D,1653535642568497720
I,1653535642668517263
1,1653535642768482474
a,1653535642868482573
V,1653535642968507524
P,1653535643068499419
L,1653535643168481926
H,1653535643268502636
A,1653535643368497699
T,1653535643468500779
g,1653535643568513526
I,1653535643668506181
J,1653535643768475743
s,1653535643868494417
R,1653535643968498627
n,1653535644068495485
g,1653535644168473159
q,1653535644268507184
5,1653535644368496116
r,1653535644468491956
f,1653535644568472981
A,1653535644668493580
1,1653535644768490494
S,1653535644868492501
D,1653535644968498563
s,1653535645068492551
P,1653535645168503835
j,1653535645268493342
5,1653535645368469404
l,1653535645468491281
i,1653535645568488214
I,1653535645668488665
3,1653535645768464653
h,1653535645868464548
s,1653535645968519888
Y,1653535646068502394
6,1653535646168491494
C,1653535646268548445
q,1653535646368478285
E,1653535646468479921
f,1653535646568523613
U,1653535646668466397
W,1653535646768464774
y,1653535646868466225
N,1653535646968485324
w,1653535647068488609
j,1653535647168460078
1,1653535647268474288
k,1653535647368480888
o,1653535647468479913
q,1653535647568484790
P,1653535647668486370
x,1653535647768456414
s,1653535647868454365
p,1653535647968496983
8,1653535648068446656
k,1653535648168489940
F,1653535648268483058
r,1653535648368478731
n,1653535648468506293
y,1653535648568483022
X,1653535648668468344
5,1653535648768454239
1,1653535648868481986
C,1653535648968478771
v,1653535649068445518
Y,1653535649168473525
G,1653535649268473790
7,1653535649368456279
M,1653535649468468526
U,1653535649568485569
m,1653535649668474224
q,1653535649768445860
z,1653535649868463385
i,1653535649968465651
B,1653535650068466139
t,1653535650168443905
S,1653535650268481023
A,1653535650368463196
d,1653535650468501962
E,1653535650568443820
1,1653535650668431827
0,1653535650768440111
9,1653535650868441359
r,1653535650968474180
q,1653535651068461409
H,1653535651168475045
Z,1653535651268467885
3,1653535651368459743
7,1653535651468461009
M,1653535651568510349
z,1653535651668457985
c,1653535651768457344
R,1653535651868431999
y,1653535651968470801
p,1653535652068454993
M,1653535652168436926
W,1653535652268458117
5,1653535652368453568
U,1653535652468465390
q,1653535652568473544
Y,1653535652668460847
E,1653535652768451798
f,1653535652868458453
X,1653535652968459941
x,1653535653068450670
o,1653535653168418380
Q,1653535653268468905
N,1653535653368449690
z,1653535653468444937
1,1653535653568426870
Z,1653535653668505598
0,1653535653768426309
z,1653535653868446389
j,1653535653968450914
r,1653535654068445514
n,1653535654168456520
y,1653535654268447879
Q,1653535654368483070
o,1653535654468467669
3,1653535654568428935
m,1653535654668425553
n,1653535654768438485
g,1653535654868444825
B,1653535654968455925
m,1653535655068452190
T,1653535655168499308
X,1653535655268445833
G,1653535655368442229
Y,1653535655468435735
z,1653535655568458112
7,1653535655668441711
4,1653535655768434848
C,1653535655868434317
k,1653535655968442435
b,1653535656068442145
7,1653535656168412541
Y,1653535656268432010
z,1653535656368432295
S,1653535656468431338
X,1653535656568409493
y,1653535656668413814
1,1653535656768410562
V,1653535656868446179
y,1653535656968444964
i,1653535657068417304
K,1653535657168444773
l,1653535657268437613
f,1653535657368430231
k,1653535657468425478
a,1653535657568431373
g,1653535657668428824
U,1653535657768425776
N,1653535657868437060
K,1653535657968433103
d,1653535658068426832
7,1653535658168476246
n,1653535658268465049
B,1653535658368425926
O,1653535658468419877
K,1653535658568413087
8,1653535658668407557
T,1653535658768421138
O,1653535658868419496
I,1653535658968409484
D,1653535659068429435
y,1653535659168404238
P,1653535659268440893
j,1653535659368408344
x,1653535659468460887
r,1653535659568395283
H,1653535659668418734
w,1653535659768396111
r,1653535659868416062
k,1653535659968421772
u,1653535660068416242
X,1653535660168427211
5,1653535660268392940
d,1653535660368412984
A,1653535660468413268
p,1653535660568407275
B,1653535660668393559
r,1653535660768413214
I,1653535660868386591
Z,1653535660968399542
B,1653535661068418770
v,1653535661168398481
e,1653535661268412006
z,1653535661368413198
4,1653535661468378927
2,1653535661568428025
H,1653535661668411810
B,1653535661768404928
T,1653535661868388064
f,1653535661968397682
T,1653535662068421892
e,1653535662168430120
d,1653535662268423535
t,1653535662368404911
O,1653535662468381215
Z,1653535662568379462
i,1653535662668395468
f,1653535662768381494
V,1653535662868378204
X,1653535662968401673
N,1653535663068403902
N,1653535663168413223
5,1653535663268404323
S,1653535663368392737
y,1653535663468380910
F,1653535663568400416
G,1653535663668397645
A,1653535663768397115
4,1653535663868391955
Y,1653535663968400054
h,1653535664068398097
G,1653535664168395400
R,1653535664268369389
L,1653535664368387895
D,1653535664468373142
W,1653535664568404315
M,1653535664668436303
U,1653535664768399440
f,1653535664868365724
p,1653535664968373268
7,1653535665068371904
8,1653535665168368633
U,1653535665268406861
l,1653535665368391090
z,1653535665468401690
s,1653535665568394807
K,1653535665668361684
g,1653535665768368469
V,1653535665868369605
n,1653535665968391297
D,1653535666068423988
s,1653535666168400902
8,1653535666268393335
G,1653535666368380897
L,1653535666468385292
6,1653535666568360132
U,1653535666668402065
b,1653535666768383294
E,1653535666868358467
Y,1653535666968390881
7,1653535667068392202
v,1653535667168383690
m,1653535667268368623
Y,1653535667368431666
H,1653535667468379377
z,1653535667568414957
2,1653535667668388760
b,1653535667768374711
R,1653535667868355829
f,1653535667968377947
Q,1653535668068417879
Z,1653535668168363812
m,1653535668268371189
s,1653535668368382251
I,1653535668468372517
l,1653535668568354005
k,1653535668668422696
a,1653535668768363055
P,1653535668868350117
D,1653535668968353587
N,1653535669068384667
b,1653535669168389581
4,1653535669268375792
T,1653535669368362983
r,1653535669468366638
P,1653535669568370033
X,1653535669668341188
L,1653535669768343565
y,1653535669868410646
m,1653535669968403893
s,1653535670068377196
3,1653535670168372369
h,1653535670268370024
e,1653535670368359531
Z,1653535670468360296
w,1653535670568355266
e,1653535670668410958
a,1653535670768358205
X,1653535670868344860
3,1653535670968377551
F,1653535671068350206
w,1653535671168340065
c,1653535671268350349
1,1653535671368359541
o,1653535671468337029
s,1653535671568338239
l,1653535671668361894
X,1653535671768346197
S,1653535671868353388
A,1653535671968362951
k,1653535672068369402
p,1653535672168381352
l,1653535672268340007
o,1653535672368359755
I,1653535672468357502
b,1653535672568355120
B,1653535672668349515
q,1653535672768351559
w,1653535672868345695
7,1653535672968330831
a,1653535673068346653
m,1653535673168354067
A,1653535673268348721
H,1653535673368345339
R,1653535673468345809
i,1653535673568366741
C,1653535673668320322
3,1653535673768343421
I,1653535673868385112
j,1653535673968350286
6,1653535674068374126
X,1653535674168332188
f,1653535674268363528
h,1653535674368352553
Z,1653535674468349041
U,1653535674568374992
Z,1653535674668353462
K,1653535674768333857
1,1653535674868328679
2,1653535674968337667
U,1653535675068336266
j,1653535675168357828
p,1653535675268360723
E,1653535675368339989
W,1653535675468336644
6,1653535675568346243
p,1653535675668333083
f,1653535675768336775
u,1653535675868310800
j,1653535675968335954
n,1653535676068332850
U,1653535676168315671
W,1653535676268310308
v,1653535676368330648
l,1653535676468332450
x,1653535676568350772
b,1653535676668386074
v,1653535676768326618
y,1653535676868307107
t,1653535676968384427
f,1653535677068326583
4,1653535677168308367
R,1653535677268345077
I,1653535677368325528
j,1653535677468327313
y,1653535677568308541
m,1653535677668322789
J,1653535677768370406
I,1653535677868289728
l,1653535677968326642
J,1653535678068319185
k,1653535678168332266
T,1653535678268324402
8,1653535678368318964
w,1653535678468320434
z,1653535678568335070
C,1653535678668332521
l,1653535678768325472
e,1653535678868306886
6,1653535678968319078
T,1653535679068314270
P,1653535679168374239
a,1653535679268320264
z,1653535679368313475
J,1653535679468316703
K,1653535679568333080
u,1653535679668311846
u,1653535679768311390
F,1653535679868293471
s,1653535679968317329
o,1653535680068311539
s,1653535680168288546
u,1653535680268331737
D,1653535680368310688
B,1653535680468313547
c,1653535680568311887
B,1653535680668312060
x,1653535680768300030
t,1653535680868295851
R,1653535680968321469
h,1653535681068275957
C,1653535681168334093
B,1653535681268310137
A,1653535681368319643
I,1653535681468309539
8,1653535681568306416
7,1653535681668341255
V,1653535681768305299
r,1653535681868280250
l,1653535681968304071
b,1653535682068288337
K,1653535682168356325
9,1653535682268299943
A,1653535682368299857
H,1653535682468297864
S,1653535682568319129
U,1653535682668299562
B,1653535682768298050
K,1653535682868273316
h,1653535682968296415
1,1653535683068281422
8,1653535683168278225
a,1653535683268310120
u,1653535683368297404
J,1653535683468296226
l,1653535683568291936
W,1653535683668285609
U,1653535683768271968
g,1653535683868269512
P,1653535683968306351
v,1653535684068275284
L,1653535684168309827
Z,1653535684268272019
5,1653535684368294933
T,1653535684468290218
r,1653535684568284539
D,1653535684668287490
a,1653535684768287182
K,1653535684868260003
2,1653535684968286732
K,1653535685068321535
u,1653535685168300134
N,1653535685268271622
T,1653535685368302666
4,1653535685468290524
e,1653535685568349438
t,1653535685668292389
W,1653535685768284025
o,1653535685868260180
D,1653535685968287131
D,1653535686068283286
n,1653535686168260070
K,1653535686268302188
l,1653535686368287176
h,1653535686468253738
d,1653535686568255226
W,1653535686668281325
B,1653535686768260869
6,1653535686868257264
B,1653535686968277641
a,1653535687068257944
1,1653535687168305747
U,1653535687268287624
7,1653535687368287001
6,1653535687468278785
y,1653535687568282366
x,1653535687668316335
H,1653535687768284749
Y,1653535687868260756
H,1653535687968293966
I,1653535688068259954
s,1653535688168260202
B,1653535688268254468
f,1653535688368257993
J,1653535688468256407
F,1653535688568266580
H,1653535688668282364
C,1653535688768269297
j,1653535688868244563
3,1653535688968321273
O,1653535689068248594
x,1653535689168251693
r,1653535689268289404
i,1653535689368272484
i,1653535689468308954
Y,1653535689568274590
J,1653535689668274708
D,1653535689768255566
k,1653535689868248962
P,1653535689968262283
M,1653535690068238605
I,1653535690168283889
P,1653535690268268192
q,1653535690368256198
Q,1653535690468258168
T,1653535690568283193
o,1653535690668244885
N,1653535690768264706
j,1653535690868241620
L,1653535690968257923
c,1653535691068238430
1,1653535691168259399
D,1653535691268259480
o,1653535691368254875
e,1653535691468253845
X,1653535691568278610
1,1653535691668273710
v,1653535691768263698
h,1653535691868233778
j,1653535691968261063
z,1653535692068233699
5,1653535692168235298
g,1653535692268265860
o,1653535692368249237
l,1653535692468245799
M,1653535692568230658
M,1653535692668243127
5,1653535692768228356
X,1653535692868223937
4,1653535692968249499
S,1653535693068222950
r,1653535693168262790
L,1653535693268250408
p,1653535693368285599
i,1653535693468237939
j,1653535693568248020
J,1653535693668248804
U,1653535693768249552
6,1653535693868220966
2,1653535693968236528
p,1653535694068218201
g,1653535694168269430
1,1653535694268255751
1,1653535694368249054
S,1653535694468242487
f,1653535694568248734
Y,1653535694668225740
S,1653535694768238580
Y,1653535694868210865
F,1653535694968231205
B,1653535695068211952
X,1653535695168219236
J,1653535695268251928
r,1653535695368234212
J,1653535695468231941
4,1653535695568214281
B,1653535695668235399
g,1653535695768213165
9,1653535695868206227
h,1653535695968239733
i,1653535696068209833
a,1653535696168248543
Y,1653535696268232142
3,1653535696368224389
P,1653535696468223155
G,1653535696568229014
m,1653535696668221113
g,1653535696768233545
j,1653535696868203070
q,1653535696968224910
g,1653535697068205176
Y,1653535697168235627
X,1653535697268266819
h,1653535697368221844
Z,1653535697468218480
x,1653535697568241153
K,1653535697668203049
5,1653535697768228796
P,1653535697868197210
t,1653535697968224587
J,1653535698068207149
a,1653535698168216619
O,1653535698268245273
c,1653535698368227262
P,1653535698468221231
i,1653535698568201664
g,1653535698668372910
Z,1653535698768204881
M,1653535698868201054
o,1653535698968216505
G,1653535699068194623
4,1653535699168236888
O,1653535699268196025
o,1653535699368214716
6,1653535699468211890
l,1653535699568223229
3,1653535699668213514
s,1653535699768211724
Q,1653535699868188286
m,1653535699968215348
h,1653535700068190485
6,1653535700168217232
I,1653535700268223238
E,1653535700368209041
m,1653535700468207696
q,1653535700568230166
9,1653535700668181302
4,1653535700768220494
v,1653535700868185167
Z,1653535700968220933
x,1653535701068190402
C,1653535701168254149
7,1653535701268219915
M,1653535701368207163
o,1653535701468200077
X,1653535701568184972
2,1653535701668171942
V,1653535701768185911
4,1653535701868166085
O,1653535701968206850
J,1653535702068184209
K,1653535702168212567
S,1653535702268205592
f,1653535702368197395
6,1653535702468193032
Y,1653535702568199631
O,1653535702668177434
9,1653535702768198903
P,1653535702868172113
m,1653535702968194138
t,1653535703068192738
6,1653535703168245892
r,1653535703268199140
A,1653535703368174887
I,1653535703468197245
b,1653535703568211604
0,1653535703668227721
R,1653535703768197580
f,1653535703868169587
t,1653535703968207111
0,1653535704068192600
d,1653535704168165606
4,1653535704268205465
8,1653535704368191953
x,1653535704468189311
s,1653535704568168188
d,1653535704668202880
z,1653535704768182183
L,1653535704868174560
f,1653535704968192918
N,1653535705068227425
c,1653535705168211227
z,1653535705268191716
n,1653535705368181833
H,1653535705468182099
5,1653535705568182198
M,1653535705668154242
e,1653535705768182323
D,1653535705868154922
l,1653535705968181021
O,1653535706068180287
4,1653535706168185516
r,1653535706268181282
F,1653535706368174492
E,1653535706468175128
7,1653535706568196153
q,1653535706668151734
C,1653535706768204481
Y,1653535706868155247
W,1653535706968177013
4,1653535707068177038
X,1653535707168158100
9,1653535707268206162
8,1653535707368195854
d,1653535707468153046
4,1653535707568154960
0,1653535707668231910
G,1653535707768157399
3,1653535707868149535
M,1653535707968176541
t,1653535708068173252
Q,1653535708168261406
y,1653535708268179283
s,1653535708368170086
D,1653535708468164852
E,1653535708568168507
v,1653535708668160180
X,1653535708768163187
q,1653535708868140268
6,1653535708968143478
G,1653535709068166836
E,1653535709168166898
B,1653535709268172682
5,1653535709368140004
U,1653535709468156640
N,1653535709568183313
C,1653535709668137079
I,1653535709768151308
a,1653535709868126630
l,1653535709968163117
o,1653535710068159309
c,1653535710168134742
I,1653535710268174359
v,1653535710368139422
k,1653535710468157854
v,1653535710568136953
z,1653535710668122719
i,1653535710768139152
9,1653535710868133047
2,1653535710968168980
2,1653535711068163190
2,1653535711168176807
Q,1653535711268202814
z,1653535711368139099
s,1653535711468156142
c,1653535711568159278
B,1653535711668158729
l,1653535711768152143
7,1653535711868119095
1,1653535711968153064
s,1653535712068153052
O,1653535712168203651
D,1653535712268150158
3,1653535712368149998
T,1653535712468145226
f,1653535712568168270
O,1653535712668203999
e,1653535712768142135
y,1653535712868126216
y,1653535712968125908
N,1653535713068146284
m,1653535713168120273
a,1653535713268173279
f,1653535713368127601
g,1653535713468146274
I,1653535713568118651
Y,1653535713668203842
f,1653535713768134849
z,1653535713868153485
f,1653535713968144899
g,1653535714068137850
1,1653535714168157394
f,1653535714268136660
4,1653535714368114926
y,1653535714468133932
X,1653535714568131087
e,1653535714668110538
9,1653535714768140989
G,1653535714868135403
m,1653535714968128095
A,1653535715068129527
8,1653535715168198885
8,1653535715268130207
M,1653535715368106232
9,1653535715468131183
Z,1653535715568141671
1,1653535715668124511
Y,1653535715768129944
D,1653535715868128765
x,1653535715968132938
U,1653535716068124426
a,1653535716168105859
i,1653535716268138976
3,1653535716368104150
D,1653535716468126175
O,1653535716568101885
L,1653535716668119577
j,1653535716768115139
1,1653535716868125238
I,1653535716968120226
O,1653535717068106751
f,1653535717168141647
K,1653535717268128505
1,1653535717368098179
k,1653535717468119778
I,1653535717568120821
W,1653535717668122569
M,1653535717768124538
Q,1653535717868132989
n,1653535717968131922
8,1653535718068117947
Y,1653535718168126842
v,1653535718268122849
G,1653535718368115559
u,1653535718468170584
5,1653535718568130905
o,1653535718668096135
u,1653535718768115215
d,1653535718868113481
1,1653535718968111821
r,1653535719068124512
7,1653535719168089167
c,1653535719268133544
Z,1653535719368112588
8,1653535719468115520
n,1653535719568088157
v,1653535719668164478
U,1653535719768111985
X,1653535719868161250
x,1653535719968105887
m,1653535720068100264
t,1653535720168123992
c,1653535720268083147
4,1653535720368112505
v,1653535720468109808
K,1653535720568101685
L,1653535720668100748
R,1653535720768103402
h,1653535720868097279
l,1653535720968103138
E,1653535721068082570
n,1653535721168100836
J,1653535721268109935
A,1653535721368098719
2,1653535721468159374
E,1653535721568116418
D,1653535721668105720
q,1653535721768096542
6,1653535721868075067
o,1653535721968100240
r,1653535722068098654
x,1653535722168071772
t,1653535722268116927
R,1653535722368116804
V,1653535722468088940
2,1653535722568075650
D,1653535722668061639
Q,1653535722768088237
U,1653535722868097337
k,1653535722968106454
N,1653535723068090831
E,1653535723168126819
d,1653535723268073845
y,1653535723368090184
J,1653535723468119580
Y,1653535723568098864
I,1653535723668086815
c,1653535723768086081
0,1653535723868089828
x,1653535723968090798
N,1653535724068059305
C,1653535724168083848
l,1653535724268111706
g,1653535724368112880
K,1653535724468073960
l,1653535724568153393
s,1653535724668100399
X,1653535724768085943
b,1653535724868055302
y,1653535724968063697
J,1653535725068077185
Q,1653535725168057581
u,1653535725268101402
D,1653535725368081631
q,1653535725468086452
P,1653535725568061440
D,1653535725668063947
3,1653535725768069046
p,1653535725868083719
h,1653535725968083559
l,1653535726068076973
B,1653535726168089165
v,1653535726268066264
O,1653535726368090270
9,1653535726468081518
