FZgW,1645778507672272276
tOLD,1645778507772151216
nVC5,1645778507872071971
dwxM,1645778507972063281
KsVy,1645778508072112257
7DSU,1645778508172036956
au1w,1645778508272007544
7CHM,1645778508372044927
lxqc,1645778508472001848
JBp7,1645778508572136898
f1CI,1645778508672067745
y8fG,1645778508772016351
08C8,1645778508872036457
Jear,1645778508972185415
Xbme,1645778509072221965
n3zW,1645778509172106664
0p9I,1645778509272061066
zwPe,1645778509372023709
wZwu,1645778509472000203
hZ8g,1645778509572079864
gKmz,1645778509672037433
wMpT,1645778509772034576
wb8h,1645778509872010570
e5Cc,1645778509972003528
sJur,1645778510072114837
FHVB,1645778510172031553
pQ3U,1645778510272011140
xB8d,1645778510372048708
VubQ,1645778510471997962
FOt9,1645778510572152826
zzob,1645778510672029136
20Dv,1645778510772015426
J6mX,1645778510871991069
NGiA,1645778510972006156
gkfb,1645778511072138668
vnFP,1645778511172069699
gopt,1645778511272023100
Cg2B,1645778511372008946
eokg,1645778511472028829
pxb6,1645778511572329174
1MdP,1645778511672113724
cKXI,1645778511772078144
4Ctx,1645778511872086675
y6Me,1645778511972019058
u9V4,1645778512072070329
oVDQ,1645778512172021878
Jx68,1645778512271982890
tgDu,1645778512372014902
2oHe,1645778512472022655
8puA,1645778512572074204
1l8x,1645778512672026716
qSbi,1645778512771996895
a4nM,1645778512871998222
Z0mt,1645778512971974919
wqzp,1645778513072148986
WCjW,1645778513172073628
1z87,1645778513272014640
o0In,1645778513372063485
kOla,1645778513472012367
oKGM,1645778513572084415
P3iw,1645778513672019131
2Spw,1645778513771997494
Jpln,1645778513872131061
zSIy,1645778513972039981
PQ4D,1645778514072040548
PKz9,1645778514171991708
gihU,1645778514271988219
0xpN,1645778514372026156
zVKz,1645778514472004075
y9vF,1645778514572072234
we0u,1645778514672004857
6IqW,1645778514772012498
huh4,1645778514872092305
EeDu,1645778514971990336
KuNL,1645778515072005254
rCio,1645778515171987488
f0nb,1645778515272153331
Aio4,1645778515372270805
MpwR,1645778515472055613
5nvk,1645778515572357790
faou,1645778515672136894
F1mZ,1645778515772054980
t9sj,1645778515872039231
JZXz,1645778515971982409
ZLYh,1645778516072106068
1NmM,1645778516172005838
CgnF,1645778516272008960
Tg09,1645778516372043322
Gm1T,1645778516472052463
mn3f,1645778516572042677
vtMC,1645778516672006466
SuB2,1645778516772005717
DijC,1645778516872000209
5TYF,1645778516971984683
AJUb,1645778517072050323
zSkE,1645778517172087352
Fjh1,1645778517271979048
VieQ,1645778517371977539
c1c4,1645778517471989939
tm64,1645778517572180856
UqEX,1645778517672056681
JnmT,1645778517772011322
4G52,1645778517872027869
hnGu,1645778517971960676
Vvt0,1645778518072094593
eXQG,1645778518172223751
W0KN,1645778518272038039
kPPE,1645778518372039697
FelW,1645778518472036559
PVyT,1645778518572112773
k3TR,1645778518672003302
ohJJ,1645778518772011349
dCHH,1645778518871992674
hhVE,1645778518971967924
gnZQ,1645778519072072193
CzdP,1645778519172042240
dMu2,1645778519271993231
ssTc,1645778519372035741
tx1f,1645778519472029973
eKzH,1645778519572033983
WEWD,1645778519671995122
wzPa,1645778519771981632
nz0x,1645778519871982678
ydLZ,1645778519971945133
0Dbq,1645778520072052142
54Sw,1645778520171994114
1Rbe,1645778520271990049
lYtF,1645778520372018874
nQSj,1645778520471974939
NqH8,1645778520572022318
pH6l,1645778520671996957
tPKt,1645778520772097577
ctjf,1645778520872013680
v9bv,1645778520971964856
aCZL,1645778521071998995
lSaY,1645778521172035448
q0FE,1645778521272053235
qWMd,1645778521371999003
lQMe,1645778521471974808
neVN,1645778521572038076
XE2R,1645778521671973382
LbMv,1645778521771980576
ovEX,1645778521872012122
Lm3C,1645778521971952965
lGQZ,1645778522072224102
kkBV,1645778522172309092
BX8y,1645778522272075842
CdMh,1645778522372078314
qM8B,1645778522472018730
yU5k,1645778522572102849
NHHh,1645778522672022692
4Itn,1645778522772015867
YHMG,1645778522871977265
1XlA,1645778522971972922
3r9F,1645778523072074560
VTuJ,1645778523172023068
p1Ul,1645778523272008558
TXVr,1645778523372012751
pkYr,1645778523471990130
2PeY,1645778523572030935
eyof,1645778523671999110
UYqX,1645778523771989507
Pxks,1645778523872088108
OeBD,1645778523972017690
fex7,1645778524071994847
BSwy,1645778524172224984
BUnB,1645778524272078825
rPkV,1645778524372015334
OW8s,1645778524472022823
2wNQ,1645778524572066609
t7IH,1645778524672276986
lUTP,1645778524772071680
6QUH,1645778524872024670
qQE1,1645778524971978752
s1Dj,1645778525072085185
RvCn,1645778525172012878
PKdS,1645778525272017923
H0s8,1645778525372021486
78Qq,1645778525471993920
crDi,1645778525572027131
Fhy5,1645778525672063565
7C5z,1645778525771995980
BGgc,1645778525872051025
BsNY,1645778525971978829
B0yS,1645778526072050429
0qa7,1645778526171989640
zywZ,1645778526271969092
p9G4,1645778526371970099
pC8w,1645778526471974532
MDuX,1645778526572047799
RY8a,1645778526672043528
RV8c,1645778526772001202
W72U,1645778526871981062
vcas,1645778526971986421
bWQO,1645778527071980335
dgRS,1645778527171983454
sXNC,1645778527271989072
kHj9,1645778527371955746
prjE,1645778527471965290
Lror,1645778527572030796
wqJs,1645778527672025340
Rti0,1645778527771977533
P8O3,1645778527871974484
onVe,1645778527972075120
Kqq2,1645778528072053757
7YBv,1645778528172014542
Pu7i,1645778528271988585
kwXg,1645778528372011759
krWB,1645778528472001136
kF9A,1645778528572027476
NYBA,1645778528672259722
Jeoe,1645778528772052322
Vdga,1645778528872056570
BqTY,1645778528971972428
kbHS,1645778529072036101
Vo7D,1645778529171993737
fdPO,1645778529271995318
qWYE,1645778529371981509
2hMM,1645778529472090386
L80q,1645778529572241447
lePu,1645778529672015176
UsRD,1645778529772052034
Tidw,1645778529872233577
UkA8,1645778529972261398
OXWC,1645778530072016553
32Q6,1645778530172000671
hkS2,1645778530271968621
tQrc,1645778530371971498
2GXV,1645778530472005689
6wga,1645778530572029824
cJU6,1645778530672086886
4eCQ,1645778530772074855
BgcD,1645778530871994157
i1JP,1645778530971959404
ljQe,1645778531072080335
7FF9,1645778531172318340
TmcZ,1645778531271994291
iI7I,1645778531372031482
acOc,1645778531471958895
EZ2O,1645778531572062067
Fcbw,1645778531671971518
bsJN,1645778531771979301
bhzg,1645778531871967640
wEnP,1645778531971964831
yQze,1645778532072049151
g6wE,1645778532171997231
gJqv,1645778532271938959
ssJ5,1645778532371948390
Tu14,1645778532471937080
kJPJ,1645778532571960326
0Pzx,1645778532672004906
bmKY,1645778532772063374
AJAp,1645778532871987120
O734,1645778532971956885
OuxE,1645778533071951020
kGJB,1645778533172013432
8JGs,1645778533271919160
cfBa,1645778533371995275
2AXc,1645778533471952077
vsA3,1645778533572043470
9KsX,1645778533671979402
Puan,1645778533771954277
mXzU,1645778533872144985
mJgu,1645778533971993009
awnA,1645778534072039273
Zwkc,1645778534172003500
5IE0,1645778534271950301
8M1F,1645778534372000676
gsn4,1645778534471956033
mLpY,1645778534571982278
qp0c,1645778534671970227
6gXg,1645778534771941214
aIqA,1645778534871959070
EYkH,1645778534971931260
qwHw,1645778535072019561
IHCw,1645778535172139028
9x0t,1645778535272028051
GoP6,1645778535371986759
dPjh,1645778535471948190
6ELg,1645778535572045823
U9qg,1645778535671951198
hYyW,1645778535771940480
UDSm,1645778535871953077
Uchd,1645778535971989470
XfUn,1645778536071931919
Ttu4,1645778536171919886
JblP,1645778536271911687
n45H,1645778536371921672
Duvv,1645778536471932176
SrPx,1645778536571938143
5phX,1645778536671937092
SM9z,1645778536771953059
2dnV,1645778536871957248
XfYq,1645778536971943196
GJF1,1645778537072021311
OIGZ,1645778537172163481
CBSd,1645778537271973504
3rY6,1645778537372037266
hDd9,1645778537471945789
am6c,1645778537572054996
Qr5x,1645778537671961241
Udli,1645778537772046411
v0jH,1645778537871977452
GzqR,1645778537971963196
9J4C,1645778538072031755
8aGp,1645778538171935704
ntwL,1645778538271931966
e1v4,1645778538371929877
s1zN,1645778538471909640
ci5V,1645778538571991328
inmw,1645778538671957128
mbNv,1645778538771944150
sP50,1645778538871938653
zLol,1645778538971959767
Di6r,1645778539071923900
j2ta,1645778539171917700
1qvd,1645778539271905888
Y07E,1645778539371900595
ltAW,1645778539471902154
SYRI,1645778539571946490
vVHv,1645778539671931400
o5gz,1645778539771922477
nmqV,1645778539871928258
mh5n,1645778539971924502
X0P3,1645778540072008560
yWHk,1645778540171933600
NSGq,1645778540271906233
yf6r,1645778540371967846
8Nmv,1645778540471937108
SQuE,1645778540571949333
Bjjx,1645778540671970725
Qmjw,1645778540771998653
m8zi,1645778540871994101
cHSz,1645778540971956418
hgnd,1645778541071952958
MuUS,1645778541171924701
FFNg,1645778541271914148
fIuo,1645778541372103705
zbkP,1645778541471869801
LTJ7,1645778541571975451
ZJpB,1645778541672357415
YG8D,1645778541772196752
wuqG,1645778541871976551
mIj1,1645778541971960331
V6h9,1645778542071991407
MZxL,1645778542171927095
8hjT,1645778542271909579
82ah,1645778542371914377
LOqr,1645778542471918379
cx4Y,1645778542571944974
rsnb,1645778542671922587
9Wce,1645778542771924737
aInx,1645778542871958721
rjG0,1645778542971920482
OzTX,1645778543071993299
02CL,1645778543171917393
O1B0,1645778543271903877
yFWn,1645778543371944360
8JOF,1645778543471942102
nytO,1645778543571967900
GfJ6,1645778543671927698
MZ6k,1645778543772162644
XXFX,1645778543871974628
XSqv,1645778543971974889
T1tP,1645778544072018075
FOCL,1645778544171924595
hYaT,1645778544272235985
WRpl,1645778544371984117
68rS,1645778544471943452
fvBA,1645778544572011045
SQhy,1645778544671947492
qWrH,1645778544771919197
Vlgk,1645778544871914217
7s5m,1645778544971921737
OdFt,1645778545071933071
54e9,1645778545171903591
AVaq,1645778545271944629
Ol0o,1645778545371932686
9gmy,1645778545471965428
AeFf,1645778545571938244
NwOU,1645778545671920300
mRGB,1645778545771912727
5W48,1645778545871918765
YiHj,1645778545971917767
BrZX,1645778546071951397
aXLk,1645778546171940861
B8iJ,1645778546271943436
mxz9,1645778546371969140
rLbe,1645778546471922067
mrpp,1645778546571936845
Ltvu,1645778546671915254
ZDdi,1645778546771952958
4AFf,1645778546871921089
faNp,1645778546971902867
i38S,1645778547071935386
y5Zq,1645778547171930461
QAUB,1645778547271940036
0HyL,1645778547371897036
8uFh,1645778547471897796
7qN9,1645778547571923407
ycme,1645778547671950074
C7Tt,1645778547771935705
AZJ7,1645778547872002038
ftx3,1645778547971911761
1PC1,1645778548071898076
gBLo,1645778548171953447
3YV8,1645778548272231909
PsHN,1645778548372041632
S2zc,1645778548471951355
9QTI,1645778548572018595
0nPd,1645778548671931559
eKef,1645778548771909874
jrfP,1645778548871902318
00D3,1645778548971908818
YgBv,1645778549072015540
WQHy,1645778549171921263
QGYY,1645778549271886411
f2of,1645778549371930744
nBGR,1645778549471949614
Vu4E,1645778549571925614
ljbl,1645778549671903058
jomG,1645778549771893058
SvBw,1645778549871901576
KSsi,1645778549971927428
hQGM,1645778550071939372
Q41D,1645778550171916020
FFei,1645778550272130704
9hwt,1645778550371956759
QXc8,1645778550471898833
JPOj,1645778550571978444
IZfc,1645778550671950036
0XLh,1645778550772209683
yZ3O,1645778550871954016
e2ar,1645778550971921090
HCYO,1645778551071991015
tUHK,1645778551171885941
0uQH,1645778551271906329
Jo1b,1645778551371877032
LgCJ,1645778551471964660
CX08,1645778551571957974
63Ui,1645778551671902918
34YK,1645778551771932436
H6jA,1645778551871891398
Y0SY,1645778551971886397
ssqB,1645778552071979396
eply,1645778552171908395
TxHf,1645778552271893950
SInY,1645778552371915560
JIFN,1645778552471898244
Knfb,1645778552571905205
tOkP,1645778552671899167
NAyF,1645778552771933129
3mPf,1645778552871903665
ZAd2,1645778552971902571
5vgX,1645778553071917496
BT3U,1645778553171897958
jIr4,1645778553271887253
3Vdu,1645778553371869122
tLKE,1645778553471886435
WISX,1645778553571975692
2rCb,1645778553671898562
zob4,1645778553772030782
jHZu,1645778553872002095
jcMQ,1645778553971919020
tCSw,1645778554071905185
h6rY,1645778554171883795
RBnv,1645778554271882497
RFST,1645778554371871625
4d23,1645778554471876734
Rb5A,1645778554571929028
te2a,1645778554671870971
EO07,1645778554772209283
YT4F,1645778554871975486
Xtow,1645778554971915688
4bsV,1645778555072002038
oIwq,1645778555171910480
vwtM,1645778555271862608
XwUO,1645778555371919217
YWyk,1645778555471936122
txsR,1645778555571924417
Oufv,1645778555671906656
nTpp,1645778555771857654
2hKo,1645778555871872244
yEet,1645778555971869446
AVGf,1645778556071912629
Ri4x,1645778556171861608
D0h4,1645778556271853661
xXVL,1645778556371881399
P8EC,1645778556471880082
b41b,1645778556571898376
jJPh,1645778556671881263
V3bf,1645778556772101130
YpLx,1645778556871928498
XNui,1645778556971907626
NamL,1645778557071972808
7GeV,1645778557171953472
Othy,1645778557271890414
xhZg,1645778557371966115
yzOU,1645778557471905112
2x7Z,1645778557571980443
kQWF,1645778557671892903
nRyB,1645778557771895253
zkU4,1645778557871882583
06ZN,1645778557971864377
zFLw,1645778558071968096
wubs,1645778558171871908
rzMu,1645778558271881035
uUTe,1645778558371915143
uzti,1645778558471909621
OrrL,1645778558571916952
aJQY,1645778558671869819
PxvN,1645778558771881353
CGH6,1645778558871873850
9sz0,1645778558971859884
pLsj,1645778559071928992
nLNi,1645778559171875433
JFOf,1645778559271903689
6D1e,1645778559371871704
UPDr,1645778559471875609
M8EX,1645778559571881161
NWdW,1645778559671914491
MaWC,1645778559771868413
uNvh,1645778559871861336
iHNz,1645778559971865129
Wjda,1645778560071862014
wcFO,1645778560171841344
1SGL,1645778560271851914
aSsx,1645778560371852874
wURJ,1645778560471864463
4wTy,1645778560571876533
JOez,1645778560671964474
d1x7,1645778560771888378
laif,1645778560871844485
Cx4B,1645778560971848186
NIWv,1645778561071923237
iNrd,1645778561171861585
pIwr,1645778561272192247
EPoV,1645778561372084077
lSVN,1645778561471989129
RQUA,1645778561572007736
0CqA,1645778561672043232
7sLU,1645778561771934747
8pQo,1645778561871869187
AFRz,1645778561971861202
XNpk,1645778562071929123
kdFU,1645778562171856601
3irU,1645778562271829097
6Jd6,1645778562371898777
WRGb,1645778562471836792
JZ4P,1645778562571869195
PSDX,1645778562671853691
hfVE,1645778562771859483
0Kwj,1645778562871842349
vADy,1645778562971845086
s2Qz,1645778563071844248
L13p,1645778563171818817
SIRj,1645778563271838924
rV8E,1645778563372053770
vKkc,1645778563471883452
zFqz,1645778563571927447
XliS,1645778563671871831
vtOl,1645778563771884253
tmiF,1645778563872062692
om2E,1645778563971936632
2Tyt,1645778564071953517
w66r,1645778564171845364
QqRN,1645778564271906711
3ILa,1645778564371900447
110w,1645778564471862905
vMho,1645778564571878437
6Q1s,1645778564671892191
A47C,1645778564771879946
V55S,1645778564871940200
99HY,1645778564971846788
zjv0,1645778565071867116
zGa0,1645778565171837389
IYwB,1645778565271801884
ubxz,1645778565371830675
1zrB,1645778565471823336
3yNY,1645778565571893442
1RyB,1645778565671890900
aEhY,1645778565771836913
xcYu,1645778565871946037
r7u7,1645778565971852440
foGY,1645778566071814490
PDXP,1645778566171817392
COaD,1645778566271840053
LwmM,1645778566371812029
NiVv,1645778566471825598
wCTt,1645778566571860741
n0lc,1645778566671830920
7fjk,1645778566771836452
RzIp,1645778566871954076
AnEN,1645778566971863367
AoaV,1645778567071896194
kKp5,1645778567171848541
3J1z,1645778567271797998
TSrE,1645778567371881140
ScqX,1645778567471839653
GXIh,1645778567571833406
UYWf,1645778567671834271
Mi0U,1645778567771811913
XaxF,1645778567872204573
vkJw,1645778567971933605
3KvV,1645778568071897581
mmjD,1645778568171831686
NYkd,1645778568271861069
32IY,1645778568371858044
ZpBt,1645778568471799964
VBN2,1645778568571911143
lKGe,1645778568671860656
4Xa6,1645778568771829335
rUZb,1645778568871832236
EGmb,1645778568971820026
oXEs,1645778569071820076
XXO6,1645778569171795662
KZxp,1645778569271799637
iKqR,1645778569371788408
c46f,1645778569471827828
bejQ,1645778569571837414
8IzN,1645778569671878611
YmyL,1645778569771821864
HBDo,1645778569871996079
iZt0,1645778569971868555
6qpo,1645778570071901529
9dFl,1645778570171837671
hJQI,1645778570271850387
w9i4,1645778570372167249
PiPy,1645778570471887873
SMJj,1645778570571890403
XUVD,1645778570671850786
1OB7,1645778570771869038
DytM,1645778570871797069
c67J,1645778570971809229
QWaM,1645778571071920629
dIO3,1645778571171820437
ym1O,1645778571271785152
8I7d,1645778571371821404
kdol,1645778571471797101
zzsC,1645778571571827002
xjYX,1645778571671824087
perD,1645778571771825173
8RXl,1645778571871800888
hwoe,1645778571971977065
in2o,1645778572071833670
3APn,1645778572171792367
lBYk,1645778572271775489
8Ox3,1645778572371818370
7Tbv,1645778572471814030
5S8D,1645778572571804430
rgxY,1645778572671827237
ajCG,1645778572771820137
VD4Y,1645778572871822963
NRK8,1645778572971792549
csqk,1645778573071957559
FnnK,1645778573171822700
FODK,1645778573271823230
oMWf,1645778573371897759
0RCa,1645778573471818936
AMqf,1645778573571864817
ZsCw,1645778573671870699
JW2v,1645778573771918802
MtdZ,1645778573871909757
eQur,1645778573971818546
p7Cb,1645778574071900483
RgHR,1645778574171822364
7TzF,1645778574271811467
npvN,1645778574372106995
f5Hw,1645778574471886747
bIpv,1645778574571854499
BSVn,1645778574671838047
tPfg,1645778574771886409
UpHu,1645778574871825216
TWLa,1645778574971824393
xLnl,1645778575071806830
8i6o,1645778575171778284
lNkM,1645778575271763739
faGo,1645778575371755046
0lcr,1645778575471788649
8FXc,1645778575571809270
4nWX,1645778575671772373
Hq5F,1645778575771779031
9syH,1645778575871785079
Z43K,1645778575971785848
Pmf5,1645778576071860062
KvrI,1645778576171799294
eRAm,1645778576271760304
ghMi,1645778576372094072
StFk,1645778576471857139
hIxq,1645778576571847760
Bt5i,1645778576671822474
v70K,1645778576771857021
rfN9,1645778576871878623
YFRC,1645778576971915911
ebyL,1645778577071844199
HL3j,1645778577171833931
CHRr,1645778577271872366
ZMhi,1645778577371782321
FkQA,1645778577471782497
pRTg,1645778577571808451
4qnd,1645778577671802664
3Fni,1645778577771837470
qm15,1645778577871859850
54nF,1645778577971811434
LC6t,1645778578071778055
Zlbm,1645778578171762935
T2vJ,1645778578271745092
TOxX,1645778578371754472
Cl8G,1645778578471779463
0wwo,1645778578571854472
gxsj,1645778578671786278
1fyL,1645778578771774509
r2EO,1645778578871847259
lnBE,1645778578971757287
p4VG,1645778579071849611
STme,1645778579171824083
EusC,1645778579271795759
ooyS,1645778579371801935
jqBj,1645778579471786000
T74J,1645778579571792434
7Ghs,1645778579671787851
1q7r,1645778579771786453
uc5K,1645778579871911906
3rxF,1645778579971814897
knPY,1645778580071822294
cOzL,1645778580171794211
CA4e,1645778580271807386
G6xN,1645778580371755265
KcGM,1645778580471754608
RLBJ,1645778580571794431
xGcz,1645778580671784310
8ZEq,1645778580771752393
MeMw,1645778580871949586
0LGA,1645778580972059650
WIom,1645778581071831660
Pj9h,1645778581172116797
MP1l,1645778581271934917
kC4g,1645778581371821037
RgdX,1645778581471826638
DrNa,1645778581571825850
TjUT,1645778581671801933
5keb,1645778581771869386
3SLQ,1645778581871878987
AS7U,1645778581971839255
q7Fa,1645778582071891411
HHEi,1645778582171802142
yrF9,1645778582271803872
hajA,1645778582371820843
KCeP,1645778582471808889
wGyz,1645778582571799471
gHPq,1645778582671798368
jVKZ,1645778582771807487
aX8r,1645778582872206364
pKal,1645778582971883799
Anur,1645778583071808993
Oczi,1645778583171780057
ob5k,1645778583271830268
r1iW,1645778583372223311
I5Mz,1645778583472129338
afXA,1645778583571865088
Cf01,1645778583671792688
xak7,1645778583771817474
Lfwh,1645778583871801556
FwP3,1645778583971828119
XSlN,1645778584071760498
RTth,1645778584171783987
ZDh7,1645778584271786013
sEG3,1645778584371733613
rG2m,1645778584471776954
onu9,1645778584571785980
Qorf,1645778584671774080
kEiG,1645778584771755162
fRb6,1645778584871779688
vUoS,1645778584971753918
fTXY,1645778585071860444
fnZU,1645778585171738210
3bGr,1645778585271750125
O8zo,1645778585371778873
voRf,1645778585471803399
27tf,1645778585571771462
ZUmS,1645778585671757451
wYuc,1645778585771814273
zR8e,1645778585871787761
Dh6G,1645778585971769491
IK6f,1645778586071823387
T3RM,1645778586171749487
rt1t,1645778586271758216
0tXX,1645778586371737278
LJzI,1645778586471794396
prso,1645778586571773607
H0QU,1645778586671784466
hUix,1645778586771764547
ooaF,1645778586871811628
r2bi,1645778586971784079
tbar,1645778587071766975
U7Pp,1645778587171735278
OO5B,1645778587271741989
GxxV,1645778587371714051
xNzc,1645778587472073686
rhYf,1645778587571831157
U8tJ,1645778587671793978
8U01,1645778587771813448
5atX,1645778587871750881
fGL1,1645778587971748165
cQCq,1645778588071885764
M9LH,1645778588171740159
UKuJ,1645778588271751592
0SwU,1645778588371775857
apnj,1645778588471759327
KniN,1645778588571782018
LZty,1645778588671758969
pExQ,1645778588771733883
c7Gy,1645778588871730038
EcGi,1645778588971759544
u81u,1645778589071781198
YwM6,1645778589171737334
l8p3,1645778589271736192
tWPD,1645778589371698884
3IBr,1645778589471985592
W7H8,1645778589571813192
EX5T,1645778589671801161
7J92,1645778589771790037
RBwz,1645778589871819710
5H5q,1645778589972057919
PtsI,1645778590071816778
NHVQ,1645778590171760821
XfH1,1645778590271792641
mY70,1645778590371707943
4CRB,1645778590471743931
VbDu,1645778590571783529
m8rp,1645778590671732627
Nvdm,1645778590771728911
mV49,1645778590871698176
kYXF,1645778590971754367
DnGx,1645778591071819002
JOxN,1645778591171734082
aPX4,1645778591271729236
0iwk,1645778591371781074
qmXD,1645778591471744062
hAxR,1645778591571741808
g0YO,1645778591671730313
Y5ej,1645778591771730800
sueC,1645778591871745602
GbXp,1645778591971808237
y4rw,1645778592071778854
nneb,1645778592171739378
XBnE,1645778592271720624
Kkd0,1645778592371689666
iBME,1645778592472085262
Hyx7,1645778592572042786
rbH7,1645778592671804829
Bnw7,1645778592771737705
rl2c,1645778592871989395
ZeC4,1645778592971978548
oxJ8,1645778593071801887
hu6O,1645778593171815781
6ScN,1645778593271776397
PYSG,1645778593371751809
9iLI,1645778593471757370
VGOK,1645778593571857911
1QxY,1645778593671773657
47ds,1645778593771740292
4uyj,1645778593871883334
o47u,1645778593972021301
XkFu,1645778594071876788
GgAP,1645778594171795626
OVgt,1645778594271807594
j4Dl,1645778594371782617
S8JU,1645778594471790918
DuLH,1645778594571759422
oJzd,1645778594671762279
O6Vt,1645778594771741802
ojn4,1645778594871741344
PvSn,1645778594971736237
Q6e8,1645778595071777186
8rta,1645778595171744765
yA4B,1645778595271797028
5NRt,1645778595371704218
hQU3,1645778595471730259
UywJ,1645778595571804874
hjL6,1645778595671756398
elr2,1645778595771788679
rVAz,1645778595871758165
M1XI,1645778595971971799
CcUH,1645778596071878803
xt8e,1645778596171754419
Jbhn,1645778596271776293
Zb4G,1645778596371690872
IQMu,1645778596471952319
9Dv1,1645778596571816046
g5y2,1645778596671760958
5WJH,1645778596771810573
6lW3,1645778596871730855
eegx,1645778596971736451
DLkm,1645778597071787714
xn2F,1645778597171719700
DMAM,1645778597271696352
X5LD,1645778597371734596
8KED,1645778597471788433
qXSu,1645778597571749048
Iyxu,1645778597671726293
bdro,1645778597771711648
xZZu,1645778597871937670
Mb7X,1645778597971794785
wFsR,1645778598071786511
KDfR,1645778598171708645
VtcJ,1645778598271707129
O3De,1645778598371734614
zBYa,1645778598471754340
mNNj,1645778598571741066
wubH,1645778598671716958
VjoP,1645778598771711184
ygrH,1645778598871691187
sWiN,1645778598971698747
NIhj,1645778599071696842
LuLL,1645778599171696068
3ttq,1645778599271697330
EEXA,1645778599371704556
89Rc,1645778599471744911
qE1o,1645778599571720340
uq3k,1645778599671708491
Kj8h,1645778599771726957
2pOL,1645778599871676942
hjgl,1645778599971672371
aaZo,1645778600071769078
m4xv,1645778600171691414
DMX1,1645778600271703158
aWoT,1645778600371726883
NrDh,1645778600471737219
bLNd,1645778600571910962
8lyq,1645778600671800650
Tdb1,1645778600771776135
B8qx,1645778600871719305
ClqO,1645778600971702585
7NPg,1645778601071760125
uD9H,1645778601171705869
5Mye,1645778601271692630
gJFm,1645778601371745763
5BcW,1645778601471710913
oBXz,1645778601571714823
JLvW,1645778601671702122
4luC,1645778601771727847
7Hs1,1645778601871732739
VzGY,1645778601971806537
JCCz,1645778602071722410
WRkZ,1645778602171880708
cM3P,1645778602271758933
WYMp,1645778602371670010
uHJy,1645778602471906734
1B88,1645778602571775940
R07u,1645778602671727924
xNSH,1645778602771763704
XcG1,1645778602871731355
1yab,1645778602972078671
Lb0r,1645778603071884044
ALe2,1645778603171724509
awyb,1645778603271753845
57jW,1645778603371746458
5qQ3,1645778603471740756
BqKh,1645778603571758795
SYiR,1645778603671739705
XH3q,1645778603771717022
s1f0,1645778603871777227
MH2v,1645778603971741063
D1WJ,1645778604071768213
6EnB,1645778604171703029
2ECE,1645778604271692790
4WtV,1645778604371679181
3buY,1645778604471688942
qxOh,1645778604571767518
x1hH,1645778604671702501
IkCW,1645778604771689244
jjnp,1645778604871699153
vY0x,1645778604971679840
mBBp,1645778605071733564
f2Ii,1645778605171674639
eCEU,1645778605271690437
8cB3,1645778605371680939
drKu,1645778605471712144
bVOK,1645778605571711923
C977,1645778605671711517
h54S,1645778605771694222
GEFw,1645778605871696946
GXcs,1645778605971754540
hrLp,1645778606071779004
TUs5,1645778606171726227
LBxw,1645778606271680432
gLEs,1645778606371734267
UJxB,1645778606471710101
P1bf,1645778606571750436
FqZU,1645778606671693956
LCM3,1645778606771710160
3hqU,1645778606871686291
ChXX,1645778606971670663
sUSW,1645778607071854719
peMH,1645778607171755146
yJRL,1645778607271808887
I2yW,1645778607371688000
rY0C,1645778607471709427
kKDl,1645778607571786242
