ZmyxCLSAdtDNl30TkqKNYYD1vjM2WLU5,1645779103456311836
7Q1IlTQOKbk6fkXNYrk6Px6IeSLAnnGt,1645779103556247951
EFBxgZM0B46omdBKSuOppU8UvRegEsZQ,1645779103656296435
5iOlIimTmsHYUQqwKEk8hscaJEGV5owA,1645779103756302346
WKwm2iFmYUK0t8xBMhJ1XvZo8oJDcFN8,1645779103856248979
XHtXx8JUbbUUjPd44x3bqdNyRh91uX7S,1645779103956227316
o0xk7HEgqiAa8lcCidmZG9VfofejAmBw,1645779104056223208
m8gtNuZEdhmjTMt9zdgElCrZpWIzIRv2,1645779104156228692
YcuvUT759roaDghBJOP4aEcPkuM2MH3u,1645779104256231214
rxnKOtPVkC5wsn599UCjio6RiSR2hUuX,1645779104356251402
RirobGJJQNFI8IQHmcyTO4s4UJ79mzgB,1645779104456229553
hXzGoJYCglVo4t5oT1Hr57tXRygDyNOd,1645779104556230705
uMugfQtLBM7FDA4gBJVEROlqNP1JmNwf,1645779104656219264
joJOEAhQUmfhwhL51qJQD2GYSHrCclrM,1645779104756222822
aBioLOCqAqV5Xr8WfSwqSAOsPD52zwMX,1645779104856268714
54JPSWDbMierXmODCI1fRQVqbaqYXC5a,1645779104956220050
FPxftAEDrs4MdQZphbS8zywYYn73xAcC,1645779105056217183
XZsOi4bZxgva4TNl2otzmqXIbcKYlwlG,1645779105156216908
TbfBfGiauc8x3Wi5Ka24OZMzAeVtYG92,1645779105256223170
poBT3s1vUAsXgZay9c2V9OUH1zAZEKZ1,1645779105356216988
6lS7bU35etaKS8IZiK4pgW7fWHFiZmhe,1645779105456237232
XAl8emBIgja6rqgX8kNmFUSjjfRHR8vx,1645779105556233309
Ge3uRFA7wkBmarJiagVp8vYqax7130yK,1645779105656242368
e2C5FNAB7MxgBFMjvrY2m4sKzxM1xKLZ,1645779105756218797
KVfZsnjy7eeHt00pqXpaZhvZeFaZXt8s,1645779105856259373
OlPFZ8DelpvepuRdRGC0x5XZK58ryHjL,1645779105956257228
27aZFnCyc5dPz41QJDPEIwoc2uRy99JA,1645779106056200917
GrjTctSCz5cy7bPQomf4iReiL5hVEyfU,1645779106156202827
oMwQEOdDTDBYoYxaKae11GjKJOnWLQy9,1645779106256205404
luZzIACjNLIBuFlCnNBodv6vHsRcIPj3,1645779106356186333
KH2cRCKpYcyQpkac5mOhfScwK3XdSEek,1645779106456218817
VfNxpfkNHil4QKeW60DjSndlq8MGNy1s,1645779106556222727
dMpTzZoGGYIgsuCwsNdI8G3yPPDmOCcz,1645779106656214267
WSQVzDjFlzubt6VjS81aM5XjSiVou6mO,1645779106756210048
YCtVPaj8ZdhQhC99IAifDDOgvsSnwEBU,1645779106856232161
R4xocgvBHcbznk65soi6z5muvChrRsJq,1645779106956222294
uEeUtXfAAE9vyEyp0hv0kfudraSIQl8J,1645779107056212963
zlnsIT1QhALeMITNxONh1FIspkBGVHZS,1645779107156196503
0KJHnKhTS15pHWCEsZvtoDlcxusQCPsC,1645779107256211488
j9TVT9ww81jPXvdPSWIEh1qcwg283sIn,1645779107356223805
2kGTrCNxD6Mizx7RRNg8OUkIBkQEahza,1645779107456221586
PF4GPPDcWXIVSNxtkb175jPERoR1TQas,1645779107556225514
ee633JeXou3GIy90X85apTpGFEFicpYG,1645779107656210721
ReITxuylo116x85SGA35dqJs2WaeM8tl,1645779107756202502
kBCh3BQrAPw6X1YlBZonP7fReE6yKzh5,1645779107856199560
8ukB5B0FYwL6xup7TeurlXGNlKL6H19P,1645779107956217285
vtY02ZDbTZfPRUWs8OhsvyFfGZjYasvV,1645779108056212491
jUTm1gNUD2teWNVdlCVf8iKPH1vptqKa,1645779108156210438
IlMJShofhfIC3lpmvKP42hRIiM7ZAQAT,1645779108256206274
BUmbCYFtCX5DGuzBCPDD4cVnyaM7yUaA,1645779108356198740
zKlBty23V8Gj0DvBa8OfjrSfPmmOHMYG,1645779108456203557
hHPYGRbjZpTY2MjdS7IBwkrLUdjlyFzd,1645779108556210005
VOBlokSLXttZFcCihUrdCixfMeQIuOvP,1645779108656203655
k48YmYuJSnsfO3L5VDhgveLFGjXA7SXs,1645779108756236269
UdQGAIZa4QFSTbVymCefozv5jQDotjgN,1645779108856242401
K5cUNB4PbIr4rN1dXfIKdDPKca8VJnqc,1645779108956217997
qS6BcBbBTSEKnFvLsDfTP2n1auUsfIUV,1645779109056203592
jaeLjFWAgkSTxNmqZRJyR5x2xPuchO5Q,1645779109156205872
yjjgzEqfwJ6uetkDK19m64m1Tgd94iZ0,1645779109256201097
QHgPVV2Pm8JQ11eK3l47qq9JUkSWR0Wr,1645779109356200007
FBEieG7QMRqMQSeREiZ2WgL0OmWpk0gx,1645779109456198806
9sfn6kDT92paUT1g9YidC4bbo5QW55RD,1645779109556199419
x604oCXyEKWglVNs45VG76rt9GNCLoPI,1645779109656189755
sOKhardm99SsenkgtDvyHmsQ2FdL40eu,1645779109756171628
OybwoCivL9oywWcniXmxIcOKpzerzGmO,1645779109856233316
CNKya1ut8gp4ASqqzaoHCCa19Et8SdUe,1645779109956192374
yndWmVQu9DwJfmAdMysW8SWFeNL60qjy,1645779110056245450
bKVNptHy6DFkyNNIJFpPgLeIg0Pgo6eN,1645779110156212805
Q7iD0z95AOp6kAP1PCR5X3MB3jrppTCD,1645779110256194622
ZuQZrXc0tR4dbTfzf42A7OLB7Ayue97D,1645779110356213421
1Vkt2LrwkvZKNCJ2GJBOgUXnfTgHcnSe,1645779110456185497
JAVJVMFGFnacxrdE8oaoG5avYGAB3anK,1645779110556340703
lIcEerSrc0Uar7mytKm9PM3xcD6emtwX,1645779110656233261
9YjnOCf0A7Y0EKy7ekE17HxhT3LDvGk4,1645779110756317708
oRqCbTBmajmm4krgU5iZLfFmgazbqhed,1645779110856191026
8Upix0UViEHmy8QQB6yWjDIQlHzaybD5,1645779110956205343
50n0zFVhTmRPspn4wlafwr3g61G3cR8g,1645779111056202586
RtgO8A5ZuUwnKjrGTPtNEv3LwJOWkUAA,1645779111156199811
NrWTza0t4wgOfVc6tUU7NXQJponZIyhd,1645779111256196887
nE4mo4fqyKDennieHCkekAvZxh6FdmrQ,1645779111356196815
yvAmynaw7nYtbHVqTFVBOOiL3nYgZP6X,1645779111456194947
JGHH2rD9dm0E3U4UjXe7uMQx7zegOiBh,1645779111556202968
xSyzIA6vu57xZBPGh3MZOmWVl8AApLpk,1645779111656193934
moh2wnvqq2lPBAgqC2PYmu1Y0BipVXXF,1645779111756171917
JEFD2A3qCoGLxuC7uZfgTeCUquHJQnWh,1645779111856213845
1lv1vws5l6OgyalqAQUb2h3qZJ9x6ff7,1645779111956360773
OY7HUzKD3jr1HcpP0J13y2tYL3VPg8V3,1645779112056180480
gcK9ZfKcMCbdoO3ph2sg4lCOmflRoGUS,1645779112156179056
qmZPRuzl6YPuwSjcSZIWJSs57eUtuwMj,1645779112256181966
jv88n6uteJmZjTBB3RfMtWPyAss2oClV,1645779112356199283
5setyWkanW7W0If1jINaokZwaPzNbise,1645779112456264451
YUXW0I5nmCHmTunAB8lzrIuRhtmGZfu8,1645779112556219046
9Qc8gftSq9FJ30TE7CCyU6N9xAPUpIcw,1645779112656176456
iD4Oswoi51z82TL9fV58ZSHUafyNxZId,1645779112756176236
mKzcGnLLpKSpllyPE1XnRmF2RDNOkfzW,1645779112856190423
0y7GmSaZk2OUlKtzLQmmC1mcCAyxpyRn,1645779112956172963
wY2gycFhcdBNx4MIS63c5pEFxDCn9cY5,1645779113056212131
8ak7Czmmbx9YzTpRZq1efGudR4Oaeudn,1645779113156194615
VNufLgSwbbUa5Hzc70FlE7Md9iBocnb7,1645779113256189599
ATlT7DPimsGp9DSFBf0QmM1v4BhgyIm6,1645779113356179657
lXaqizWSrmI1ziEBNEZ7YY0cjiGhy0mi,1645779113456190270
VMYDL5gBpwApeOyzcV4A32klkyQhzCNU,1645779113556198068
YvgsyK3oGBbsZXrB0tJ3v1mezDLwPiPw,1645779113656191404
b5mYNnKdytVXQKgQDxR8yEkvP5smlFgL,1645779113756162184
IStfFDGB6liU3MuGJJMHV7BuA1fuGLFY,1645779113856314889
m6D1JRDPCtrDGjTZ2npWs0O1z3tFP8nB,1645779113956203336
EyAVPLsZDjmTSD0SynyplNokQhznpkw1,1645779114056189116
g5W3OMab5K2VX3xUqwJcJ5KhmKTZ2Naj,1645779114156187136
S4krOLQTfTyBWtdKpuu6zFolXFKZcsG3,1645779114256208286
u1uIKIjxlf8FYjaMdSSchELETfm4V27N,1645779114356187603
1zdLHMJ3zPGW9qskJINyXiByMx2rx9Dz,1645779114456160550
8qIOBZRAxhg6WWqnpBjKuuIEpL3lSGib,1645779114556172293
70zIYOSV37ZXbPIQZ2kRu1fiKiTmzBL6,1645779114656183813
9IMhemCgtlDT9WtiWc9Qbm6vUZhRk1Vu,1645779114756158611
JrbyeocVXpygJqOnQVC1FIuisZ9aadSs,1645779114856201891
S4o4qQaLFW2XKOKksWj7ndpfDxDnagf2,1645779114956162819
iR7Yrft59tcUIuEAPyHCZ5pm22YciBcQ,1645779115056175210
dhwUMoZWh9yz4C7R8NdiSQSUSy4BAgZl,1645779115156165360
MWDgKlCzu8zwL4LRRw7tMaLpWPyg4XPQ,1645779115256185899
1d6JOHJGPGBiKW8kTFdnnxcKMYyO4Om5,1645779115356178049
ztPL8gbVwkCGHK0iZcVNZ6ftcdIg14k0,1645779115456178866
v7J1nvXjdjxs1yYaY4v58aykEEPDH9CC,1645779115556187071
GVE1Ojk2QhuRdRz9VvEbTDJhRivip5t5,1645779115656177425
a54zoozCUrb5IaFlTTMxeee4MXkCcdFB,1645779115756167131
gK8S67eYwFcForyHILEvzrzJMjTzLj81,1645779115856188336
1GU5L6eHMEWA3VRLoeElVD2rvWoGFwFE,1645779115956157912
AjJVqvnA9HICmhWYLkHowKgpqS33NIHX,1645779116056173544
0Y3oSoyZ5EkqvEOFyg3syhhoAkpV1421,1645779116156156601
c3p2plcvzMjua79WlBNhs4V0nKToMWnz,1645779116256177103
XczNNbGKvzET4MyoXLVNNzM8HpweJjbr,1645779116356226420
JaCeAQy3PBXRXTF2ojN9ijIzZCdsuChB,1645779116456179681
nrqxFoycxV4UyHUk0suibAg8MHzEUeQF,1645779116556279534
WGAl28M0eQSahvJglBOKL2TfKQsm4I1Y,1645779116656186314
WBIWJeUv4xUjqnPbymvHoMu6mmsr4tPY,1645779116756161501
2h5KLZFNUh7KUUvQEpf3Ba7wM0nPrAxu,1645779116856181355
s2EBaRX49cPb6I2L5fMFFTBaRyxJ6sBw,1645779116956152560
tN8TmdXtFwVJDVeIAyXOQiwret8llHfe,1645779117056165766
en7POfIdZnxkGZ1PYYnyFjnrawaLDGyq,1645779117156175916
15FOiV1GHw0XWzw2WhylOlayh9KtNIhM,1645779117256173343
Luk2PmGgiECCE6EkmCTAw39bARUXj9s2,1645779117356169086
3c4RMK53ZHFlMSV8cyIWzP8AqafXkVan,1645779117456170995
8cCSvIVSZjDt9i1jeIGdhOlYyP5gudS0,1645779117556173033
GeT9wwbUdmNmSNW6dmhI8Rq4quliVDhl,1645779117656169276
r8sm4RGgDbSfwwjZgPsoqgteaeM6p1pe,1645779117756147463
9gQC7gsLGIyCFgmv5eivIZZtBtx0vke4,1645779117856189483
Q3GYj6rxPnAeRwXWYDPqmwhxocvjNYll,1645779117956164318
b0HI66GTsQ5JKdoqoDgb8MWwyQdJyO3X,1645779118056168227
OKnTP3wHR2ajdOZRaE0gaVcWtDopbrMy,1645779118156147655
99RYBLncLOKyktOI7MyfpYAilwXLlrJs,1645779118256168675
1iPA1CkNa4LJyhb32Yhr6paql5BWxSOw,1645779118356166584
An6B0qYYvsprXRuZxZR1Ozr740b1S0xa,1645779118456142178
l3kjsGGn65eeUWBR4aTSZIYcJ9bj7XIr,1645779118556208753
a2aQGoDNupzMMAoQjFqIVMsmWUWd1mUZ,1645779118656168515
m302rBPj1O4LXqjG5XWauNNQrr1sdUPP,1645779118756153423
VNRKZp4aB6vgwcu19RZ3ouRdlRTMtsjO,1645779118856181481
G9ipwkN7qGomsil17J3tDUWxtzHmq1A4,1645779118956141316
8rr4bE9QUvAMewLjDObQt7Lm5dXtchxk,1645779119056198465
Yom80vYUrioTc7ApWlENrZ7wAenmKkUs,1645779119156149615
WEyW8WyzDkQnrabLKniBKo7VQuFkcib8,1645779119256152042
wZc46a1HIR490dTKQ9VlxaGOST84BjA8,1645779119356169803
JmCNKCcadehbIAtiKMRHwhdO9mQKTYSk,1645779119456164119
Id5aphAQMs0c2tKMGmcARFXazxtRULBm,1645779119556165288
wHLjwV8GN8sO1BiFvKQKYxvVsowK7652,1645779119656160030
LQlHvtYHzQfzZNEUgcpCXihOUciZinb3,1645779119756139846
DLK7EqOEF3DoOPH226EXmuvGWcpEPPFb,1645779119856156070
kXiyM6Ab7LNTleWliiGUaCi6mYI9vVkf,1645779119956131794
3QbPUmyb5L3oyZXeFo9qyrukNBtGgcvh,1645779120056157591
2X6XH26KO99KggyuS5kQvc8Gn0XScS9c,1645779120156135648
xE7EGCZcJgw0MtspyaDtCMAyMhQw7XW5,1645779120256153872
lcH0ooc5UX5pQvcMVnGi7OeR52NAZsDJ,1645779120356157336
UVJGHtLkOPXmK79ouPW2n8TqAp0jhE09,1645779120456191152
hHNy9giX3DKMKTAFseFdmiRwVPdAbeJI,1645779120556157098
teF2LvaO9ukTLsgBWvoIcFC7cqIESZWL,1645779120656152600
EjOXfwtoqeF9UwK1p8HRLUXvIn9kMe3Y,1645779120756133509
NP32LxoBZ2I3wc4liMB1ogx6T6onkrK8,1645779120856173399
HN8aKxktz2xvfzeNLpP9VMDwQ1iBr2H6,1645779120956133030
PPgiKObJRWC6WpTpeqx8AA2bAkkzm13A,1645779121056151253
Ohsj6R0XyDdS24HetEk3NncVVMUGLXQk,1645779121156132755
EGRIhRpfcS5cVNFOZzPwk2PEMtUgOuQb,1645779121256163256
ArtpGhTt7YTcviyTgMNOMncie6O3ymc6,1645779121356154294
bTwsAPjIxCsrtpKZBhxXUYD9caAbMkhw,1645779121456149203
DbmM0VcwfSnWH55Qm1xFX9M9jUk3EQzP,1645779121556150649
1ll2ELwuojQ5oUWYTRl0a59HZuLnKKBJ,1645779121656150168
6uJKGFC4yb7k5bHY10YZ6hrfZCRrWaBa,1645779121756131725
UUtik5kgesPjReFScn2iTtM23lsXL36p,1645779121856179208
VzYD2Ish8FOate0VR0CstYvuJnSeoYRJ,1645779121956148783
XxVXENEMcbuTFtwgt8XleSfxD7Zzf1GA,1645779122056157414
wlgA6uVgTP9iG4NACuvpKamXgKULJkUF,1645779122156129323
UAQa2vHWIOEZSbhdTcSnACKqWoApXe31,1645779122256144305
mRbmKqIcFV9f4qIYQiLbveRPQbDxDGwx,1645779122356137047
fWkzM0ZZVjDYXV6yCPZ73yUUYhRjvOha,1645779122456125975
uPZEP9mtszRNSVLeusjyrESNvr6pDlP5,1645779122556152327
AzIY84Ry3qLTLf8FXpDM3dhxTmmeX9kg,1645779122656145514
82EE4dC5TWYo9g3gUF1XqiSJUCy0MggS,1645779122756163015
gshkTrpwLLkU2lBUyAzpsS8Lc4LwkzPQ,1645779122856152109
p68IxvEJHwnHfwle6kRxAZGncZjMY8lN,1645779122956143517
Crd8nrP4lALQ742BoT6z1KkdtRxRYgmk,1645779123056173611
YPqLEFNxQiOVmOeYqjVr3FSxhPMD69xe,1645779123156130372
Wmxj1KgP02ukRZIHGm6J1YGgvdtzkpbE,1645779123256143280
bYxasc0qesa3RtIhfOzeuFJoqAnYxPnW,1645779123356147059
xi7oK5exxD0N4H2hd1LYFcM5n9ciWPFS,1645779123456140208
7KGQPsNM5Nj9ekqIlAo0m84XFgGm3VE8,1645779123556147746
nSYCIvWOHGVtyK9jSxiE3kkJOy5RRHZE,1645779123656140395
j6Qz1wNGArA89JqbFWnIGXbeVe3wta8a,1645779123756119008
gYagTvwbm4kvMYUZ4IrIpRuJ3xDxVMVC,1645779123856163879
s5sJ1mvlpdfBB9kDRZTFyNW0Ihxn1Sxu,1645779123956149010
WnBXa6GNjvYs3G3UnUhmpBk7tftu7omb,1645779124056146066
cy6A2NXmG3cJHem48ToydY3WDuQJhBsH,1645779124156119234
9zPBMuvcxWuC8gEE73AkZCGl6f2lou2v,1645779124256119735
tR4DL0oGUiSaOhoVizEHBU0F721vv3qm,1645779124356184717
Tvyotm5LUVvqChJugXAp083794145poY,1645779124456139163
imLZYOu0tnq6VAy9h6zhF0nO4mQ7bEeK,1645779124556141738
1ztXNmYEZOK2WHCEN9tc9e0BQQI2dwKe,1645779124656138016
tBBExhTV6lXa2hmQog2xI16jPPj2J3eB,1645779124756114481
CoP8VqdZc8Aeow2ca3Yt4eaR3JSLK6WW,1645779124856133574
uteOkFvKM5wA0xmY0KP2xzT0IvJc0n7s,1645779124956136149
fjGNzChJFbTDYDmYW9aT92RRxl2xW9qB,1645779125056172872
s4YpEF8UpbfNpPwJZUmiWD7Sw9NTIDeB,1645779125156120188
GByUO7wDicbVzVmWxYEUkMugTH7mTmvj,1645779125256138226
xtBJy8Xhi8AhbxEYTQ0DkuuEA1ydlrKg,1645779125356142264
iV0hdXMJdUzCPBktbj6KdyWnyUOhJiOz,1645779125456137376
EMgpr09SV8euHMns5sAhogSm8rURXqRj,1645779125556152599
C5Z16gTZm5R3RFtV54CticgrT8Gzwfi6,1645779125656208803
lF7ptaMffng40aZ5clxKMdBpjQmf5Tlo,1645779125756114638
iqbcOxF1lw5jUdp6OmQiNaY40Ih3lSsS,1645779125856136527
GT4eRHfADitfLgliQAQniwpgFWjyybQE,1645779125956128139
5SqUkVcvETbXAKFaSgMAcBqpiaoe9ErE,1645779126056154140
fhgNBGINkruuA8ScomlOybEe92GJE7Vr,1645779126156111715
nAEwQXHAM92WHT75FsSBTgnbg4ss9Nku,1645779126256132753
XyowT56qF7KUaRanJ2xlgkKMmCCwZwo5,1645779126356128735
vd1Mi5AvAVQiuyWCyTxcDFw0R8uy5i3y,1645779126456103218
J2K06VvGyJzsFT2Dwxn7Cj5dsxcxedvx,1645779126556114533
gDxkgr0eAxVOQXZKVNQh6TLyRvv5Yo0C,1645779126656133515
0ywgnxJvsoJJLtbqG1WMVpJukExI1xVz,1645779126756128368
tPfgMycDkvU6o5u25QPYDiSxuPEtMhqG,1645779126856147739
6WwRSWeDS8HEB9HGaeonKGjCdx4yeuEk,1645779126956138443
O8Brfp25vHJ7QYNyCAkUOTh2Ol02dCk2,1645779127056128037
Iurvhtyd8GkYo5XzDFTci8c6ra6VkoX2,1645779127156104630
iMwQDu3L8lrxoOu2dLcJUENJmRoWGJWy,1645779127256128631
dSOqLPBT83OvPIv1eXI6jgPV7C1NTVM7,1645779127356125316
yixH67iCA77XP0Y1Vp7EVXhahgyACIH8,1645779127456233946
yFP2M5FUCM1aNYbsNj5qEkQvPM3bcLhb,1645779127556136373
a4du9qOMBNuYtVOGCR4OAVHZrL8Sgp3E,1645779127656102671
re60VSKgpEChiYxsy0H8VWfKrnmVanjR,1645779127756122282
QpRvFkZ5yjmeFhXDhmJAIyTAjFfJ3NkT,1645779127856136116
AAMQutTqaDTpu01akKi2HBAyRoISB0tL,1645779127956123913
8Dj24CrePKTIISq2lY20iDy71EXAFOTL,1645779128056126506
bDOdNDHnVi3nBrnwNpw50sC17j9K7dfg,1645779128156098285
q1JDEYyjHzUQqFKE3EJ36U3DBCXJpBxd,1645779128256152192
CFpPnn64lbSbompr07v7bwIk8o1wzzZ9,1645779128356125564
EMYz8f2tGUU2HIuFPnKyjdirPklOhJXv,1645779128456117953
f6unjwgzPB1eTttqgEmPpUFEC0atJ5mz,1645779128556125935
9fksZRpyapc1iWrNidmX5zjGyJ9HMuEW,1645779128656119750
ZzO8OE5y3hzjBo6tRrOUq5ioOq4jkGFH,1645779128756137251
DbNbnSZq8WYJKeBjTXEKdu6zkAiUPvjc,1645779128856121529
X7CKZj9fGhzaJ8KnfW5GQBG9KwdhsLJP,1645779128956097956
SThzDqfRVczniJaLndcCoqL6mwneH51h,1645779129056119179
YjhjXKA3uAqcROxD1XNnNgsAafmqioXH,1645779129156114049
VCy2U75OFtyeHurGRC2psuxRZhHIVmXy,1645779129256109828
zT1Ra4qpymSDgHS8UUvKOqlvX2B1ngzk,1645779129356095180
80Bi5zW1myCSFeYh6R2SHnMnoVoZCnJK,1645779129456117310
mU0rUWqES2ggfDNleNEu9ahx5VUFGnX2,1645779129556097070
HYrj2hxTic9NnW8PuKJ3syyyRSBiDjiU,1645779129656131089
FaCHF7kxjrIUMPuEjBFcABYbbjHoQ0Gf,1645779129756118071
YSvnadjHV1mrOe38pIizTEZ4voqMm6zK,1645779129856135497
Zu87WpM1o6qDktJa9zXaD6e6tUSfYQ05,1645779129956115664
I6CovXnjdduOUDwbCTBPYnWRFw6oK4td,1645779130056134572
A4R3ZFlCqfYJtUu5w4TUrxt7rzvC4mpC,1645779130156090943
oEGNRzYIe6ZXZTbVX2xNxqUopN0r7n4w,1645779130256112758
0IHRHpjtuGRTk0wF0tcxj4lWPkOXVQRV,1645779130356110591
gixxWeqQvFrdDnqDgRANVutveHQ9frdL,1645779130456106999
ZaI3C7T5KKiY5Xljyu6Ro0KSFkZvbCG9,1645779130556119148
kZAvee0ywjW0EGjCAqdwqwM5gv0G6FNo,1645779130656108019
mXjQ9kO6Rt6f7npHdQDRMZV3STHWieLU,1645779130756109445
B2sLmFPB8ToFGdUu4fJQCoReIiB0KUTU,1645779130856118316
WLpHaCQgfFvtsNnw25LEtkrBT0AlSbFy,1645779130956107760
w4DVEeBrt5ljSWgTbzfVjWeAWmwwNBtI,1645779131056108724
E6nSiyKZ33JUZxxBwced7Gob1kYMtRe7,1645779131156084539
XRYEOqnPt4tS1obvPFZWUN7V5fry4U4a,1645779131256129391
vcoHSZhLeYnfLNbkc8G4TLZYzPU3tYdm,1645779131356110595
AR4czjvdFhGa4pKexYjQuGytfRuWzYJA,1645779131456107336
xLkw2eXHLosNdA1bji1bzyScPM9MuQUq,1645779131556116669
lFmnrK2C6uZj3YKkHKLEGnqd9xz2NUs6,1645779131656091151
hcrYuui0mFkpl2Z2KsGYf5Bn29nObdUG,1645779131756105985
FKm8EU80hqoSrLT9EhirmrenyPBZ2dpG,1645779131856101355
xbM93U8iJwB8HcHVJxN6nzrlP0JPd6dZ,1645779131956102985
gzghSoQjkZr0B6VS2qYpqPYDPpa1wEYa,1645779132056146800
BEHd1fKlCBlLGFoI5K5tib45Rf4Lrcv0,1645779132156170708
pAcqowZ06JKMW8cbQhT8IXEhAI2ztv0g,1645779132256086097
6aUsW1qaKAwqGYQhDtpUO1BXIEWB7UpB,1645779132356103708
2J3ZKu9d24RJar0minG5nPc5b6EjZ3ub,1645779132456100949
Ky8cqIFqKh9sW7eDvuIgKsltyxcXyX7I,1645779132556108894
TFuHX87ppHiJMMWFFovXegQdb38ZYFrz,1645779132656101135
VkG0sNofcWyzqVC3H8YwmxXOyfxWtnVM,1645779132756099709
XjKN482fc0cRVoSlw1hjyE5wr2Qint4K,1645779132856119950
cNhgVhJ6ivVBkxweybLwnQqfRGNE9QXj,1645779132956103209
nCOGuhMcdplLnixlHJg5hWk6l5LuTqeG,1645779133056099506
20VuhrWIfGdSwZDDqrIXO0c74xzXlbon,1645779133156079154
bJiJ8CbnQDFMkRaaIq5erhjvcjSNKE9w,1645779133256100487
VpDezoPQzdmj2KJIBNx24evhNL2ia9c3,1645779133356094524
yphyb5Mbi8IiTa0exve1aXgxshdQqFUn,1645779133456091617
29jcE5DuDTce3dG0Wu06Pe4IJfg8tAvv,1645779133556096210
KeXWjiPuCzXDanC7gCD5oFN6v2EoC9hU,1645779133656096506
lDzSvOK5NrHyfT5LdGOPWkVRmjFyquRb,1645779133756093765
7Q31mO49DL5soABRParvKKM64Z2uTRUZ,1645779133856233672
rXadtcl7yqxkz9COh1JzLd3NA3IbVkAK,1645779133956098487
Hiw9LhEHVB1SIBqxA7wWizrs17UWreo7,1645779134056095358
LkGePSvvdwNu8CrIHmm0jcskjKEbx3gI,1645779134156086858
nuwDMp6xlTrrdh8vTutCWjvE49n1CTH0,1645779134256097135
NBBj0HgjkWbMDhHebAo6tjIvt5u5YB3t,1645779134356081080
KEcITG0CkbYxIpZrxOvo7DkyIe2oo3h6,1645779134456092672
GHPjWNvGyTCEGl3D9x0F8iBRKDD6FtDV,1645779134556092228
AaEgxAvtd75us65033DAlOb4amApfLKo,1645779134656090580
vWSqgNhIUkALrDLsHY20ub4UMFH1aZnU,1645779134756092061
6GImd046kCPZQkQhGSf82kdOxsNVSBzY,1645779134856090172
RGK2GN6yZVWxDweROKaO2Dmz3AUVJS3i,1645779134956107098
iMkwhpsEIOCWKovh6V58gs5k0aFJ0J1g,1645779135056087765
djcKWUWpriJBVEsbkwkQonAmNO5Lf41I,1645779135156071968
nbaK467vnQ6IextOtbnfPvRkJU4yY5GJ,1645779135256083264
hodlvigi8kynhp9YPwDoscW96a8cgOwL,1645779135356082246
BX66GkmOSi98XJgwDsi3UFDZnLBRh7ms,1645779135456084246
fqwtYgH1OR9winsvfZx8o8fZRq18wlzZ,1645779135556084931
ctS8aj9y8Gso4jihIfn4nSdEHeKBQHk0,1645779135656087282
BC8jtGf0WYoYHWEX9zbwQE8hrRqHiaHr,1645779135756081227
kNabdGbAmOg1suY2s9wIL5xCWnRELi45,1645779135856105208
6eehsGrccWdUOBWGITYcWTo2EGEZwIe0,1645779135956083078
vJilXXO73zbS96gRXD13gq5v4HUyY7zR,1645779136056061967
OhCtCY0GYbghfM6CZ8FEwI9yabw6ivX4,1645779136156112263
ajxnIx1oXhVC1ZNZhcnbvwZTVWZCP4G0,1645779136256094059
nCl39mreRKpSuC1Zom9hii8CCfOcjeaV,1645779136356087170
qLYy5OaWgPwYZw8MiH3PxAbApzmXbM2Q,1645779136456081336
fYMkuuGbKA9t6FDpUHCSPncCkMjJgjhL,1645779136556090855
I13AwHlERt5Y8JLbYV3xGd9yzrHdaxwq,1645779136656082614
wzzsGk6fbCDiTWJ11MyHx5FuuVXTQRHM,1645779136756084447
QGFezJJaTVIwzZvztrGqvUkpxFINgah4,1645779136856074132
ouinE0OfTeaSCVR5LguG8e55uMQYu7di,1645779136956059446
0JWCHsrkUPDgtckEIeUQIZTAvrhpzIWx,1645779137056079242
Z29rs0bMOm1HPlVfNz6dYXmSPTFMllJK,1645779137156058316
lS9dQlyoVz5uiaY5Xei4BUWYvjugVDzG,1645779137256080186
d8s4rqqLnwDVUlY0PE4Zja5cH0HmBG1p,1645779137356059500
MrrCfhXSbkv4WT4th8QOgW1vUGgfUfSq,1645779137456078870
WH0BxVdWEWaizcZei01MU0IyGybkd2Y7,1645779137556074796
JXIG2tlGPLwMwW0cUzzyzFuFBTxmVWtn,1645779137656078814
39150mKP6Gj2kheEhbCgq4uzYrl1LemO,1645779137756073777
noSlYkAeyrejZHxEs8shCmgicSkx4UMq,1645779137856076591
ImbpWmTUb8DAPBMFJFwT1bCb3uZ5Otvf,1645779137956077332
fXU9Hvds3p1QyNeFcaic9sDAkmG9dBmI,1645779138056068405
iEPz93sBqtboED3rmjTvcg6MRKT4VDLE,1645779138156100682
RkBbl1kbsJN7XQyJ8PEi5I2UcUX6hqK9,1645779138256084978
aTiKVStNjHUGfQZnpmTt2WLf0slfi3oH,1645779138356087422
UUbzuULejnsPEQA1CeuE8Gr66alpdY68,1645779138456070644
0f5v7QXrCPGQpOPz0KC8Y3CceyRFUVLU,1645779138556083107
APNGnu7zILP5jp5i7HqdI1Fuzf8R8RvH,1645779138656128069
qJXeBedTx1XeocMtrBU7Ch29KAaTbVkQ,1645779138756078846
mH4ytfPoewSSWpJN0nTAVVJpdtICM0a9,1645779138856093864
Fc56IUuwRNNvCgHAUkKxDbmqU30o1ZxH,1645779138956074623
B2LTVGOudlpnR6vvqDs3odrIeq6fP2ua,1645779139056080178
2G2XWQR7BHscNnWCyMFmx52bv6HI8Bs9,1645779139156052511
PugvI60TNs4idYsbs8LqBNR4UgMaqCjF,1645779139256072881
5O9NU7rp0tVbROBHUU7fsXjKB5szFaDK,1645779139356050733
yMiQTXFRQi1p6A6aeCFUjwoszhsFF5ZD,1645779139456066899
PHbqmqGCWHzdP4D3GRYxNKnNzfaEi9P7,1645779139556072694
P0wBoCMLRLyqN9rbYPWwiKHhxrugyJlN,1645779139656070712
IhZ6ttPIEL8aV0B1Nix32Clz1ddywPLC,1645779139756067138
4sHwlgEy2LYVJjWgPSkPcTPc60a0NtDS,1645779139856098322
mUOV8aT8vzdEh8t6YbWA4tk8tK6FEHhy,1645779139956066525
l3Tsbv0XucjbkcgGDCOF39LwTS9fjqdT,1645779140056064673
r5LT0LysvhSfI8tTIIhLR2FuUPYCDBf5,1645779140156046209
E0WEJU5F9XsRdmvv4cETcRL7qtJ23w7H,1645779140256064060
ubWB5ZOE6Fgj1Zc39oWlFrq4j76m1B3v,1645779140356068615
mX7r6V3CkhtjETkNHE7V4vZn3fZ4ocya,1645779140456061855
85PEYSPHAGyOkjkzvrUzk1mneJqSum22,1645779140556063355
pRGNsdc2uZOeI8bBx4Bi5vTiFHA93B9s,1645779140656064910
aPES1qSvPrXfx8ptA0bEt2w8K6FNFOEq,1645779140756063242
mSGnGjieYDHVJ6OU4xiy0e6IiKfyirmU,1645779140856068167
J2FYjvCH8TlSY7wc5ca3GfLwzysfqe89,1645779140956038648
fNhOJrePJPrrWlTZN2cbhvYeuQJi3Rri,1645779141056061036
nX44MiTf7JWc409S0m3hfZLX0cF125jp,1645779141156037647
cnrwUIcbb6Bg4L6457lkh4IffXghcNUC,1645779141256059517
8L7cdjCDpNtuixyn4iWjkmOPJ26uNY4W,1645779141356059701
tB8VsKiggZaOWWAYCeGxQeMhfRb2zeYr,1645779141456057885
nfMgx2MdZu03Q8ZbmpYCSut7LT7J7eAu,1645779141556055292
JWYEWus3oq6DyfmkVKuxCn2WE9pJnzC4,1645779141656061902
TkJxd90Px6avjMdEgX9rI9NXJAo4907a,1645779141756057198
lOVOVVlSZMLIiwVPTcEjmbE3j35q3CQm,1645779141856090549
Yv81OuTxGmDyiiL9JZr5856r8BhAM5wu,1645779141956057641
y5wMxNHD8V9oBTyU2nX9sdyzpg9Bj33i,1645779142056051029
6x43JMERpMF0pBTpy0ypexoRbvaKyd23,1645779142156048121
Z54sRJHEfWESghHcgERK9Djk8J25u58T,1645779142256062398
8CJXTal65zYlfqLL4ndD0Mv9dxCX0Kz8,1645779142356054860
UIdyrO4wMdf1R0MVlzgmJZtwW5RVNQbr,1645779142456053044
hFpYbsUxV7yw7IPtF3dYcUS8XubuIDjz,1645779142556055414
QXX1Pzzs6vmCEB5TEg2oASwhMWZdhIc7,1645779142656085616
p86C534CzoODzRgB7gxF9swTOT65lhAZ,1645779142756060653
nElsIo4HcQUar8jwphByZ5PvYU0KB8rw,1645779142856075041
MaoeOrtzHNX7UE3JtDFQIeLr6J9FP0Bm,1645779142956053744
a0OxpIu4dPB7dDOVOdvgGHVMYecycliD,1645779143056061483
j68YM0dyPm30xSVL3P0JeVeCAEAmzsxj,1645779143156030483
x3FJ1sFQdJPYlssmHq6vLi6TwGEt79c4,1645779143256050481
BsLCibdJs0qbqiN8YR1r95J3MXxReXTp,1645779143356032536
Nm26LdNDdDmTtAZPZZHheaky5fNjBqZY,1645779143456046442
dbcyC0ApBwG54oUeLjLzH3wMhJ6s8dQl,1645779143556049238
E3hQ1pDAkRDoDgQYPjWhnS3Sj7Krkiaw,1645779143656048607
lGKk5Vtnx6c8m2hCkBrXbszK0HAizkdj,1645779143756048106
0xT4TKrORRUDS9NCKChv5eE3vOju8Md7,1645779143856033365
I59jP07oQZ0qjN23YhxbLBeEZL8fikmy,1645779143956049567
nthAsmzILz84K86sn1T8C5KjPSM5A73x,1645779144056044715
0k8sW58p2GsMMyD7xeF7iZq70AC8HD6I,1645779144156025121
xC8RFHEHV6bq2mxzPD67kuCi5MrMZvcU,1645779144256044249
5ltI07ZVE8LGtJGIUKNCFZtKtieSdFug,1645779144356045193
0nyysVT6bpLU6ZmYt9k8gdQZJ5zwKraI,1645779144456044951
eWGX1hbdUw5aVs6NzrVgSwDmzDgH4HXh,1645779144556045913
lnCnSlOxiRVBJcYHR2xtw8dvLKAOZh3K,1645779144656086486
SF5uyRpetLqAvMRMOMFIVrDoBLCi2D2U,1645779144756050022
Q6NPVC3OVrXQEymaL0tor4c0QniQ0itR,1645779144856064447
mGqIQtgwlDKxA5XT5OHuTrureaHfGA43,1645779144956025650
OuLnlzhWB1RL6zo9N31outfXTxAk5ElS,1645779145056050759
86Ft3wOEvpZ0mL98M9wF2amUVwCaAx0G,1645779145156059351
1F749VJ5Jq33AC9UJ4jMeVq9P2hXxiny,1645779145256053646
vv03OH8f69hGJqkduUzYxnfLnNsk3egw,1645779145356049071
Xgztw5Z2EEGY40BxS8TOt9hgUZOVB2Ri,1645779145456043681
iPacU9ehLuFPtOKJWohPxO3PwRu5TLm9,1645779145556044791
kMmDTOuoH7BAVWT1K9OFVRePqWVHrFQa,1645779145656039308
bAl4Xfsok1wFXPErWc401iPpEs647Ucg,1645779145756039974
dLkAyawicsx7FBxkl1kki7Xu0dy55Ymg,1645779145856060009
tUop3kXdaUkqdhaMhI6PPdJNEGTImDye,1645779145956035119
fnTiV1J6T4u7jURQmYp997XMLyc79Ylo,1645779146056036563
JFVpEothsnmaFE0zko8rtfBEbnLkM7Xf,1645779146156023376
K2SYoLFh82FNEFMy1Tnu6z8imUQ6Zxkt,1645779146256058819
xCRmYeReeg0stKovncnuZwaJO0QxwAot,1645779146356023837
KDdqr4VWiTMcnBVZlIRKC1bYz1Tv9HnU,1645779146456034447
UQIMTnqBECn0LGZ6Z0Ojz0Iyzls71dbT,1645779146556040056
1tnUfdgroRr9iOEFMawLYEIYy8fxlEQm,1645779146656034314
5EFipvYdMPn2m1H8ZES8QkgMqJJZViJa,1645779146756034961
uYHjTpNoC8qy767gIZoiHS37jMeE2xnw,1645779146856033367
W2gzr1l37c0Eg7syehgv7j0r4e36bq17,1645779146956033570
sf5heqjlQjx6op4SUjLcQJRSxUXWJYc9,1645779147056036328
DfppTYauHXy5M1VpiqR89qZ4I6YZeAjp,1645779147156021141
nYeH6C9Lj5O36tsmhHtq7SsOYQxAZezM,1645779147256035307
CbdGnmZWqxXwoQhVfaJl0B9Yc6iBjfXv,1645779147356032731
G9A3thXjd4eRSLv8tEttQ0P265Bnkihy,1645779147456034730
przjWWS9Y4Z1PU7Iiy98yY82dJqN0XJp,1645779147556029284
OIYsoz0N3ZMR3RhjPrqNPyP1GFMGmg58,1645779147656024727
yc1lZ16aYS1ZrjIGY8dv52wLIJb2xeBv,1645779147756037892
EAelBkMjANI14YHcfuYkvS3DjcFgGOaT,1645779147856047132
YEEhzaO9wgB0DQbsL7aGZdRHFexT3XuZ,1645779147956027371
k9HhhfqbKzaVOBNjGxxnYM4n02E1X9ZH,1645779148056002592
GqyxTnXlk7G8GdpWYkJ46Or5O64tDdBT,1645779148156011554
R7Ovsvgb0xjGYXk5H29OOzTm3XfG9oha,1645779148256031422
u5Tk1AL153Gba0er0mDOle8mAm0JYhrS,1645779148356050254
mLBlTWlYX175zmv0Y8MHlV3vF3Cni3EU,1645779148456026549
OPErtzNR0VUxFPvlYI2Jl3C04OlmRzEo,1645779148556026992
OSdGR1fPU9LjZGS5YUMHVYFZu1JJ0X7N,1645779148656023083
ylbNkGlEN6vwMLztpL8IrOrlP85NfAib,1645779148756022675
tJzdXipvoip83pzqA880Wxlt5oEjzxKs,1645779148856042784
EHUmzHhlyWs1JrqSzwSTuDKx2ZezUzpg,1645779148956005542
EJSCZ7vXcnWvfKNcHn491O41vjyNin4u,1645779149056023948
5U4ec09Elf7Q0T1FG5OFRSGNBEir0mk5,1645779149156069279
Hohrmq3YTAwTbxgs047SVMneYVWYIEbX,1645779149256042704
0IOn8RJcZF3BBi19m6bFSOuzsOXAc9fc,1645779149356018999
P1NYQg8xw985r7EcEoreCjd279AhGpKf,1645779149456022997
qhBEOHCIRILGQZscNiGYRsaXzlEFYWuN,1645779149556029514
E4baLnqm6B1Wkt86ZMczCCWBviQUFJrR,1645779149655998846
NSziEpTK0UoiLumvGOsRZOcU43wJKlih,1645779149756022215
ChNQWqiUIWBeQvXeKP5tliLpjG731piB,1645779149856021083
V3bzsJSAndmDYHsqgxhPd1DMHKNG73Sa,1645779149956019230
71azJ276dsK99Ayo5fDjgQ3viRCoUeOZ,1645779150056015062
dyWwye1bUJjdThRYKfF13Jwmi6aAkykM,1645779150155998060
vGItsJTMcCy3rPaB2pA665qoBOzuKjGF,1645779150256031281
xW7oqa8Qk6UbW4kWrvay0Qm9ml37SHMO,1645779150356016501
oTCc1K2lRUKvY5ROy0MyQ85Bs7IIOegC,1645779150456016592
6qo7BpraJBTqGuEEsaAHgESWLkpjMTuS,1645779150556018850
KgYTVP3naWdpOp1HNCW1QyYliLS2mMV6,1645779150656016181
31XYQYLy4wnRlpg6zC8NAe6qzYslvLqw,1645779150756011958
MNUkwohyiUNSH3YEDebLIh9HG019Lp5g,1645779150856034067
AXO4J512YOSnQ02dfdxxJ6DZ4CgQ1l4B,1645779150956013047
GQEaWFa2d2p30rffTabmemJjyz7xiB6y,1645779151056017768
ZKY5Z85DAtEBiroBRNv47En3Bu0t37qc,1645779151156162710
POgzVlAdeMmLEZWdwSh2eS5qM6hNBX0a,1645779151256004375
ueXNNh002lLEKrrEHXGuxKiKOPfZvf7n,1645779151356017336
HdAfI8fKt0YBpOQ7tezqyh8M4otzRzkj,1645779151456012779
cuOs33Bu1j6q5Uvy8up7bvRgjJdBIOss,1645779151556020074
GGkHHvCGdG6ik2fsuSxWNNA7glGy78oM,1645779151656267293
MWdbQnr33vjlvMeqoZKAwSFcBVYHbKdv,1645779151756042292
rEUH0JI3Ezn8KPy6yGGtgVVr028ZMjUB,1645779151856031439
ywQyFgzUgkcy9Y48mLzSqUHpUOMp7p03,1645779151956016585
lPz15xTjh5hpbmxN5wntO4irS3gYseZd,1645779152056011176
3Zc7U5qB8W0jGv4LppECuv1KyfsoJSPL,1645779152155990600
z2QT7GcEmbv0U0LKpYUhTV2PAsBRIakF,1645779152256010209
aAigPJu9spAMnVeb38IUbIrj92BPbvfB,1645779152355993800
4LrTelcWZmrMGVxHcEmDWdxde63FziO3,1645779152456009576
1GWez78Wtzt7VoP52BGXmDAOHDdHt2Iv,1645779152556010648
GpZDuhklfdt8PIDSRTzBf7awLDBCDU5R,1645779152656007813
HcfBIPwx0n5P5IpUlogOwGJFRUPdyV4D,1645779152756008904
7jOP6JK44PUAfHcP6In0W6DwbcZX5djB,1645779152855989402
L5YRMtWRIyZyFBNJS8HyFUso5RJ832JO,1645779152956010493
8snUlJv1FUxVeIm6R42eWvSbKjkNm1js,1645779153056009120
tXKcoEc4gXXKqJOFLPrsIHRc0B0kDha4,1645779153155981507
Evf37F5lma4arSpDpe57vWkwgigrPFtc,1645779153256003746
8YfFli0YI289VwKIaNQWsAQYs4NFJErR,1645779153356002540
lUeWCd4SfBa85uRfGr98zXepcz4tDuLy,1645779153456001465
OxVZaXzGiZOlSnPieYod4SSePVXcPqZn,1645779153556000611
o2KOZKcGr11JoQzRxl21BVfayADN1k8p,1645779153655977516
mTDLnqZcpbubzt0wd3voWYPUjapkKxX4,1645779153756001570
QiPBYzoLYgvVZvSAwLzQuMubujLChsG5,1645779153856072808
adF7a1Q8hJeED4P9NMaHgSqaCBkr10ua,1645779153956015510
b9fC85IpPu2cwRjKnJZRkQ1uZllbjd9K,1645779154055999360
loUtrnjGflqcAYwvpTMZtLTT4C2nqB5b,1645779154155978470
xYUoLB30ura2PUxFyHorcGIeSIPIRVtO,1645779154255995912
1MBKVEIQ5tQTNMgLdSBEiRsBkIRBlJYm,1645779154355993984
fj68vOWyFxRdJ5ywY78GZ1PJHrS2Aymn,1645779154456002000
fqvYEQXSNw5e21Ya9hoigEzx3PxDMjyz,1645779154556002461
ZrYlH5DczGGzIpXPUM5AY47bR4mllklI,1645779154656019700
ZJ1pMDRLTgJjTq8xCD7kFCLfE7QxpBFP,1645779154756006179
SEEoRd8tJRcmHjhSwmAAwUpAbD5PNImp,1645779154856075936
X0ewbkpvBQfQ9Lq371D4V0C4EITbYFQ5,1645779154955997175
D20nmpgvDJKMeAQkBboecyjqEARnOpqb,1645779155055993877
sqMcg2WtMqEyyci8DWmpTVfhg4S4sJdi,1645779155155974190
90In0ohMctLbV1jiWVYzzBefE7j6QKoZ,1645779155255971502
I6NJt2dVvw4Oyn6UHcTGm5t0Ca4cuqAD,1645779155355974241
uXWnX9HQ6Lo27sWMVxaF2TFD3Hpx7xA1,1645779155455992739
Senzm2PsLBsS4OmXLMmLpzYsGMoNJwMm,1645779155555993440
b7lN99DVK5vMRitk2f5seeisyWDHTa32,1645779155655994494
fnNpuYIEbBZ2tSmu6pmiTSbPxohQMiQ2,1645779155756037399
TnpNJ7auI9wAZg4fVoOxExMBl1b6kz8B,1645779155856004045
kvZ327xIErQnXST1GpyVmIeVKEb4DhDy,1645779155955997265
ck1crxv3oJrKmIL07HTrZ8MtMwvZd9VG,1645779156055994874
tVsjSlmE5bYrtrpy8JpiRAZl4VKhcovV,1645779156155968538
JoCjXzxcaWRSLHQUYEAxMjiQE07qo3K5,1645779156255992277
pWoMTmx2GMUbdu596D6Sxoq9pw0bxIhk,1645779156355990441
mV6GH1IXOm7zeA9jOF9L20SrwSQri7bV,1645779156455989272
dflsh1O3lT2Pd981NIKPGnEADe1umaPN,1645779156555991622
F8Du7Zvs2wFe5MfScyrsj32ui1oSZBnm,1645779156655990749
HyhMYaEYWUCcqq2QmsIVvINbHA3qJocZ,1645779156755989154
nHvJsArOc2yQs1qer87mOSOfaPVuE5Tz,1645779156856035152
NOIDW7b89YYzXMbOSg8q9WTjuyb8245P,1645779156955995243
RNcxSB6ahcZEz9aPpjGwFje9gFFiIK5j,1645779157055988352
ffe6okgWLDiIMJhC2x6FfkPJyczEv4va,1645779157155964497
hZeVIKzdYivu1c41YBGBtdUrGT3BVyjC,1645779157255986569
YOfqgfRELM7KwBLSKbbEF33VU7ez5L9b,1645779157355986493
hnROQqclAh57tQXDz9PEAThfYJedfmDK,1645779157455989490
ZcixTJid0lit9G58NSLXv0ATKn5xZIH6,1645779157555985710
sy3LHjzHUh9dvCjGe4mY5wzNj2IGKXKB,1645779157655965319
VLWk4T0W9994JtJvv3TyzTJhVbvo7Gza,1645779157756049465
bTLgxLC6SK8jBPe6S85SZO72y2o5Ilds,1645779157856015240
FyWAHgGh0MQBm5GEBJeihlkdmXg2IKuV,1645779157955990405
GQfW7tD7EcH0fVCqorWTaG7MlnP45HXK,1645779158055986606
iDqp41uId9GIeT6SKcwsr1DcmaeqrCAZ,1645779158155960029
N0MP1FidOwv1P0ThaNaRMn29LgxCq7mD,1645779158256036045
76d6LJjiDdjdbAIBYsbsdbzyFw963vJ8,1645779158355986562
zuFJBw1PZk08uIKQ9tHmUGjjDspGl7Ni,1645779158455988170
zc19W2Y6kYEfoW3xPKirZRbmHO00VNiT,1645779158555988279
xkcUkAYVgk8UF9ScSAU1Z5noTlox7UQ4,1645779158655980962
C2WxA2QolYI0fic7q68N9tBdfxYkSwmc,1645779158755977219
wHZ6Jxs4T829rfGfjN3tGCUt80bYwOAs,1645779158855980216
fiwyfo19w3GlgUROrSH6cjxkjZIfxRVc,1645779158955976547
9RYmFXtBZ9vFeKbTmqZMZX7G6Nt1mOdt,1645779159055975545
p9g4hXEGh7TJR3mDtKXTrchv0bwkzXep,1645779159155955209
eKrLr3ZWA1nb4YmvsKMhw4aufWfe1JRf,1645779159255983669
bJzQMYvVXi6ZGrV69rn3vNyYrbDsscYR,1645779159355952648
vXrG3mlZVp8jebqnTbrMznvoO6hEiDfc,1645779159456136589
iUqlHbIkORR32HoTrfoqQhemnJ0TWd3C,1645779159555979513
8tyNSE7rfYsgog7fKvTkc5XNNXpr9s4H,1645779159655952418
m0eEEj3uFvY1afgub7cDB9ZYfOPoGR50,1645779159755971971
RhDgQGYfA6hijLcKRCWcM381RVnfxqgO,1645779159855997598
Xt4x7aaHeFzObZg0mAa6Di7eDsKAiyXF,1645779159956108521
rZAyAkEoyDAXlrXV17bDngr0Y99G5gTw,1645779160055977612
FdtNL7AJIKo19LWBQ7MDnBEJLLXO10LE,1645779160155955739
bCcvHmCZ41bEK5NlDjyyuAGDVncUmvhL,1645779160255985069
7HGO1Tv5SUJmagXlPUhIcxV8j7aV2Fq7,1645779160355982826
W5VXWPdytuiTbECyiuGKpkQYpz3qEsxl,1645779160455953601
xRGRqtPjo5BNJNL1HaK7Kif9hhxuXvfS,1645779160555953395
MvtAnGtZL4wfSFehpwm7fQFK5CEc7r2R,1645779160655969985
ltbY9T7SX15xGkd6ePBJnQcsbqSggS8R,1645779160755972464
LhxSA2vi30dJiENNeXePxGIW5iDlBLCW,1645779160855990683
29zDButCsUVbjryLOckJt0qyj3huOtOO,1645779160955973570
0NZ9FQL8tojafht3JbLAcB6JEnDaebwe,1645779161055950234
xUlCu6Klt1LYiEa0qvAQ4HjI2uqhTkLO,1645779161155943324
E5b7Bts2vEZbQ9bE2kc4zJK1DAifu439,1645779161255970562
9cGIW6JPIs0jzavzKY3JrNK3V3gP5jWC,1645779161355953670
MkSqplD7bDoankZ5GcO5zh6UkmsnWMxq,1645779161455965445
5Peu9r1k2oLoWstmVGrSxwvfilQC7N2A,1645779161555970757
ke4rT4cWqvIMnB8GPxjMtezcPPmUkpfV,1645779161655942181
RhMvjwPXpftdqzrExaYoCYOZvB2gyfBN,1645779161755999233
KVG2QfZFKTq9SiLNGtATRW0Lh21dhA10,1645779161855964971
dF23tbJB49KVpdq6X0XwXVHCYGoDQnD4,1645779161955958895
2F5vpO7rWPMJ3DPYBuUiQkty0h9PULRW,1645779162055939003
YWSNtXFNwZgxm6Vw0yeOiXKgCU5gnUBL,1645779162155940741
1bhs8wF2Vv0GzVCyToM9KhqW9tBwOMHN,1645779162256018997
xwF5sU7MN5aNZkL0WhAqMyLVrWRDshap,1645779162355985902
dnsUFxod3O0a6Jac0kRNgmqWGIj8xIvY,1645779162455969251
3l2JiowjCuHGBst9aIWH4LnIdUQYkJ6o,1645779162556050451
477kv1S6tjM4ZDDATiPV3AnecDCNUGBY,1645779162655964171
NGHHHhLAOfCyrP6K7Vq8ddmFpycJDnqY,1645779162755984020
17pIm8QAoc6f2Cz7hpGIT2YGzAZAwPix,1645779162855992480
UWEEeePSHV7Hi7MNucgLdCbaK9kEYQA1,1645779162955970977
wOFb0c1F69WmEt96TnS6x1eIAOWhpgij,1645779163055941030
2vK3WMIcTnOfgVl7JBEEDqWNF122fkli,1645779163155941842
e4jAO1mroAUSfDawPmBacfvpeyrKgb0K,1645779163255936765
fjS3kEsXMMx2ZVwwH5WsjQfNOXh48hNl,1645779163355956058
Qpo94geO0bOX7LSMOwE7MsVkPCnVs8EI,1645779163455962537
x2Pzg3OefmBk5d6SaJZuB4dYFQ17YFNT,1645779163555963145
FnTvopZTZiBdKI5uZemihPGupF1LUMpj,1645779163655960457
9Gcw59PerZFBpK3Oxq6eFKW3ZXM3rBkz,1645779163755960954
RKvUTI7IrMSgfV2cJ8EXQkYzFu064i3T,1645779163856028506
2yyVH3o6NGn2jpc1wqWKY4KlwIs01vU3,1645779163955964300
sSX9TJFqX0tGoVFiKl2snKekdUkcNEfF,1645779164055936668
eAM7Tcy0apFOKU6eE7VzR9j4dSgyeKEH,1645779164155935035
UaMyAIwl7B7QgC4sJXrkgZnH1RGdjUuC,1645779164256033476
2H8DZ4wfG15uD7kWfbFLA0b9Prn7JhJJ,1645779164355945973
wRUWTOBjQGbdLL80xLK5JvDik0p1f6Ic,1645779164455961896
Vn6zBFibTIDodJpYe9cx2pdmpRlUV341,1645779164555965652
qA00PgZsykha3U6hbicdXENKf8nABr90,1645779164655960612
09yPoXGkIvKLNR1y9bbfpyzS4mbFekDe,1645779164755996943
sB1ghFOzAjIX8HTFt4ug0s74eiIGQVsG,1645779164856005162
fsuM7JJG0bl8tFLkJGOI8VMkBc1c6tql,1645779164955939344
ll5r4O72zsAq5VYNjxfpSzaecZEiQ2TC,1645779165055941897
nW1pu8rryzi2TGPAB20e1aGd9SJZUkjG,1645779165155957208
Gi3Aov2nsinJyCU8EUkF20r9QAgsvO8B,1645779165255956094
6AKv3Mgv4TF0fh8rBs4BqtKE407xOD6V,1645779165355948147
NQOQm4KoXXpAEvzPo3YcxsrzqwwF90iV,1645779165455970662
R6vD8D2dkpnykkLWlt9glyfauZp1aVWz,1645779165555952752
ZQAhdAKOz5KipgEaZLHJJutBSgD09hzi,1645779165655936934
59PhKj3HoNzb1E9ZZQqrJh2lNDlWtiCw,1645779165755937690
rbd9IeR42Qf1coaCDQ3U73DSHyw8e84V,1645779165855974557
hifzK41KSgM5TwHeLI6QJJtaFngtulOb,1645779165955950387
R1Zl3a6WFSbgMqIh6O6PhxywkepePBEq,1645779166055930217
DlcELgkY8LCU9UAFsGdZDbVvDIYdUmRf,1645779166155926103
V1toheNnxZI74QKuevUrWxkiEIJi2kLX,1645779166255948489
kEMRqhDoEVtGtBBX7dMba6JmNcUPLnv5,1645779166355940541
2FUswheAAVP3haYmDuNlzhYMH0lcoefo,1645779166455958686
t8gnpJwyoLzVvYH8QdrPIPlZOVAC9n01,1645779166555928276
veojxkfm5eFyAV4b8wyOJivhD5rKrpLm,1645779166655946328
UATPs89wnPuvszUytTMCBHuMLjgCZ2w1,1645779166755954473
AQQ2YawJxrFnohlh85tHKlddVKp2Km3S,1645779166855952914
ARSi1P0wGDh2uQj3TaKoMwRpEFrYzuy9,1645779166955948615
LQpLppF30x5vLmwpNEdhA2WOHNuGFsNY,1645779167055923667
JDr607Az2DuL0oAL0l2BoYX5tQK6IfeZ,1645779167155920571
qWepbmobzgwxU7GUsIdeo9ifZ0lpfONW,1645779167255914753
s1LTn92knygH3wjuDLY1UEh1EQouoBOg,1645779167355945842
Aj7vq9ed6Ks7EZzRuWRMk6LzWAtLLHzU,1645779167455923580
y7PmE3NKLFQamPzfvO1gULfzVWIolHIj,1645779167555945298
MiVblst55JfrhcWc1WGTrvQKPg8AwRtI,1645779167655953888
9MrsClvH4a7jBbMA7cbwW0GvgP6coxvv,1645779167755949514
KmlWVhmYFtHQUdYaEAWkAldq8jRwfKpz,1645779167855942678
6aTaHF8X8Pvd1UBFcfxmQaaWIzSxJHuO,1645779167955917897
qNy7d6clTYMU2XheDcObBw8TwYQFoKde,1645779168055914671
fZlIdO47uOZuuFY7rug2qoTkNr0B9bpp,1645779168155914723
BY7ou9toYTiQgEXX6BYv01fLtdU2FHrO,1645779168255936961
nxAi62UcVB29PXgWjCRhC405iU5vlvHY,1645779168355930661
sPEwRjZuuZ3H5ilmsAT4FT9vvDqe85Ay,1645779168455939324
UPuw6RoyzsF4Y1qQBHVOicJdp7FvCPtf,1645779168555939210
mmZsBNq8D4Cl30ACHfbxHsY50n0ADspz,1645779168655934595
cOqlkeuxi6hl5ryKUXIlPqoNenYpdLoF,1645779168755935869
icySHsNzx4j2vfMPCc9ZTvx5iTuJogWU,1645779168855968347
JVwaNKZIMGKIvff7FmfiialO3fipMEKd,1645779168955938566
hED5WkLt1e9wJm2WZhFFHybIcH5yUNbB,1645779169055928600
amE6WazXE8SVvU1S9EfODGepYjl25KDf,1645779169155938022
6Qla0j6ErYjk0iC9xrVA69xeqiev0pa6,1645779169255935723
FKeF3kRsI8dIrnPoduwj3rLuZxnZmMd2,1645779169355928275
gHFh2hZIpAbewyQZtMGuDZmkWaHIusIY,1645779169455934123
AYFAFmS2x1ht07QrSeldDYOh6dz0WGWg,1645779169555959231
olo1XE3SGiLEqj5GNotaKFHQtFOPVu3H,1645779169655932857
drIB5JdJ2xXqea42PxajDq843UTWNWny,1645779169755929927
L37QMjiMgFAIoEKDAtuLj0PmTqGoM3mf,1645779169855986035
6u3QdllHzvZn8syIlqdSr0EIqU6AVqpZ,1645779169955928476
kqxLciaZc8Mi0I0l8bBxZPFPrLXKAKru,1645779170055908972
AoEkVoJ7wdpuvnd4Mo1tBHI0anKk7BdH,1645779170155907191
yp0TbJYWxLQs64uSswL4Bb4lONUTW5iU,1645779170255930076
uivV2T1xoQpuUkKKedMpCRYYm21G5klx,1645779170355933480
SeTS8SPusFpKx7fbl1QxQwWAxVR2FA0g,1645779170455943625
oR8urWpilc2gjfFSfdO5ZuEWNfXdnXHb,1645779170555911103
wPUnvJVevYIcBX5q8TwiL8CgnjJYGY7C,1645779170655927988
wbypuTSnzkOBGR1Osv4D3Hro0BMFhUPd,1645779170756076928
5NTyrvjqf71tY1GQwKb0bTmcc9pJdExg,1645779170855932925
cOcTJMHwRHq0I6OEOyC0Pzaz6PIjbDND,1645779170955931199
b0esMwpnBdlTh8f56q5TndSt0kacwxpV,1645779171055916381
vUOHOB3Zmm0TufWyTaRGDt9EcjoWfd1a,1645779171155904341
5NsRWtyIfyjYcEW5owMznVBPDzvsbvSg,1645779171255933281
II6n943n3nLfzpinl4kZYwwltqbUl191,1645779171355965388
KFoTHsGKdZxcNgN8i7fG1aztQYLBaSCu,1645779171455933848
fzLxraHS7D4UrPbXUEmUolNEIgNs9Yko,1645779171555932974
X3lMd1ojCqD3Foaj3MBp6Y2OFPEMxyAS,1645779171655920785
1wodvcM7SXAfMiNN3YA95CVIajeVhmyg,1645779171755926226
imJbNdinBqTVXqqaM0jRDChlvLGa8EGo,1645779171855933796
zYOMB69KvapSOf2lgjArvsaoBqMH3c42,1645779171955919218
8SOKWVeR6SrU7tFlaOaTEAHPzbf2Eh4K,1645779172055897011
9QedvH31huUmmjYM56qJF5jEhMEt3IDA,1645779172155896415
gqnb5qbkj5WVm2rs9fBMjsYOEmFH4QPk,1645779172255919355
GDJJ1u3kxaFka5cjil3PebnsN28PRX7f,1645779172355916666
iRziJ0QHYez9jZqPKupyVcprdxG4SOh9,1645779172455915440
ngr6fFLDtIKcr90C3pAWPzL0uc2LykSl,1645779172555920251
OHp3W9FQRX0Jg0VhpdCDbXDT9Go5yEqM,1645779172655916729
VeO2ndQE8QVpRyWEciPDGdgNrTTnhH9B,1645779172755916744
vXBg8btH1O4QNadxH28VdmqSDJFtbN4U,1645779172855978110
sFB1q4GpQKEnsri9rqcTbTtom9hLUjoM,1645779172955916885
yzLm1baRtoDmdvtSkWvLxp9hwp3OYpkV,1645779173055922677
m4HndpEXdPHELAh3ecObPVJJIKhr9QMt,1645779173155921432
Ubg7Rsc2ItHb2yegY0GwTXFmrvbyLvrp,1645779173255918132
UVutLXwdOBCQ7o5dmJZGqn0hiZd1USoy,1645779173355924832
xisGDmsax404r3hdMFrC2rriOSjsuXpp,1645779173455929939
Df6PPyzM0xOr13TLIKWIANyYohPgCCWO,1645779173555917639
panEWmYUhuMixn2E7YUFtToh8BOLLsjA,1645779173655885895
SWMwGsQxmkehXevfCOs3relzp7K8z1IP,1645779173755910650
VcLjUjfEUHw1vpe5DX82Bt2z0K7xKOMp,1645779173856034608
yfXTPCfrTbqMPVRa0ZdBRd8PvGLFeh3a,1645779173955933290
La3ikhXDGNXfsyEqVp2uS8KNOfb0Kcbd,1645779174055911194
CcLwJs7aEcD4aPv3Evyg3G2QvbQDDzrN,1645779174155888449
cAHt1MRFydHW2CZH7Vv9lvZeWxsjxh4X,1645779174255909001
pLOqho3dRL9RVhibCckyXHc4ESl99qgz,1645779174355891052
93nprpSI8ajdHQET2wRZD2bQULZc9EZI,1645779174455926308
FK569YMH83tPR5qT2I1DIabkv9K4NtLa,1645779174555890989
EQgLw0b43URTZIwZYvlqWMYPVtSqknQw,1645779174655909096
D4IA4rC6LeXsuTQSNBGrVmG1fgpQTGKf,1645779174755909092
IcnLTxPmZwdTN3tkE7ZhuoiXUYxymIb2,1645779174855931440
sONKJk6tghM4kEmwLMeF8KncqiYay7dp,1645779174955910658
V09njDgPv2RdGEaaYCpeWaGNJnvFuY4O,1645779175055888191
XDBGPrfKr7x6JVgphTTC4hXLUSaPzfnW,1645779175155882261
qwmFnPXcUTilwMacq1oujJDDjnaiQLEF,1645779175255878869
HyS4M0hoRNaNk8zYAlQt2d4mOdUpyh2G,1645779175355930790
dUIzSxotLMH3UEbey1V0eYk0BFp9upNV,1645779175455917527
KgVmdHgwbvz57Yi5ZB4BjoCs1z2tpNP7,1645779175555912856
3stf7XbiQZnY5TbffdoOQyHPyHJlegsg,1645779175655906778
YjLfFuNfR8BXclAHOydmxsCt7VcmBUQh,1645779175755892256
BjKQdf43nFYN0ieNeG9Z8JQGo20xUOcg,1645779175855911363
7w4ib8lNOHkMzNhcdrBj8axxcvs7JTlO,1645779175955908303
Np7zwqMK84e5RMh2BrkJRhE3b58sYrHv,1645779176055903595
hOsdCCvKHXQgt5h2wRMN8YPhdVa9Nr34,1645779176155879184
DtfP4YkJ58zxDgxA7JVEquvRQTZnKcpX,1645779176255900865
TSxXyfq1nowyUu8aBem1WfTu92fRcSz5,1645779176355904101
subqXRqIFmGigPGs12rVfIOmK3EuWByM,1645779176455906023
5ZDay3sCn8sUV8KU890nSOamPmfvxdI0,1645779176555901334
ATa6USIHYAj4G1YOBWAdukNKU0DRbTRl,1645779176655898422
uzqOR8exHL1XNawW669zoUHIVSj6w8qq,1645779176755900011
7gDWopT5ATbV1X15b84PdJf8mMCiU2WZ,1645779176855900025
ih3XUWafxB8ygA4HG6etQJzCdCs7CMev,1645779176955898854
2hQWC099AI8qQA6gGiYe0VodfejszNn1,1645779177055899442
3DVFBfMJvS8LcEzruVTu1IYeuHWtcHsf,1645779177155896068
SOse1Fvwh3HIFG7Ama4lqcPlrucUBV9e,1645779177255895656
r2GsFBowD5CSJJc3ufmiFCT764bFZitQ,1645779177355940578
i7GxH4uU76uOOVSIACyPOQWSU5i3oZRW,1645779177455904426
fhUwjMQqQIConc4xp3NBTrexxKyjrNDW,1645779177555904903
2hSl1qZS9lEwOHsBKFMl4ygzIciAzwez,1645779177655867269
b7ibvH340FzMWrXo4sZ6qF67roFoitnK,1645779177755876839
yVvukwwj9t5gkbSmT2tHFzO5ldrUVfmT,1645779177855945983
8fNrbIaiBdOwCrgdrZv4WH9ItzkOcWrk,1645779177955901867
BDZkV7SglpaveHZToSXJhfZaeJwGpmyy,1645779178055900159
zYgSf88OvhIZyp0kHY3wDcVptR5iD1eA,1645779178155870229
ZKcDRlZKQrsOgs6vQ8qbkLQemTKyVx82,1645779178255876503
FlDeUnzucrGHjKC8S2jBL8n8b5442C7G,1645779178355886628
vIuN5tFgiVxSq7YG8HRTPCZzId3Io8Yj,1645779178455890124
RR7UKMA1q5ReDzuLGKmeWMbmze5nldVC,1645779178555907619
2aeLunMksnM3mHM0Z9c3VDqSqvEbWjlZ,1645779178655893689
HPuBAEw31I6lXTl4cM85ZyXNrjwNQfuh,1645779178755890296
3mtD0pG15LkboWfOqlRPhwlYghu6NmoQ,1645779178855961310
ZhbXUsXXBH8zlmLbVmzDgkjMPbTmMFAv,1645779178955889509
umSOcxtnF0k0k3aFnZQTJ8qihHT3UbyO,1645779179055890431
LPkvMdiZdQaNTAbGjzk07Ygpn7sHjpf2,1645779179155864297
CNyY0e8c3gxWoWlVWTVd19QmHH3y6g0I,1645779179255885829
3wo1bwdcaZ8O5rtZKMDJWb5ls8jyohEp,1645779179355895140
c3rBzSnY1vw5lqe5ApNgRSPHZ8GLoSBQ,1645779179455888524
V2bTUO1UHxZ2lB8u1VYQvyhU6vqsO1It,1645779179555887798
1tMTFLxXHUZ2gfuh8T74RoWVkMO8LgzK,1645779179655884164
YMolhlIyGqzwVrbcKielUAHCXfIqJIBp,1645779179755877622
czbHitEwhBqB2RnN7R8abNm625vKL69x,1645779179855887692
3iCjcQgHbWSewDz1e5bETOKTRDnkJvfK,1645779179955881558
dr4DIiVrCvT89SAnYjzz5ISUVEEn7t7k,1645779180055858850
lBw1tPq6KKCTkKFG4EF7Ugc0uqn1isjT,1645779180155860049
2fSt4IzNaAqJS3ZWGnekTEkL4VKmO3DQ,1645779180255880711
hdHjuH6UPvnryLME6yxXCfqEBAzXBCvq,1645779180355875373
oCaiRgCoZygYH0kNyhs8NiMWsJ31WwsK,1645779180455880980
6S2Y6CMg80CP0wkwcc2zKNVAgWCAS4SY,1645779180555880975
UU4afPEnNOBMLtIxWLuogNxMt7XJ9zpd,1645779180655878008
SuB7HOsem105vH0PauBGH6c8D9RM9HxZ,1645779180755894670
97eQVU2FW3LPKJouExAT4kaFu1a1GVYN,1645779180855908499
cCn5gqLCreZBxL3BJBdLvDYnC8mTeKqG,1645779180955876179
WcMDQfNHJxQGIRQZc3sXERJQZ5rBQiSw,1645779181055880527
Im7iPTxiQLwgmMEON6tbXC05IrGgXgcp,1645779181155858078
QiXpBSVZnSDZoRvAWpl1zl6FbLv8zWyO,1645779181255905369
ETBPwhwh79HtbA35zp6xYDC9W8IVeEtq,1645779181355871902
h3FbkBHrIWkrgoweb3b7EnHktXDVj5LO,1645779181455878027
8YyqhFh0lPrRBo5kpgs3S7lJcypL1Aj7,1645779181555876855
jfxOucOf0G5B28wrnosFtdWVZLqZUXgB,1645779181655874962
DeZ5EyjECoOCwK1j6twzWTS3mIcGnJRy,1645779181755869809
v147xnM9ZiJV2KD6D73hYVkLlNZYe1XZ,1645779181855895953
0bgxM04viNOihbmuhpZDIJY3e6cI77p5,1645779181955877078
iU24S4zBRLr6veycRXpkqMnTSNlXUZcC,1645779182055879629
1cETgBc5XUBS692VgpFUB1xbOh8tGi3H,1645779182155855809
KGi0PL5wnGMrNMM3CaYNbTxzA5qOosd6,1645779182255855656
6M7VfAQSPmHm9dqJDMgmpbkyhYKTQyZW,1645779182355875096
Ie2xpQNCCcyJFmcR6HBusvsXUCys8YPQ,1645779182455891906
CPLzpgBzI8HWurx168tx2lUWvTO2zlQ9,1645779182555887235
8m9xSIvjQAFL1AK6GD3IwVmpy9pvuG53,1645779182655874823
2EySWr9v1OG1YY7plA5ffsSc1IXtYauY,1645779182755868818
mtyHi8CkWSl3yqsh0xMdnoDo4jgcJa86,1645779182855870202
R7NAFZujzdmxTceRYy2LkG8pzoPIOYMq,1645779182955869494
fhysEsbDTM8wykLWgNsPbyCambr87Bwk,1645779183055871341
tuc7kCJDYP7WAQ1ootDNpPybznh6ycrr,1645779183155845762
URxDdGQ9fWgnwhaiYl6NB2w8nbElB3bg,1645779183255867442
VWt6mHGPluBiZlO7WSSfUMnHx0193anW,1645779183355860604
6ebstrFfjQLI9jNeCnJe95u43vB6Vybb,1645779183455866951
aCRU1g7k5S0C9NqJ88yHDqLGlXKETtn2,1645779183555866502
3EU4sbmv1k8A5wSD4OUFEoTxJmBkdymh,1645779183655864423
AGl0rWwqG2zMwRZ1n2E1ogy7S7r55ekD,1645779183755863159
sUDi07YE7XY4w83j8Fkwvg1LnsPqU93L,1645779183855884895
dF3bKbqS9OU5UVnckXWgEXz1OOsqWtB9,1645779183955870872
8ElToZtvxLyQql0aJXEV2CUOaKD4EOEK,1645779184055842386
bxlNUcIRxGrn0sMHNYmNkEkJZxNlJZ3s,1645779184155842325
WnFyPXQNmF8m5S1Q1lolzY4WVQFmzHfU,1645779184255847154
4uSTQqoA6vu9NvaOgM8fsCALcP7cgm4i,1645779184355880093
fWC5NyFRt7aH28diUlLMwThYtp8XZCGE,1645779184455874144
hQH4OUVGb3XdC8Jgud1q6iMxVTV5djHK,1645779184555869176
9ZMX3rndtIG5RYjJ9k7FRTBwwgzaPFsY,1645779184655863004
oF3p4pSx5h0UDknMUuZvMkqGOnon2hJo,1645779184755842796
uLey84uDlugyeRI7Ms0gaqwzelkeQ2TK,1645779184855929716
N7GVBAgv5MrhoAo80poadiXFRIurKL9f,1645779184955861471
SQAbaoUdBMJxU55Sur0WXYjzqdoAyypO,1645779185055862966
OxywjQYukrrEwuepjfLHD4E3g2Bc0yzM,1645779185155852424
tvHcLpV4gKIcDxRwakBnnPoRQz3Ov0lm,1645779185255860012
t2ODrrHVCZ7PUXJ4FVp2udRKaTjTTSFN,1645779185355869248
ScaJTrmdOt2rOKtcphehK42vXjM09cLb,1645779185455860983
CtsfieH5VHuublWQS88nC8gjp2iyc1Zo,1645779185555858756
tRSZ5jea0WScIw2k58VFGBx5Cf3oeadX,1645779185655857677
1554ohfmE5OW2PE7XkKmvHp5uruZRV4R,1645779185755856024
a9VMp883EXZGulLPVfBPx1UpqOMHtRgR,1645779185855858241
YClNIuOWPvkJh3iCjsZer4RhQowIFbhl,1645779185955854329
lT73LVYkRG16KhI1XqdOu43IsyY7ZGrK,1645779186055854324
jwN4RtmqAnwUSDV038OvCQB3Ok8x0zFh,1645779186155832041
vcjLUV9eG46iFZgGf5BpTKsr41m2y1ju,1645779186255853147
bSD5vKhBOnsdMYtzb2p2NhtPgfSfg9XI,1645779186355858364
akLV43fRqV2B3u8dwxfHdXfJC7wrET7o,1645779186455855952
BSKGTxfIShRTbZ4WVil8FQPPVKEinLWz,1645779186555836280
moDFlsXDXyf7Wjb1RM7glU4EoIwceTZO,1645779186655854793
Fmd1c9C75rEbbpa0AhfvCj7014adV91k,1645779186755853511
vdjVmwdplrPKfzLph0ktjrritSMMbN5V,1645779186855861654
yo0iibYSTxm8w5xb5fSmUKVMkpiJCnm9,1645779186955855778
alrGMPgnKTtFYoqcTHMwZrIJe0armNyK,1645779187055846921
8pYUFFIXg9mCybmRs9LRydkdeKSOfQgn,1645779187155829046
FCGSRW05fmIdN23FBOeA2OlehD0Mbg8q,1645779187255823263
sOJIuHLZ3dBPgEcpcHxcdiEItEdUslLj,1645779187355848147
7cz1rKYswjHaxsPY9N8k5N3xZeRQPk9U,1645779187455849456
M8VDQ36MnLwiDKEKhN5kk6hHi7h5roZE,1645779187555853192
u4PL5TfqncZ0ulJb8MJqQz886nDxck9W,1645779187655848187
oXpr0Vil5Fkz03Y7Nrxno3tur4qTozxa,1645779187755845570
UnRTI7ENMyKLzsSMjN7WR0OI4EjsCeSg,1645779187855852009
Ru9hzM2MKMfKE5ewSmQtmo9r3qhDVAtu,1645779187955855523
21a1NcLfx0x93c3WOTN8IVxJLfWonNhp,1645779188055848110
MHohrANm8KwCuxgGR3PhYKyszSgknNZA,1645779188155824105
eOrUWEGeXAqR8WiZY5E6PAwNcd7P0hXd,1645779188255845229
3P5ZbLD8W2YeWEB2JN7iX339gBWfq4Gt,1645779188355837372
TLQ2gb9Adhm8txACIHspLwwz7TcxVsow,1645779188455868015
DEysp70RmnXfkfp3xiqGenDjEqejiSfu,1645779188555853862
edkTjksTXP7G5wH0c7EEsRx6HZny1Sqd,1645779188655848801
4a7lKxEqNL6SGNQsSe7L52PLcDJbf9Fj,1645779188755829537
hKU1Hhre0v4GIU9l8E4EGTXsgoUKvj1c,1645779188855846550
3UbKBRx9M1QdWXOclSo1tLuY9Ms25te6,1645779188955842359
NEOWfLg1N4erb0TMQILIdDqlZincbQix,1645779189055870576
c7RHQ5Gn9tckr64IMOaxbQi96UlfsSaU,1645779189155841460
X2jx7zjFqLxiP00lOYjzwP82rsfhKGBr,1645779189255839936
GsmLsVaipYQEYO0wuhto60owsUdAknz0,1645779189355833949
flJVFuE4ScGyzEstvli0jUubyXjgKiey,1645779189455840073
SyThshjIIzEHE687po5ZJz8FVswnYal0,1645779189555840401
WFfMuOeAMsRYwYfmKjJdiRtBHnzqLkqs,1645779189655837952
xUEssr2EhSkeyOOI7hun6lzOYyErg2je,1645779189755835354
WwUNnUZSwK4siSBn95aGoXcMVoBAqvoL,1645779189855856404
pIgamF2hX7ZFXi2flbtZ8VtcJ5m7yYQl,1645779189955840362
q6LaMLFrQn7yV7dFgWopzgPIjBNfjoQX,1645779190055837115
uj5E2J6T6BPZG2oxWbkVF7lyI8dzw1Up,1645779190155812462
iX3kq7DuGcUXcIS6rAZ6HI4XRfULew8M,1645779190255833234
TC7IHICYte3TvTamd7tsQvPrbrAFnJaE,1645779190355900765
ThWkzhGsLHMGku1L1uBRpYGOPRcAkCPB,1645779190455822279
rvtoaAfwPzA8tBRs3dKt9YFXzrhh16ss,1645779190555839866
2mhcuKWHJfPCqr4uSMlbv06sqoYpuOgu,1645779190655847675
8LV2fzKyehAVYCNyX8YQ6eGuSokLBQFJ,1645779190755816466
liMQieOMLWpsgCoBIMZPzqJPc1knRy7A,1645779190855948553
gRYO3wjMQYC5l1E3LoQKcikCjUyBS3J7,1645779190955898622
SsTVmCpBl2GU3SVMEwhoeR1LtxWK0oPQ,1645779191055864302
gsvS5idokrGlKl8WfpLJEKd5H7NFvmfb,1645779191155814519
fY2iGfWzVminVqJBdcSpw5vBDGQ833ii,1645779191255813846
ZkQoNunseVf9KxKxZnlWqeh3u6Ax7sdh,1645779191355835896
c3VzvGqZlVj5Q110mmWdOBeIFoGNet4E,1645779191455832391
vXCqn2OWV5aw6bwtLQUjZ61pvFCZ7Em0,1645779191555834163
jyqW0C2VHcRMBLDUlhBLnB8gQKEVW0VF,1645779191655822250
yKjyWjRmKr8TCLyw09HlIPShheCBcgOa,1645779191755826633
05WUovG8mOcxhYtff8RyVrfAVpJ7VffT,1645779191855828332
k9yY4EfpbFmGndwQjNOCC1MhpdmIIPm2,1645779191955831567
YkYcwDRVSBmDmieV30hF01unee5u3rwb,1645779192055835283
ZVBWgb17klKXTw2UvkjvjdgOHlIIbDrA,1645779192155808593
g3eMceTMPmtrgwLbe5UNgAjwu0CVB4fr,1645779192255826624
7KBhyf3LPxC3rYfVb7qFGY9AYMfjQIaV,1645779192355818007
ajCWOFslA2p1aSU9XLPnrYvPsY6IpelP,1645779192455824187
NxukBkVLmILLinUG6r1xOxMGVQXK4IiQ,1645779192555824459
EcAPKdi6w1Repusvlut9rDQKevfgDL6P,1645779192655824213
xGoFuVLoUlQJfJDOB6Y0HwKvrxa2IgSD,1645779192755819300
vESnhmbCXzTCGgaRk6R22kvrhVu0AKD5,1645779192855835257
YesGQRSxQt7faf4KkWMkGGcvlUvvo7yK,1645779192955866047
joa9F04euBHUoLmYp9J3Ntz8Ls29zyTi,1645779193055821338
n2p02tcu2tOpD9N2Ge6dV3lqvlxtkPZV,1645779193155800555
RPTRG6MJxi8ArTD76HiZKUOFDL8vkiQ9,1645779193255823734
5uZLyvcvbi6RAHWGYFnqhB3sXAoFqCNv,1645779193355816155
4wE2prwOZ0pjHKxnZjdEue6Posde50X9,1645779193455821223
wmAjb67A4vsLFn8oWj0PN6oAzRm2RK9L,1645779193555830828
4J2fNAnR5fkKRq6vZ4KvA937Yp9y9JHD,1645779193655816119
aKswSgLXJ6piwteUxyP55SBcFIaPZraA,1645779193755807150
9R4b5P6MVv5SmhwhdJljjwJyEtLoiwws,1645779193855835256
LyTQNamrTpJGWDvAUgrBcA9p3TblNVdi,1645779193955825732
T78qfsh8iyME9IObyFmbPuOQNzCkUnSx,1645779194055819096
sYlXQRg8N2LXKh6HxtqKnElADvsfgKaZ,1645779194155797183
qL6GkmN8nid5PjMKcCdNQOVbHNGxfqWV,1645779194255819585
AbmuL708ndCCLYVvj8J7UojlCxgrmBLu,1645779194355816819
k7o5CnCzQOBjuefdmylEkSxwPem9n73X,1645779194455791592
CqcOdmN1AWl39QgvMR86r51FhlOUqQ10,1645779194555819475
EcOpOjqXDZaMxEGHeOMVTNkB67fwXfwl,1645779194655826469
FIadzO8CwgZrvp9ZDV2eqnpusTqP6k8L,1645779194755807296
0gwz259yjiqeVxBgQCLGxA8pbyEhgK2e,1645779194855817346
0zb22kzlRnQwkZdAlyOi6WXgSjN61Qi1,1645779194955873118
NJ2P31AUoYPY60gry2Y2W3iwl42mUkmp,1645779195055825501
1oE2pMXdtu9zunoqpMsJOZF7dFt5zfuy,1645779195155793569
R60GQVrJPyIJl57YPypnX4u8JmBGP3Er,1645779195255800360
9F5Xkvr8t7PdCX9cVzN03I6L2HbRIqIP,1645779195355808021
3MwlHnt8vHl5othHq5FtLLCNaomqc5Fd,1645779195455810422
PBOgzGosVYxHRdYHgl8z4JMc76Sh9hIY,1645779195555791398
seEru1hNZdeyGCFuvLtzeFbjJ3OTkg1b,1645779195655813188
LGQDH8bolFmzQztLKmJxzueIw3lgjnF2,1645779195755811497
1gGIop4X4qWSpPm79548zhOtkAYRvnSw,1645779195855800695
TiCHVGoX4I0tfm0or3uokHiSPGrK3JEV,1645779195955814504
zOmUcZ2gp2ZVmXHbYAPGR5ioJa8LtKqt,1645779196055809220
iaLI7NyxNVQ90hkZp8pEBW2V68qxQeo6,1645779196155786122
EAOMVKJtph0oOlNCrAQ2gRXkXLgyzS4C,1645779196255808486
aTY6lpxbWxNsgk2VsRYXs3FNNvLMOOWy,1645779196355802184
p22arz9LvWCZEE57fdcVert1nCM9as5P,1645779196455803678
v60k394yeGWsSbz8CbbqTSqEfCLF2Qdv,1645779196555808598
UbgYiiUMy0FObCWlo6cFYQRDamRcA4Yd,1645779196655804073
fCBNufkqezEDBjzxpZANzZZZL09U2h7h,1645779196755802234
rG2ltmZXjoltXioKHzfEYElsCuKEcPvR,1645779196855906653
fwDYik4QYnH3V5Nk21yZFjRQdjeD8Yfl,1645779196955845259
UqHAaLY76pAbvWLvXHUk0t8cclnkJSTl,1645779197055811271
Gltp4SwBF4kAa445LYoKSuu4fhny8EhO,1645779197155782173
zbD219DGCxPk1TqL1cfRWXUCEF8MTolR,1645779197255790259
NwTO4gcGbz0bSowSOZrv6L5KaBf2zOTM,1645779197355809031
KwiMaLaBKbmlNgBmF2fJOicwtHytfPDx,1645779197455856784
LwKvFu5XTpIpWTbjWE1swdopslgXAsSU,1645779197555817759
okN1dSY4GptmISTmgUca5POxA2SIuvmi,1645779197655777753
dAjGaGJq5CaLf46JWisc5GXFI0WDtItW,1645779197755783840
Qbl1r4puGQDtSJBy03Y5J6JZ6pmx5eTU,1645779197855803297
FCV4GKwVi9MARX7RYfUrjlPnY9kcnC60,1645779197955799365
Ob2dty6a6SkXyrwWVQMEAl2iukIgwOeJ,1645779198055798803
xhupf0PjQ9GMzCrSbDglwgRoRiSL67c4,1645779198155776556
oWtRWIBvPPHMc8oBJTuD7J0W1Sq8ZSCL,1645779198255794717
z3nVJwOgLg1vmn64G0HMKHsLiiRH9bb8,1645779198355790211
eMbvI0cbebXOObSdcizuxpFdWhtfIUnv,1645779198455771482
qMq6MQhy1CNQon3OT0IPpV2JAvyRPjMD,1645779198555799439
6AJSZzRYBmyxZzL3xdSn9S6JO3ilm2zs,1645779198655795192
DIJkHiIRUFO1Ek2ALSxUv1mJ4S4pV3fi,1645779198755803779
KySZei08xNAA7AKSdHvYGfrJ7t6cvlIF,1645779198855815846
kimMRnVMAdWFnqfQ5YwKBndJfjtaSAnA,1645779198955800637
qXXFK2cSd6fOxLp0rlK3XvKAcDi5LTFA,1645779199055794371
0mPJmzlP6Po1ib1ZKKcpFwxs8fxR8Ab9,1645779199155772069
xzSjyB72at3IS3qmNSacNXSTDPuJaUQV,1645779199255769063
TsCP2JScCTteWhPt7xWUUwvfMoxuGNNj,1645779199355787445
GZ6GtWq30hgWO3OW0sySou6Ag32wQPde,1645779199455793476
zjuqGltESXkpa8La0H1n97vpAylYLOBI,1645779199555818470
638Km0YDXG28NLgLch8mm4bw0LTLhecn,1645779199655787834
fk5SibfEshKD20WcgfOSh0NhJo00Scm5,1645779199755763957
LrX1RCFHrXUrW0UCdscKqxz9ly8BYuHt,1645779199855846469
jot8z6PqetgAsAKV0wopunwfl4pKw6Be,1645779199955788167
s2mr9Cgn3MvvWFRU9FJ30GhmKU4FaDtS,1645779200055785753
GfKNp08tM3oqIDKPSeRRs8DAaFPAQGae,1645779200155767599
us1jq7cCAP0QcJq3vHUnNfxxsL5IbfvV,1645779200255788315
YuFO2pZCCXdnqRqjiKW5xS0pn55Mi0sG,1645779200355790919
t5dvsA55hisW7gFpyksvCqixvlJemBsd,1645779200455791265
ETY7ddALK2rRi4Feo5Z0wHvp0FTmOKNd,1645779200555790944
nvkRXskrubGadVESZlQV0MK0Zmlx68Yr,1645779200655787012
2GIZ80O2beaD8ofhX5CXPUYyGJwKPUCR,1645779200755822172
lS0rTOu21SF9Fuqmy0KNUsMl9I5YkF0T,1645779200855764721
iyLBNDDOfTVuNLfLJzjnp3WwJaU3pSVX,1645779200955804048
RoimzuAeNfXiyC4F9l0ymXs55M6unZQE,1645779201055787449
N60M08zNlU6he8wnrwjdRbgWvmPiMpwh,1645779201155763980
vu4u01HlVLQ9RMwGHdrgEXD9IaqeNkLG,1645779201255783269
fNAdOQNtjn2B8wPPZH3loEt4ojiBR2Q4,1645779201355776745
Paio05fksit0cINAXPvKdmOQT5bv7zzW,1645779201455832405
ahIYkyGde7bGOxQvMKDx6cNahxTowSIW,1645779201555792972
8b3sXJTBR5Rp0qiK8wHCWfkDcDzYgH3m,1645779201655759151
q6eNN8YmByZBmIVuCm4iPpvz2uWg9ZSy,1645779201755766830
d7LyFslQoKZac4SooWWELPDMHj2PGVNr,1645779201855802324
aiqnYbBMvkuWmKIapnm8A0UShVrwyEnY,1645779201955785169
udLTCUn6Ega00sYpdLwoJQG0v5wtJiPB,1645779202055779070
LkcYEQcQ4CO44xsgIoUZCkX8pSz6APHT,1645779202155757952
7u1KIdkMn7Os4EYK20tFiQLXsIb2hqWn,1645779202255779279
iV7y7pIuwhkyvGIwGB9yaSTSk2TQtxDZ,1645779202355774958
QKYX7qQ2V80RPJLdSSa2u1Te4w2vtFUJ,1645779202455749840
X2pdrDfMLfliy6KPYuRQvu3xo5shLNzq,1645779202555778019
NmTEx8ZGmKziPH7v9ZM2RP0GSqvlDucZ,1645779202655777327
e3lbCKsyfpg44ozDLJDmiD092wuDoWmT,1645779202755787580
aY2kssgXhMZj8XwRq8CZLCgL8aZx5LOd,1645779202855828240
rONkH3FwNngUKatAi5h2INNOywJ3Gfg7,1645779202955771289
41rL25HNsxrCWlKEo2G4PcRLYkMoQ0wU,1645779203055775264
1ln1q4Pi0GsWzDimFxqcZHw50IsQHmsI,1645779203155752258
XfIMhh2hvtBt6sfJpTtMlpPj6H7N1zdZ,1645779203255749640
cvtJavzWmAPs049pX39GqZxuo4Fq1rNd,1645779203355779615
mGvN9urw2Gm3Kwqpx04lX1gL6vB5mYjX,1645779203455819904
