xn,1645778363336146838
ua,1645778363436109354
94,1645778363536093203
An,1645778363636165812
tP,1645778363736112790
wX,1645778363836097140
0Q,1645778363936120674
pM,1645778364036101819
vo,1645778364136092631
yU,1645778364236108998
tk,1645778364336107143
jj,1645778364436095362
dn,1645778364536089896
IB,1645778364636091485
NJ,1645778364736090796
HK,1645778364836100127
49,1645778364936090827
sC,1645778365036067213
B3,1645778365136060468
z4,1645778365236095501
Qv,1645778365336154090
aQ,1645778365436100624
KP,1645778365536089527
kF,1645778365636092042
Bg,1645778365736116094
j4,1645778365836094720
QR,1645778365936091605
n3,1645778366036070676
E3,1645778366136086431
Ca,1645778366236069593
KT,1645778366336112496
sN,1645778366436095233
bl,1645778366536082692
Zm,1645778366636084521
mY,1645778366736084702
rC,1645778366836096902
RR,1645778366936088249
al,1645778367036066986
oI,1645778367136070370
zz,1645778367236090643
yg,1645778367336103824
1M,1645778367436100838
7n,1645778367536092092
PM,1645778367636078643
oa,1645778367736084602
u9,1645778367836071986
1m,1645778367936099944
Wc,1645778368036071958
V3,1645778368136081268
PF,1645778368236088837
ZE,1645778368336089110
P0,1645778368436082845
dx,1645778368536075451
kR,1645778368636054761
Fj,1645778368736100293
OB,1645778368836057788
PN,1645778368936079375
XV,1645778369036060630
Av,1645778369136076013
pz,1645778369236066397
Vj,1645778369336094928
6W,1645778369436081960
Ta,1645778369536076436
9x,1645778369636069504
dW,1645778369736063073
CC,1645778369836052290
ia,1645778369936076136
AL,1645778370036060519
Xu,1645778370136073735
kl,1645778370236061581
b8,1645778370336085205
uz,1645778370436079884
VS,1645778370536072489
Ue,1645778370636074353
LJ,1645778370736083699
bq,1645778370836050175
0f,1645778370936072817
MT,1645778371036058144
FT,1645778371136076508
Oq,1645778371236058150
xZ,1645778371336049070
2f,1645778371436072656
9C,1645778371536070131
0e,1645778371636042106
5k,1645778371736092025
Ne,1645778371836076593
qI,1645778371936128660
dK,1645778372036063302
i5,1645778372136084092
y3,1645778372236081344
MX,1645778372336090226
tM,1645778372436076645
AD,1645778372536064490
oP,1645778372636040909
fC,1645778372736056513
Fc,1645778372836066655
jF,1645778372936080500
Is,1645778373036054604
PI,1645778373136069726
VU,1645778373236052608
1s,1645778373336067934
7r,1645778373436048093
8k,1645778373536065419
Bq,1645778373636038560
o7,1645778373736063608
tA,1645778373836090323
ek,1645778373936121260
Xo,1645778374036057864
wJ,1645778374136064931
Bb,1645778374236054756
TO,1645778374336089878
DD,1645778374436115555
dT,1645778374536075177
53,1645778374636048688
mY,1645778374736080199
Vl,1645778374836070802
Rc,1645778374936035461
cZ,1645778375036043435
No,1645778375136059648
O9,1645778375236067251
tF,1645778375336077484
JY,1645778375436088031
0q,1645778375536059578
Kw,1645778375636031755
9U,1645778375736054099
Vb,1645778375836064220
si,1645778375936055194
oW,1645778376036039426
Cr,1645778376136055936
Zw,1645778376236065353
Q4,1645778376336056511
fp,1645778376436062854
fH,1645778376536053883
O0,1645778376636030171
3k,1645778376736064551
9x,1645778376836066635
0S,1645778376936068330
T0,1645778377036042543
Hn,1645778377136051849
uO,1645778377236059321
FP,1645778377336055979
z8,1645778377436037858
5n,1645778377536054720
eF,1645778377636038896
fB,1645778377736074535
95,1645778377836031674
Do,1645778377936027368
us,1645778378036035341
6G,1645778378136027979
q9,1645778378236060322
1z,1645778378336062997
41,1645778378436108099
SX,1645778378536065126
zj,1645778378636040987
Jr,1645778378736049144
7Y,1645778378836051301
G7,1645778378936049773
eL,1645778379036030634
sI,1645778379136049791
bX,1645778379236040114
Rk,1645778379336052104
ad,1645778379436046835
XU,1645778379536048380
Td,1645778379636022056
jK,1645778379736044657
kk,1645778379836044128
Jp,1645778379936056544
jj,1645778380036026274
Kg,1645778380136022227
Sd,1645778380236051179
XY,1645778380336043817
Cn,1645778380436088084
dq,1645778380536055444
6V,1645778380636029360
7f,1645778380736066812
1W,1645778380836049358
Ob,1645778380936117514
7v,1645778381036033466
6b,1645778381136050085
Wn,1645778381236052593
tG,1645778381336075600
VC,1645778381436028163
3E,1645778381536042412
uO,1645778381636026438
sK,1645778381736041594
1P,1645778381836046861
sB,1645778381936060665
AT,1645778382036023209
0E,1645778382136039920
x5,1645778382236029816
uy,1645778382336039971
ZG,1645778382436059793
Zh,1645778382536038004
9d,1645778382636016604
Gf,1645778382736039667
O9,1645778382836037785
tt,1645778382936054681
Jx,1645778383036022281
5D,1645778383136036732
Jx,1645778383236046517
WK,1645778383336039894
MO,1645778383436040604
UU,1645778383536032463
qS,1645778383636013655
jn,1645778383736054235
Xb,1645778383836048483
j4,1645778383936076212
rG,1645778384036020293
l0,1645778384136034743
uz,1645778384236042879
dI,1645778384336046886
8W,1645778384436035744
CQ,1645778384536029565
RF,1645778384636009386
dk,1645778384736028226
D9,1645778384836036195
3X,1645778384936076127
WX,1645778385036024059
2K,1645778385136026917
xj,1645778385236042830
5S,1645778385336052929
Ko,1645778385436019361
W9,1645778385536032348
4G,1645778385636008224
7w,1645778385736035378
Fk,1645778385836029403
FO,1645778385936026168
EP,1645778386036010081
og,1645778386136026753
cP,1645778386236035610
Qp,1645778386336030542
XR,1645778386436051028
L1,1645778386536023330
wL,1645778386636026539
Lt,1645778386736051360
4O,1645778386836042865
LO,1645778386936103037
Cs,1645778387036014376
VG,1645778387136029492
6c,1645778387236034386
BL,1645778387336053576
MO,1645778387436023840
hY,1645778387536033790
lV,1645778387636025128
EN,1645778387736024337
td,1645778387836043212
DO,1645778387936031532
2W,1645778388036006666
Pz,1645778388136017893
ri,1645778388236032268
sv,1645778388336021884
6C,1645778388436018925
HG,1645778388536026430
2m,1645778388636022027
W8,1645778388736025365
Of,1645778388836016518
Ti,1645778388936019393
3B,1645778389036000360
Go,1645778389136018734
eT,1645778389236026887
CV,1645778389336021928
4N,1645778389436015099
t6,1645778389536021788
tI,1645778389636014922
3k,1645778389736037907
yw,1645778389836021263
f2,1645778389936016916
6w,1645778390035998197
I8,1645778390136015405
gn,1645778390236021612
G2,1645778390336029819
Sh,1645778390436036249
kW,1645778390536031253
sy,1645778390636021831
KV,1645778390736022575
PU,1645778390836012560
0R,1645778390936014471
ru,1645778391035993031
Yk,1645778391136012793
Ab,1645778391236023222
U7,1645778391336017003
V7,1645778391436092247
9b,1645778391536050028
1S,1645778391636006531
hf,1645778391736020590
Fx,1645778391836030890
hf,1645778391936024522
dP,1645778392036000192
BV,1645778392136018418
OU,1645778392236027568
yl,1645778392336020942
yz,1645778392436018204
Dq,1645778392536024040
rj,1645778392636015598
Yz,1645778392736025916
I1,1645778392836022289
6m,1645778392936021811
8G,1645778393036016295
L8,1645778393136019778
g3,1645778393236023892
nt,1645778393336021302
yV,1645778393436015489
Yb,1645778393536057362
ui,1645778393636025475
5G,1645778393736009552
C3,1645778393836024962
0A,1645778393936032871
0D,1645778394036042818
yr,1645778394136026894
uX,1645778394236000507
rA,1645778394336026491
Yv,1645778394436015048
we,1645778394536034828
9I,1645778394636019867
kp,1645778394736013350
LW,1645778394836015667
gJ,1645778394936012354
zD,1645778395035995634
vr,1645778395136011358
v0,1645778395236014267
85,1645778395336011990
16,1645778395436010640
D2,1645778395536012864
HC,1645778395636011606
rB,1645778395736028478
hi,1645778395836012090
LD,1645778395935992389
cG,1645778396035989927
pl,1645778396136008317
Ya,1645778396236013892
Zr,1645778396336021393
4F,1645778396436007653
83,1645778396535984988
S1,1645778396636011156
uL,1645778396736019305
z0,1645778396836029528
Q1,1645778396936014826
6e,1645778397035989771
3N,1645778397135982346
ou,1645778397236016846
YV,1645778397336007051
bs,1645778397436003588
iD,1645778397536008904
6X,1645778397636006942
wc,1645778397736001424
5V,1645778397836004165
T9,1645778397936005314
lb,1645778398036038055
AB,1645778398136011666
b5,1645778398236001574
Xa,1645778398335998593
5x,1645778398435999501
bC,1645778398535997297
Zc,1645778398636026390
ZN,1645778398735991872
V6,1645778398836006224
s4,1645778398936001817
wY,1645778399035976632
H2,1645778399135996317
4B,1645778399236002187
e7,1645778399336011001
h5,1645778399435997649
HS,1645778399536003408
eP,1645778399636000686
bF,1645778399736012223
U8,1645778399836001186
qa,1645778399936000759
4P,1645778400036007148
kd,1645778400136002166
2H,1645778400236003665
1X,1645778400336005109
Lt,1645778400435993701
bF,1645778400536022274
Qq,1645778400636006200
HU,1645778400736002718
1t,1645778400836004087
bg,1645778400935999346
wq,1645778401035974345
8b,1645778401135994918
Gk,1645778401235999732
ok,1645778401336001194
qc,1645778401435992415
Iu,1645778401536002303
20,1645778401635990987
Y2,1645778401736015264
IX,1645778401835998948
Zb,1645778401935997762
O8,1645778402035966705
ro,1645778402135986852
w6,1645778402235994369
Iv,1645778402336002849
0s,1645778402435988570
cu,1645778402535999031
ii,1645778402636005067
Vw,1645778402736005084
QI,1645778402835993008
fH,1645778402935991025
ux,1645778403035968579
9u,1645778403135985762
wf,1645778403235988075
wE,1645778403335983740
CT,1645778403435984072
pb,1645778403535993366
be,1645778403635988105
PV,1645778403735973529
li,1645778403835990583
Rl,1645778403936024544
Y3,1645778404035978727
fG,1645778404135958725
j9,1645778404235972926
DA,1645778404335967461
Ps,1645778404435965829
RH,1645778404536011178
nY,1645778404635975472
Cj,1645778404735997377
E8,1645778404835994597
vQ,1645778404935969391
cj,1645778405035975500
1D,1645778405135984442
NR,1645778405235986050
h8,1645778405335995214
78,1645778405435980470
rf,1645778405535984634
9V,1645778405635981261
ts,1645778405735989703
c4,1645778405835997922
21,1645778405935978734
uR,1645778406035954806
Ii,1645778406135974340
0U,1645778406235977336
PE,1645778406335975204
dL,1645778406435973219
cD,1645778406535981827
2e,1645778406635986601
OP,1645778406735985802
35,1645778406835989466
YA,1645778406935956074
DN,1645778407035972255
nK,1645778407135994493
se,1645778407235987637
BU,1645778407335984134
jB,1645778407435975408
Td,1645778407535984738
dm,1645778407635979697
Lb,1645778407735968156
Ej,1645778407835958375
np,1645778407935977316
4P,1645778408035949905
24,1645778408135972253
1R,1645778408235977841
T4,1645778408335985689
Wz,1645778408435971815
Ci,1645778408535947866
Nx,1645778408635952918
0D,1645778408735980895
cB,1645778408835976354
iL,1645778408935995591
N9,1645778409035952106
yy,1645778409135973397
vI,1645778409235977652
X8,1645778409335971518
1K,1645778409435966032
x3,1645778409535971194
hy,1645778409635970671
7h,1645778409735964074
PY,1645778409835967552
lt,1645778409935988102
Yw,1645778410035945320
Zt,1645778410135943464
ta,1645778410235971681
6T,1645778410335965843
lm,1645778410435964542
o6,1645778410535971963
wl,1645778410635966773
4p,1645778410735974768
1b,1645778410835967096
v0,1645778410935967462
tr,1645778411035997772
1Z,1645778411135983359
p6,1645778411235946150
GC,1645778411335975682
ez,1645778411435960714
5A,1645778411535963690
vd,1645778411635951963
1n,1645778411735974531
D8,1645778411835957378
Ew,1645778411935950928
s1,1645778412035933053
3o,1645778412135957769
m5,1645778412235954449
cl,1645778412335951961
fX,1645778412435955697
lY,1645778412535928821
Om,1645778412635950722
7B,1645778412735955476
qN,1645778412835964989
NU,1645778412935959150
LR,1645778413035966774
dG,1645778413135991175
4e,1645778413235969632
1F,1645778413335956848
kG,1645778413435956657
9d,1645778413535963095
HA,1645778413636010237
P1,1645778413735970916
G1,1645778413835961762
mv,1645778413935980459
XV,1645778414035940268
Rt,1645778414135934151
FX,1645778414235960237
55,1645778414335963915
sQ,1645778414435956779
XD,1645778414535956495
rA,1645778414635962192
St,1645778414735975630
pR,1645778414835958642
6Z,1645778414935955636
hG,1645778415035933685
Aw,1645778415135951252
Qa,1645778415235952597
vg,1645778415335948794
Zf,1645778415435949731
Z6,1645778415535950835
Az,1645778415635954328
0N,1645778415735953266
W3,1645778415835944314
SO,1645778415935943048
Ty,1645778416035935449
aJ,1645778416135957478
82,1645778416235963675
Cv,1645778416335930075
TJ,1645778416435953160
T9,1645778416535926930
Xd,1645778416635954738
3x,1645778416735986323
Bz,1645778416835952816
cl,1645778416935951790
c9,1645778417035923320
pl,1645778417135946090
8n,1645778417235948341
8c,1645778417335971926
qZ,1645778417435946474
zI,1645778417535945262
XZ,1645778417635990347
bd,1645778417735962580
Zl,1645778417835946628
Z2,1645778417935950102
40,1645778418035927335
9Z,1645778418135949345
bD,1645778418235946226
Xn,1645778418335941014
A7,1645778418435939098
Wm,1645778418535943016
GL,1645778418635942675
XN,1645778418735945926
7g,1645778418835943399
xx,1645778418935939928
Fw,1645778419035917698
Dk,1645778419135940207
Vo,1645778419235945791
N4,1645778419335937172
au,1645778419435934422
5c,1645778419535937358
uE,1645778419635969294
CW,1645778419735949489
Rh,1645778419835938999
JZ,1645778419935948676
mn,1645778420035919575
M0,1645778420135965584
6t,1645778420235949797
ND,1645778420335949807
XL,1645778420435939020
9k,1645778420535921067
FM,1645778420635967854
Ul,1645778420735942827
Bq,1645778420835937410
nl,1645778420935914809
ks,1645778421035912911
Nf,1645778421135939161
5X,1645778421235936985
9U,1645778421335936197
ES,1645778421435955021
4y,1645778421535938160
DQ,1645778421635934058
zJ,1645778421735932512
HM,1645778421835924206
Xn,1645778421935909382
fg,1645778422035910706
Xv,1645778422135935881
20,1645778422235935779
eB,1645778422335931991
qR,1645778422435926574
wY,1645778422535928564
II,1645778422635931054
DL,1645778422735934915
nM,1645778422835939275
p0,1645778422935906451
mr,1645778423035901682
yz,1645778423135932542
Fx,1645778423235930884
HX,1645778423335934670
Io,1645778423435930993
Iv,1645778423535928057
Sn,1645778423635927065
qU,1645778423735931925
lS,1645778423835922341
gZ,1645778423935916868
sa,1645778424035900209
88,1645778424135978606
qL,1645778424235917799
Te,1645778424335929900
gI,1645778424435925982
eQ,1645778424535933786
8c,1645778424635925831
ON,1645778424735920931
af,1645778424835921402
sq,1645778424935900966
TA,1645778425035896955
lv,1645778425135921611
ya,1645778425235922563
Nh,1645778425335921792
21,1645778425435917615
Hu,1645778425535919529
aP,1645778425635920185
2Q,1645778425735924526
iT,1645778425835917459
4O,1645778425935901448
kg,1645778426035893530
ps,1645778426135930333
JD,1645778426235904192
Fr,1645778426335928681
q8,1645778426435921651
hJ,1645778426535939510
GS,1645778426635925128
CC,1645778426735935542
0X,1645778426835924420
u3,1645778426935894594
XB,1645778427035898360
v7,1645778427135914107
aw,1645778427235914596
VI,1645778427335918713
Pa,1645778427435912479
f9,1645778427535914208
ES,1645778427635922900
1X,1645778427735912722
fF,1645778427835908154
MV,1645778427935889383
N3,1645778428035886353
mb,1645778428135904341
Uw,1645778428235913754
oU,1645778428335912149
Ri,1645778428435929285
Vy,1645778428535909680
rR,1645778428635915446
3R,1645778428735914971
NZ,1645778428835908421
hk,1645778428935892502
7K,1645778429035884934
uL,1645778429135906459
mt,1645778429235909076
rP,1645778429335894211
8D,1645778429435911106
sT,1645778429535906686
Fe,1645778429635912118
5h,1645778429735915827
Yt,1645778429835905611
B0,1645778429935889302
Zf,1645778430035881901
wQ,1645778430135908924
4y,1645778430235884689
pR,1645778430335907250
XU,1645778430435905589
Bc,1645778430535904020
p3,1645778430635890896
xb,1645778430735945328
xo,1645778430836010481
13,1645778430935876672
0t,1645778431035883307
XF,1645778431135902682
Wa,1645778431235905928
w2,1645778431335899193
R5,1645778431435905716
00,1645778431535902110
ix,1645778431635901911
Om,1645778431735907861
tB,1645778431835900403
BQ,1645778431935880297
fL,1645778432035873654
2S,1645778432135892048
Ox,1645778432235899663
4J,1645778432335922186
k3,1645778432435902950
Nk,1645778432535898788
us,1645778432635908089
zQ,1645778432735900372
St,1645778432835904580
Rt,1645778432935880289
wR,1645778433035878164
rf,1645778433135934446
MF,1645778433235916969
RF,1645778433335884491
Od,1645778433435877792
d1,1645778433535904463
yf,1645778433635899189
UM,1645778433735896305
dY,1645778433835888846
eN,1645778433935892961
b1,1645778434035871688
5T,1645778434135895933
t2,1645778434235897622
uJ,1645778434335895292
vJ,1645778434435892389
Cr,1645778434535894744
k3,1645778434635895156
W5,1645778434735890826
Gy,1645778434835896200
Kc,1645778434935902852
Zy,1645778435035868467
dX,1645778435135884582
b7,1645778435235900197
rC,1645778435335896015
dV,1645778435435886148
XC,1645778435535891818
Uc,1645778435635891803
gL,1645778435735898121
eY,1645778435835885995
eX,1645778435935886832
ro,1645778436035859965
Nb,1645778436135881487
pt,1645778436235917842
g3,1645778436335885900
pz,1645778436435888033
fM,1645778436535888666
vJ,1645778436635889724
tW,1645778436735884376
Oj,1645778436835888990
h2,1645778436935891585
CE,1645778437035860126
Eh,1645778437135880517
pu,1645778437235929001
0T,1645778437335893782
Sf,1645778437435885488
zJ,1645778437535894046
TM,1645778437635886864
tJ,1645778437735882200
DX,1645778437835880795
K1,1645778437935889113
U0,1645778438035857319
NP,1645778438135884229
JF,1645778438235883620
uh,1645778438335890993
yb,1645778438435882550
h8,1645778438535880368
nw,1645778438635885018
nc,1645778438735891854
oo,1645778438835896356
4H,1645778438935894469
R3,1645778439035855879
Ys,1645778439135875955
NP,1645778439235914438
9a,1645778439335883922
xU,1645778439435856294
ZR,1645778439535887740
Ux,1645778439635882705
pl,1645778439735922096
Aj,1645778439835883653
Q8,1645778439935881340
I8,1645778440035856990
E5,1645778440135886362
42,1645778440235872012
iq,1645778440335875439
qm,1645778440435874015
7H,1645778440535873405
ne,1645778440635878444
98,1645778440735873945
3J,1645778440835880002
iy,1645778440935878615
lG,1645778441035850876
OF,1645778441135866821
DD,1645778441235871156
0N,1645778441335879509
uO,1645778441435871547
TC,1645778441535867511
Wh,1645778441635873531
FY,1645778441735888309
hv,1645778441835867199
PX,1645778441935871163
hU,1645778442035844998
mS,1645778442135863573
8u,1645778442235849370
aA,1645778442335865389
BH,1645778442435868464
8w,1645778442535867964
XU,1645778442635869724
Bi,1645778442735870577
h9,1645778442835867522
3Z,1645778442935866819
XU,1645778443035852524
j4,1645778443135862172
Bz,1645778443235845469
ar,1645778443335865617
uz,1645778443435860617
Oa,1645778443535862007
S9,1645778443635863933
0a,1645778443735886081
3b,1645778443835870656
iE,1645778443935883415
qr,1645778444035889767
AN,1645778444135862175
LJ,1645778444235845693
31,1645778444335867915
S6,1645778444435864008
Yx,1645778444535862434
aI,1645778444635841508
zj,1645778444735878915
Ha,1645778444835861674
a9,1645778444935865137
Xx,1645778445035836711
jz,1645778445135854914
6i,1645778445235837321
a9,1645778445335858506
JG,1645778445435856672
L7,1645778445535855709
7T,1645778445635860079
SR,1645778445735870152
mV,1645778445835861189
QC,1645778445935863522
by,1645778446035838373
99,1645778446135835058
E9,1645778446235868371
qV,1645778446335867889
hR,1645778446435864018
dE,1645778446535859424
OK,1645778446635858960
ES,1645778446735860367
2m,1645778446835838755
bJ,1645778446935857143
2w,1645778447035842624
Q8,1645778447135850808
Ps,1645778447235836899
X9,1645778447335859268
Nv,1645778447435853156
Lw,1645778447535851747
tS,1645778447635854246
38,1645778447735859856
Zu,1645778447835832651
bG,1645778447935869057
LC,1645778448035822556
Vh,1645778448135841258
Xh,1645778448235825627
9Z,1645778448335848977
Ti,1645778448435846753
tT,1645778448535848974
cH,1645778448635827454
bz,1645778448735846785
A6,1645778448835843506
8V,1645778448935854134
1R,1645778449035829299
St,1645778449135842315
rV,1645778449235826369
1R,1645778449335838904
Na,1645778449435843772
hi,1645778449535850214
nA,1645778449635847175
NI,1645778449735857025
rU,1645778449835846356
rK,1645778449935849577
Ci,1645778450035819834
mo,1645778450135816035
yN,1645778450235825588
l8,1645778450335869808
St,1645778450435847602
bT,1645778450535955247
I3,1645778450635844616
MA,1645778450735853132
XL,1645778450835846870
bu,1645778450935847127
uG,1645778451035828310
bf,1645778451135837770
Rw,1645778451235841971
xI,1645778451335842524
Rm,1645778451435839095
bd,1645778451535838444
TN,1645778451635840071
QR,1645778451735815105
iB,1645778451835836936
XA,1645778451935850692
38,1645778452035815282
cJ,1645778452135828612
Ay,1645778452235857701
Th,1645778452335841106
I2,1645778452435836362
ZC,1645778452535822729
J8,1645778452635816004
rk,1645778452735864297
5o,1645778452835865608
0W,1645778452935826513
YZ,1645778453035840750
71,1645778453135838950
uV,1645778453235829669
Sb,1645778453335841832
hx,1645778453435833995
li,1645778453535833195
6L,1645778453635811210
1G,1645778453735887966
KV,1645778453835836777
va,1645778453935846829
VS,1645778454035806289
mo,1645778454135804470
bd,1645778454235824595
We,1645778454335833277
PX,1645778454435825699
8x,1645778454535832231
4D,1645778454635824728
xz,1645778454735830631
jN,1645778454835830201
aQ,1645778454935804901
LJ,1645778455035801675
6R,1645778455135834800
f7,1645778455235822296
fx,1645778455335826606
aa,1645778455435829213
X6,1645778455535829820
0H,1645778455635823408
ub,1645778455735870607
uP,1645778455835808788
DH,1645778455935824154
uJ,1645778456035798650
Cy,1645778456135822423
X9,1645778456235914640
vG,1645778456335841543
VV,1645778456435821798
eq,1645778456535827330
nk,1645778456635799826
FQ,1645778456735832747
ru,1645778456835875260
NQ,1645778456935838867
Ss,1645778457035802418
WS,1645778457135802802
9O,1645778457235817297
21,1645778457335833273
lF,1645778457435822194
Gf,1645778457535840670
XS,1645778457635819591
c4,1645778457735818271
aX,1645778457835811525
K5,1645778457935818576
1y,1645778458035791311
to,1645778458135809398
g6,1645778458235816226
EV,1645778458335813813
0Z,1645778458435812271
vQ,1645778458535813784
PP,1645778458635812167
sY,1645778458735828902
os,1645778458835851508
XZ,1645778458935822688
6n,1645778459035792960
Dd,1645778459135829047
Dp,1645778459235810189
hl,1645778459335867127
Mz,1645778459435828159
qN,1645778459535819486
vh,1645778459635846054
9b,1645778459735871715
nN,1645778459835796247
6l,1645778459935811055
u0,1645778460035786235
BJ,1645778460135812488
P2,1645778460235805796
pB,1645778460335814568
uM,1645778460435811951
jy,1645778460535812000
7w,1645778460635787290
bJ,1645778460735809580
jG,1645778460835807944
45,1645778460935808030
Fv,1645778461035783487
RA,1645778461135809073
aa,1645778461235804585
lO,1645778461335791875
wq,1645778461435807998
7o,1645778461535808936
qJ,1645778461635804448
8D,1645778461735821163
Jv,1645778461835810490
PB,1645778461935810206
G8,1645778462035779717
AN,1645778462135780951
2l,1645778462235780667
gl,1645778462335817493
2l,1645778462435802375
oF,1645778462535807034
eF,1645778462635802972
QC,1645778462735859594
o9,1645778462835802550
Yi,1645778462935818006
xg,1645778463035779388
Wl,1645778463135813474
xc,1645778463235800411
zG,1645778463335837848
